Join_Count,TARGET_FID,TransectID,rate_1315,rate_1325,rate_1520,rate_2025,stat_1315,stat_1325,stat_1520,stat_2025,OBJECTID_1,Transect_1,epoch,rate_m_yr,status,pointid,popdens_ra,Shape_Leng,NEAR_FID,dist_to_bu,n_veg,n_water,n_urban_di,n_popdens,elev_m,n_elev,CVI,CVI_class
1,0,0.00000000000,-5.42711650431,-1.38181651449,0.36921944681,-1.94047739894,retreating,retreating,stable,retreating,0,0,2013-2025,-2.24758030800,retreating,41240,22.51340000000,199.99997516300,40602,7.42436717622,0.87597413619,0.90651987634,0.22860189205,0.88397158240,6.26950600000,0.36571666404,3.78893107799,High
1,1,1.00000000000,-3.29425443614,-0.90399357908,0.15935822955,-0.96353622437,retreating,retreating,stable,retreating,0,1,2013-2025,-2.42636720900,retreating,41658,8.25819000000,200.00001776800,40537,1.52543370079,0.82034199470,0.93107893467,0.84150613208,0.32188062645,5.53072000000,0.27578180474,3.72419614680,High
1,2,2.00000000000,-6.93757609039,-1.34290496252,-2.25607092414,-0.55338213801,retreating,retreating,retreating,retreating,0,2,2013-2025,-2.02799921900,retreating,41239,20.42400000000,199.99999652300,40537,0.00000000000,0.87144372795,0.87635712535,1.00000000000,0.80158538422,7.93502900000,0.56846627848,4.34807942116,Very High
1,3,3.00000000000,-5.68747670667,-0.71752820293,-1.80403895210,0.08792396754,retreating,retreating,retreating,stable,0,3,2013-2025,-1.98200178200,retreating,41657,7.37091000000,199.99996722000,44073,0.00000000000,0.79863213646,0.87003868853,1.00000000000,0.28689467448,7.85892200000,0.55920152206,3.90051441952,High
1,4,4.00000000000,-8.70797050977,-1.09946636067,-1.63602055289,0.12597444452,retreating,retreating,retreating,stable,0,4,2013-2025,-2.19652209200,retreating,41238,6.97529000000,199.99999099700,40770,0.00000000000,0.84310057039,0.89950626573,1.00000000000,0.27129514037,8.57036400000,0.64580770594,4.01983532365,High
1,5,5.00000000000,-11.52608252650,-0.87096955643,1.37959534731,-0.96002849561,retreating,retreating,advancing,retreating,0,5,2013-2025,-2.33043418400,retreating,42064,0.41659300000,199.99993463400,44073,0.00000000000,0.81649706185,0.91790109701,1.00000000000,0.01268201289,6.82404600000,0.43322264936,3.70040479443,High
1,6,6.00000000000,-11.54507431760,-0.90247836967,1.98468741968,-1.74824899256,retreating,retreating,advancing,retreating,0,6,2013-2025,-2.07365240700,retreating,41237,3.82989000000,199.99995008300,40601,1.89750103120,0.82016558135,0.88262827442,0.80284801781,0.14727024609,6.99525600000,0.45406460800,3.64475025931,High
1,7,7.00000000000,-11.66927514640,-0.96331191748,1.84702825020,-1.93898585547,retreating,retreating,advancing,retreating,0,7,2013-2025,-2.00998319200,retreating,42063,0.84580300000,200.00003919900,40635,1.98404208350,0.82724833165,0.87388235424,0.79385632836,0.02960600751,6.70872300000,0.41918399976,3.53869030402,High
1,8,8.00000000000,-6.73452317244,-0.86154712481,1.86333922377,-2.43351531776,retreating,retreating,advancing,retreating,0,8,2013-2025,-1.66159634400,retreating,41654,3.33841000000,199.99994372800,40685,0.51436783878,0.81540002357,0.82602620328,0.94655674104,0.12789090716,6.48597400000,0.39206802847,3.63831351870,High
1,9,9.00000000000,-9.05249393669,-0.21991284957,3.69867130393,-1.51286731840,retreating,stable,advancing,retreating,0,9,2013-2025,-1.73883290800,retreating,42062,0.89414700000,200.00006860100,44073,1.51436811380,0.74069559618,0.83663580203,0.84265585605,0.03151223707,6.13241300000,0.34902788046,3.39641922277,Moderate
1,10,10.00000000000,-6.28159394034,-0.33601711727,2.13973863747,-1.07458402215,retreating,stable,advancing,retreating,0,10,2013-2025,-1.53501474800,retreating,41653,2.22262000000,199.99998799000,44073,2.33934736460,0.75421342584,0.80863832541,0.75693980537,0.08389468042,6.03021700000,0.33658722392,3.35857633803,Moderate
1,11,11.00000000000,-5.32096638895,-0.85648492301,1.19905157628,-2.05486172687,retreating,retreating,advancing,retreating,0,11,2013-2025,-1.59494274100,retreating,42061,0.51500500000,200.00004776900,40768,1.18440947710,0.81481063971,0.81687033272,0.87693884098,0.01656245401,6.91971000000,0.44486814397,3.53846621104,High
1,12,12.00000000000,-5.03282435056,-0.55954653451,1.63668651664,-1.56126367929,retreating,retreating,advancing,retreating,0,12,2013-2025,-1.64167707300,retreating,42061,0.51500500000,199.99998591400,40536,1.30473892080,0.78023858965,0.82328999310,0.86443650873,0.01656245401,6.64767000000,0.41175181647,3.47441080037,High
1,13,13.00000000000,-4.89280675859,-0.84618352097,1.60212043713,-2.10784459330,retreating,retreating,advancing,retreating,0,13,2013-2025,-1.26601161000,retreating,42061,0.51500500000,199.99998826000,40579,1.67576651750,0.81361126435,0.77168671586,0.82588642368,0.01656245401,7.13498000000,0.47107367190,3.47964055302,High
1,14,14.00000000000,-3.54473582993,-1.18366359037,1.25318438627,-2.46342358311,retreating,retreating,advancing,retreating,0,14,2013-2025,-1.62036558100,retreating,42061,0.51500500000,199.99999827300,40734,6.25267750470,0.85290351589,0.82036254052,0.35034145237,0.01656245401,6.33904500000,0.37418187613,3.18626712537,Moderate
1,15,15.00000000000,-7.68594752898,-1.48951717447,1.01171195946,-2.93899544266,retreating,retreating,advancing,retreating,0,15,2013-2025,-2.12596630400,retreating,42061,0.51500500000,199.99996991800,40734,1.88793920450,0.88851354757,0.88981437162,0.80384149979,0.01656245401,7.72922700000,0.54341332145,3.69759601894,High
1,16,16.00000000000,-2.80196172792,-2.60501473134,1.00251239088,-4.51604043527,retreating,retreating,advancing,retreating,0,16,2013-2025,-2.37528074000,retreating,42061,0.51500500000,199.99996308600,40734,2.88732628660,1.00000000000,0.92406144309,0.70000432607,0.01656245401,7.47232500000,0.51213979268,3.77000151269,High
1,17,17.00000000000,-4.83003327506,-1.76379442047,1.41226061979,-3.11886490320,retreating,retreating,advancing,retreating,0,17,2013-2025,-2.29957462700,retreating,42061,0.51500500000,199.99999343500,40729,1.44046207584,0.92044719794,0.91366207471,0.85033475669,0.01656245401,8.92343400000,0.68878808289,3.87470788206,High
1,18,18.00000000000,-5.43224566146,-0.77301172883,1.10810803517,-0.70049787154,retreating,retreating,advancing,retreating,0,18,2013-2025,-2.34367658100,retreating,42061,0.51500500000,200.00003679800,40729,3.44492826670,0.80509199248,0.91972013855,0.64206900280,0.01656245401,8.17522200000,0.59770576550,3.54631443875,High
1,19,19.00000000000,-5.21007924023,-0.44419281832,0.59011697336,-0.55956338720,retreating,stable,advancing,retreating,0,19,2013-2025,-2.22684227500,retreating,41234,2.21365000000,199.99992600400,40729,3.77702851150,0.76680814547,0.90367119693,0.60756350295,0.08354098737,8.48473300000,0.63538356155,3.53180340085,High
1,20,20.00000000000,-4.32654833245,-0.96774748480,0.87216920342,-1.23652264628,retreating,retreating,advancing,retreating,0,20,2013-2025,-2.23076818500,retreating,41234,2.21365000000,199.99999895700,40729,3.87353447210,0.82776475748,0.90421047947,0.59753645100,0.08354098737,8.11315300000,0.59014990117,3.57084156774,High
1,21,21.00000000000,-3.13966001104,-1.24581821141,1.41406112186,-2.34298416289,retreating,retreating,advancing,retreating,0,21,2013-2025,-1.59840239500,retreating,41234,2.21365000000,199.99999254900,40729,0.00000000000,0.86014007658,0.81734556801,1.00000000000,0.08354098737,6.82349200000,0.43315520911,3.71501142082,High
1,22,22.00000000000,-3.07109568423,-1.05914121873,1.29411879202,-2.27658424179,retreating,retreating,advancing,retreating,0,22,2013-2025,-1.80728808100,retreating,41234,2.21365000000,199.99993578100,40729,2.52288900000,0.83840558018,0.84603914522,0.73786967226,0.08354098737,7.02397000000,0.45756005804,3.54993119722,High
1,23,23.00000000000,-3.32473220372,-0.50397760976,1.48256275630,-1.36937603892,retreating,retreating,advancing,retreating,0,23,2013-2025,-2.35397943100,retreating,41234,2.21365000000,200.00007747200,44073,0.00000000000,0.77376879079,0.92113538930,1.00000000000,0.08354098737,9.37135500000,0.74331498528,3.88654680452,High
1,24,24.00000000000,-2.93515722477,-0.78894090772,1.00668239561,-1.44084088763,retreating,retreating,advancing,retreating,0,24,2013-2025,-2.52077371900,retreating,41234,2.21365000000,200.00003814800,40763,0.00000000000,0.80694660068,0.94404708264,1.00000000000,0.08354098737,9.59227800000,0.77020867157,3.96163954940,High
1,25,25.00000000000,-2.28456918530,-0.52088082179,0.83054496297,-1.08958794550,retreating,retreating,advancing,retreating,0,25,2013-2025,-2.86508193200,retreating,41234,2.21365000000,199.99996812400,40682,0.00000000000,0.77573680407,0.99134297199,1.00000000000,0.08354098737,10.53284000000,0.88470638962,4.03340002822,High
1,26,26.00000000000,-3.98337782448,-0.91600424895,0.94374568197,-1.16397523909,retreating,retreating,advancing,retreating,0,26,2013-2025,-2.48223317400,retreating,41234,2.21365000000,200.00001583400,40728,1.37488220568,0.82174037731,0.93875296160,0.85714856136,0.08354098737,8.57417700000,0.64627187502,3.80324308451,High
1,27,27.00000000000,-3.48898222919,-1.22410497709,0.53365550830,-1.01940295128,retreating,retreating,advancing,retreating,0,27,2013-2025,-2.67298655700,retreating,41234,2.21365000000,199.99998037500,40728,0.75137164116,0.85761204029,0.96495579545,0.92193184300,0.08354098737,9.07083100000,0.70673120642,3.94853100257,High
1,28,28.00000000000,-2.16307141514,-1.26493270112,-0.11659396733,-1.56025636861,retreating,retreating,stable,retreating,0,28,2013-2025,-2.77344124400,retreating,41234,2.21365000000,200.00001041200,40728,0.00000000000,0.86236554530,0.97875475110,1.00000000000,0.08354098737,13.58761000000,1.00000000000,4.19496440876,High
1,29,29.00000000000,-3.74666843544,-0.99640721265,-0.41230100801,-0.88338698043,retreating,retreating,stable,retreating,0,29,2013-2025,-3.17871536100,retreating,41234,2.21365000000,199.99996747500,40728,0.00000000000,0.83110156264,1.00000000000,1.00000000000,0.08354098737,11.80525000000,1.00000000000,4.17581873095,High
1,30,30.00000000000,-3.67340858108,-1.27032067205,-0.01971135028,-1.74624795469,retreating,retreating,stable,retreating,0,30,2013-2025,-2.32701853300,retreating,41234,2.21365000000,200.00003776800,44073,0.00000000000,0.86299285793,0.91743190619,1.00000000000,0.08354098737,10.63860000000,0.89758090365,4.08213503480,High
1,31,31.00000000000,-3.98561036301,-1.50955205152,0.19309755849,-2.14219418378,retreating,retreating,stable,retreating,0,31,2013-2025,-2.27133157000,retreating,41234,2.21365000000,199.99997660600,44073,0.00000000000,0.89084617548,0.90978246787,1.00000000000,0.08354098737,11.63964000000,1.00000000000,4.17022991792,High
1,32,32.00000000000,-3.52944081079,-1.29164560357,0.39745236385,-2.17190405469,retreating,retreating,stable,retreating,0,32,2013-2025,-2.21197299700,retreating,41234,2.21365000000,200.00005319800,40847,0.21604700000,0.86547568477,0.90162867892,0.97755253167,0.08354098737,9.38935900000,0.74550667165,3.96514803790,High
1,33,33.00000000000,-2.82638069764,-1.75453006088,0.39942594361,-2.80133073722,retreating,retreating,stable,retreating,0,33,2013-2025,-2.45609795500,retreating,41234,2.21365000000,199.99993920400,40847,0.00000000000,0.91936856373,0.93516289788,1.00000000000,0.08354098737,10.76261000000,0.91267705044,4.17335115571,High
1,34,34.00000000000,-3.15758996153,-1.09493141640,0.76949546229,-1.83068530326,retreating,retreating,advancing,retreating,0,34,2013-2025,-2.29818195000,retreating,41234,2.21365000000,199.99995848800,44073,0.00000000000,0.84257257426,0.91347076967,1.00000000000,0.08354098737,12.21966000000,1.00000000000,4.11591938899,High
1,35,35.00000000000,-2.64894279129,-0.48345286514,0.64470220966,-1.21755013444,retreating,stable,advancing,retreating,0,35,2013-2025,-2.13194570300,retreating,41652,2.93589000000,199.99994909500,44073,0.00000000000,0.77137912840,0.89063573162,1.00000000000,0.11201931811,10.79677000000,0.91683546003,3.98125594700,High
1,36,36.00000000000,-2.09627102674,-0.72294282706,0.67684705382,-1.27918841941,retreating,retreating,advancing,retreating,0,36,2013-2025,-2.15680952100,retreating,41652,2.93589000000,200.00005128500,40888,0.00000000000,0.79926255228,0.89405114937,1.00000000000,0.11201931811,11.18631000000,0.96425545052,4.04579232080,High
1,37,37.00000000000,-3.16676964164,-0.74405873234,1.77498816142,-2.03828820439,retreating,retreating,advancing,retreating,0,37,2013-2025,-2.18638373800,retreating,41652,2.93589000000,200.00002909800,40888,0.95308120964,0.80172104253,0.89811361098,0.90097404609,0.11201931811,10.78982000000,0.91598941359,3.95587374575,High
1,38,38.00000000000,-1.96518287284,-1.04421697699,1.31877143525,-2.44746137072,retreating,retreating,advancing,retreating,0,38,2013-2025,-2.80876425600,retreating,41652,2.93589000000,200.00004164700,40888,0.80129538385,0.83666797517,0.98360689579,0.91674472338,0.11201931811,8.67489100000,0.65853212280,3.92637957377,High
1,39,39.00000000000,-2.31219092397,-0.86270611999,1.77631764625,-2.16322502093,retreating,retreating,advancing,retreating,0,39,2013-2025,-2.24189960000,retreating,41652,2.93589000000,200.00000131100,40888,1.04134584544,0.81553496348,0.90573954602,0.89180327483,0.11201931811,8.77366900000,0.67055669491,3.82529860081,High
1,40,40.00000000000,-2.43584392008,-1.01648799492,1.80060790747,-2.14398237073,retreating,retreating,advancing,retreating,0,40,2013-2025,-2.61045244500,retreating,41652,2.93589000000,200.00002443400,40888,0.11812163641,0.83343953522,0.95636579867,0.98772706082,0.11201931811,9.31625500000,0.73660748034,3.99449600165,High
1,41,41.00000000000,-0.58281618416,-1.08752909304,1.13822441713,-1.83949172777,retreating,retreating,advancing,retreating,0,41,2013-2025,-2.50928421500,retreating,41652,2.93589000000,199.99997817000,40888,0.00278224549,0.84171073388,0.94246882720,0.99971092231,0.11201931811,9.20798100000,0.72342692879,3.99276699719,High
1,42,42.00000000000,-2.63559624693,-0.66816869334,0.98975524811,-1.31377008359,retreating,retreating,advancing,retreating,0,42,2013-2025,-2.73959351700,retreating,41652,2.93589000000,199.99995871000,40888,1.51881546629,0.79288528963,0.97410525890,0.84219377232,0.11201931811,9.43217200000,0.75071843952,3.87081892993,High
1,43,43.00000000000,-2.78631165745,-0.65504865320,0.90511495889,-1.29864767488,retreating,retreating,advancing,retreating,0,43,2013-2025,-2.66091695200,retreating,41652,2.93589000000,200.00009430100,40888,0.09194610742,0.79135774485,0.96329785445,0.99044672070,0.11201931811,9.96720500000,0.81584977331,3.99970566304,High
1,44,44.00000000000,-4.52263146899,-0.78926841899,-1.68114625465,2.52288909269,retreating,retreating,retreating,advancing,0,44,2013-2025,-2.14617899300,retreating,41652,2.93589000000,199.99998947500,40846,1.33729308952,0.80698473228,0.89259088715,0.86105410272,0.11201931811,9.23320600000,0.72649765134,3.81660260246,High
1,45,45.00000000000,-3.83400974115,-1.21202865530,1.27996629428,1.37488220568,retreating,retreating,advancing,advancing,0,45,2013-2025,-1.89308485100,retreating,42060,0.14780300000,200.00002253600,40846,0.00000000000,0.85620601393,0.85782461645,1.00000000000,0.00208347142,8.96948500000,0.69439402319,3.84608925504,High
1,46,46.00000000000,-3.06506311842,-1.34806359699,0.91296746466,0.75137164116,retreating,retreating,advancing,advancing,0,46,2013-2025,-1.87466356800,retreating,41651,2.11904000000,199.99998643400,40846,1.72970402896,0.87204433931,0.85529417736,0.82028227005,0.07981046249,8.05944300000,0.58361160552,3.72696283596,High
1,47,47.00000000000,-2.30013045600,-0.99220929557,0.35994899856,0.21604703185,retreating,retreating,stable,stable,0,47,2013-2025,-2.42722038600,retreating,42059,0.15281400000,199.99995371000,40845,1.82781984900,0.83061280603,0.93119613131,0.81008795232,0.00228105827,10.36352000000,0.86409450692,3.85081358214,High
1,48,48.00000000000,-2.97398542253,-1.45441486885,0.73289377309,-1.71578181730,retreating,retreating,advancing,retreating,0,48,2013-2025,-2.05157540300,retreating,42058,0.11027500000,199.99996149500,44073,1.11751581811,0.88442664364,0.87959566730,0.88388914944,0.00060372141,9.35192300000,0.74094946376,3.84614885356,High
1,49,49.00000000000,-3.49907865609,-1.50972893270,0.79760137474,-1.09506256705,retreating,retreating,advancing,retreating,0,49,2013-2025,-2.73558090800,retreating,42058,0.11027500000,199.99993815900,40886,0.00000000000,0.89086676946,0.97355406696,1.00000000000,0.00060372141,7.68828500000,0.53842931659,3.89112053309,High
1,50,50.00000000000,-3.81689692272,-1.66007245717,-1.73169574646,2.07124234516,retreating,retreating,retreating,advancing,0,50,2013-2025,-2.43652355700,retreating,42058,0.11027500000,199.99997785600,40886,6.03118781875,0.90837101969,0.93247406117,0.37335442043,0.00060372141,8.98150400000,0.69585713574,3.54537028332,High
1,51,51.00000000000,-4.78003655265,-1.37716643903,1.08050386183,-1.14782027267,retreating,retreating,advancing,retreating,0,51,2013-2025,-2.32680202300,retreating,42058,0.11027500000,199.99997098500,40886,5.09804021541,0.87543273552,0.91740216530,0.47030925558,0.00060372141,7.92871900000,0.56769814134,3.48239650493,High
1,52,52.00000000000,-5.54217889193,-0.94121033740,1.67059590509,-1.98503418146,retreating,retreating,advancing,retreating,0,52,2013-2025,-2.92810402300,retreating,42058,0.11027500000,200.00001229300,40886,3.75550614024,0.82467508089,1.00000000000,0.60979969576,0.00060372141,6.55955800000,0.40102565176,3.48705306099,High
1,53,53.00000000000,-3.15245520073,-1.33940097607,1.34029125383,-2.06357750146,retreating,retreating,advancing,retreating,0,53,2013-2025,-3.02534986300,retreating,41650,3.24574000000,199.99991473400,40886,0.00000000000,0.87103576454,1.00000000000,1.00000000000,0.12423687805,6.04161100000,0.33797425316,3.85379818878,High
1,54,54.00000000000,-4.66853789673,-2.00343632715,2.23973763325,-2.00149015360,retreating,retreating,advancing,retreating,0,54,2013-2025,-2.86594832900,retreating,41650,3.24574000000,199.99995756000,40886,2.12178289297,0.94834831250,0.99146198460,0.77954494029,0.12423687805,7.97049000000,0.57278306310,3.92951865311,High
1,55,55.00000000000,-3.91329553790,-2.08415989076,0.31725977091,0.23834861013,retreating,retreating,stable,stable,0,55,2013-2025,-2.65098289300,retreating,41650,3.24574000000,200.00000817800,40725,1.31787750292,0.95774682475,0.96193326268,0.86307139880,0.12423687805,9.17521500000,0.71943821542,4.06039455223,High
1,56,56.00000000000,-5.06084884099,-1.57882619633,0.38187001818,-1.55750291426,retreating,retreating,stable,retreating,0,56,2013-2025,-2.70571554000,retreating,41650,3.24574000000,200.00003647900,40809,0.00000000000,0.89891165066,0.96945161141,1.00000000000,0.12423687805,8.99418000000,0.69740022708,4.07665994730,High
1,57,57.00000000000,-3.45446936940,-0.67787767386,0.85901730272,-0.95308120964,retreating,retreating,advancing,retreating,0,57,2013-2025,-2.71093969600,retreating,41650,3.24574000000,199.99998388200,40809,0.00000000000,0.79401569033,0.97016922747,1.00000000000,0.12423687805,7.64870700000,0.53361135596,3.85417040549,High
1,58,58.00000000000,-4.56029294385,-0.31043455772,1.28237574521,-0.80129538385,retreating,stable,advancing,retreating,0,58,2013-2025,-2.77738519500,retreating,41649,3.91597000000,200.00000120500,40941,0.00000000000,0.75123489034,0.97929651183,1.00000000000,0.15066443213,5.98665700000,0.33128452128,3.70759408118,High
1,59,59.00000000000,-6.23769961014,-0.76566381100,1.47366398755,-1.04134584544,retreating,retreating,advancing,retreating,0,59,2013-2025,-3.08046427000,retreating,41648,1.72847000000,200.00007425500,40939,1.76483524545,0.80423648644,1.00000000000,0.81663210657,0.06441006463,5.31403000000,0.24940341552,3.55579214459,High
1,60,60.00000000000,-7.11017220461,-0.63162619729,0.65010958950,0.11812163641,retreating,retreating,advancing,stable,0,60,2013-2025,-2.88990939000,retreating,41648,1.72847000000,200.00005638900,40939,0.00000000000,0.78863070669,0.99475339516,1.00000000000,0.06441006463,6.54717600000,0.39951835002,3.74752078080,High
1,61,61.00000000000,-4.47802057464,-0.60724883791,0.77288631618,0.00278224549,retreating,retreating,advancing,stable,0,61,2013-2025,-2.42819941700,retreating,41648,1.72847000000,200.00002781500,40939,3.69314000000,0.78579249068,0.93133061588,0.61627959114,0.06441006463,8.41564800000,0.62697361638,3.56577722315,High
1,62,62.00000000000,-5.16068344051,-0.14153434166,-0.28505010452,1.51881546629,retreating,stable,stable,advancing,0,62,2013-2025,-3.05172838900,retreating,41232,2.65575000000,200.00006252200,40939,0.00000000000,0.73157011492,1.00000000000,1.00000000000,0.10097324243,7.80909400000,0.55313579508,3.80111171865,High
1,63,63.00000000000,-5.85610795393,-0.77339391946,0.71114944227,-0.09194610742,retreating,retreating,advancing,stable,0,63,2013-2025,-2.60286980300,retreating,41232,2.65575000000,200.00001820000,40885,0.00000000000,0.80513649030,0.95532420923,1.00000000000,0.10097324243,7.83666000000,0.55649149529,3.85269470333,High
1,64,64.00000000000,-4.83868392115,-0.85586295134,-0.81668565289,1.33729308952,retreating,retreating,retreating,advancing,0,64,2013-2025,-2.61801585700,retreating,41232,2.65575000000,200.00005023900,40885,5.06301400000,0.81473822457,0.95740474657,0.47394850936,0.10097324243,9.59951700000,0.77108989895,3.63693325240,High
1,65,65.00000000000,-5.13833409924,-0.37662111414,-1.75043889159,2.80057109708,retreating,stable,retreating,advancing,0,65,2013-2025,-3.00044876600,retreating,41232,2.65575000000,199.99991719500,40885,0.00000000000,0.75894088267,1.00000000000,1.00000000000,0.10097324243,8.52973000000,0.64086119494,3.88631817219,High
1,66,66.00000000000,-2.34588078297,-1.25490381323,-0.05653131678,-1.72970402896,retreating,retreating,stable,retreating,0,66,2013-2025,-2.77149144200,retreating,40824,1.81904000000,199.99994914400,40885,0.52296400000,0.86119789832,0.97848691660,0.94566359253,0.06798128991,7.90256000000,0.56451371989,3.88452613010,High
1,67,67.00000000000,-3.43496109382,-1.16171167118,0.14424928924,-1.82781984900,retreating,retreating,stable,retreating,0,67,2013-2025,-2.43814215100,retreating,40824,1.81904000000,199.99999352000,40885,1.30672700000,0.85034768991,0.93269639929,0.86422994560,0.06798128991,8.52918000000,0.64079424163,3.82308587551,High
1,68,68.00000000000,-2.51134699489,-0.57405593768,0.70726752475,-1.11751581811,retreating,retreating,advancing,retreating,0,68,2013-2025,-2.91299782900,retreating,40824,1.81904000000,200.00000993200,40885,0.00000000000,0.78192789569,0.99792493803,1.00000000000,0.06798128991,6.41382100000,0.38328460552,3.73492843364,High
1,69,69.00000000000,-1.89152320801,-1.93027237328,0.78238289468,-3.69314031608,retreating,retreating,advancing,retreating,0,69,2013-2025,-3.16013698200,retreating,40824,1.81904000000,200.00006828600,40885,0.00000000000,0.93982995322,1.00000000000,1.00000000000,0.06798128991,5.62223500000,0.28692222788,3.86677825820,High
1,70,70.00000000000,-5.11141900692,-2.42156492250,1.42827008330,-6.03118781875,retreating,retreating,advancing,retreating,0,70,2013-2025,-3.57930035200,retreating,40824,1.81904000000,200.00008718000,40808,0.00000000000,0.99703033978,1.00000000000,1.00000000000,0.06798128991,5.68068800000,0.29403790459,3.93911612423,High
1,71,71.00000000000,-4.14693870801,-1.86399731886,1.66729883856,-5.09804021541,retreating,retreating,advancing,retreating,0,71,2013-2025,-3.89819035600,retreating,40824,1.81904000000,199.99995305900,40844,0.29310260537,0.93211365722,1.00000000000,0.96954638829,0.06798128991,5.23290300000,0.23952755792,3.80845060802,High
1,72,72.00000000000,-4.63019406437,-1.43957490435,1.53413961559,-3.75550614024,retreating,retreating,advancing,retreating,0,72,2013-2025,-3.24471948100,retreating,40824,1.81904000000,200.00000917000,40884,1.22857494715,0.88269885089,1.00000000000,0.87235001082,0.06798128991,5.76851000000,0.30472876664,3.72267417704,High
1,73,73.00000000000,-4.15258551083,-2.39736773985,0.80788246120,-5.06301403821,retreating,retreating,advancing,retreating,0,73,2013-2025,-2.92425242300,retreating,40824,1.81904000000,199.99998612600,40884,0.58669659823,0.99421310145,0.99947092506,0.93904172099,0.06798128991,5.76392600000,0.30417074118,3.89994196915,High
1,74,74.00000000000,-3.16913532245,-1.05381889320,0.56116573193,-2.12178289297,retreating,retreating,advancing,retreating,0,74,2013-2025,-2.93963229000,retreating,41647,1.11617000000,200.00000427000,40884,0.00000000000,0.83778591054,1.00000000000,1.00000000000,0.04026673235,6.08118700000,0.34279197033,3.76002179374,High
1,75,75.00000000000,-2.35981541184,-0.79546895158,0.26145057381,-1.31787750292,retreating,retreating,stable,retreating,0,75,2013-2025,-3.81437256800,retreating,41647,1.11617000000,199.99997522300,40884,1.30672692349,0.80770665013,1.00000000000,0.86422995355,0.04026673235,8.34962300000,0.61893617511,3.79759036512,High
1,76,76.00000000000,-2.37308850519,-1.71289792378,-1.37615521603,-1.76483524545,retreating,retreating,retreating,retreating,0,76,2013-2025,-3.35051098200,retreating,41647,1.11617000000,199.99997084100,40795,1.27093676703,0.91452140222,1.00000000000,0.86794858146,0.04026673235,8.92578000000,0.68907366922,3.96931108356,High
1,77,77.00000000000,-5.14634605883,-3.20021116767,-9.13760745302,10.19889235770,retreating,retreating,retreating,advancing,0,77,2013-2025,-3.45121111000,retreating,41647,1.11617000000,199.99994774900,40843,0.09583061531,1.00000000000,1.00000000000,0.99004311700,0.04026673235,7.60740700000,0.52858377059,4.05776095991,High
1,78,78.00000000000,-5.49598245564,-1.69874162266,-0.60908647446,-1.85292573474,retreating,retreating,retreating,retreating,0,78,2013-2025,-3.33840705000,retreating,41647,1.11617000000,199.99998160600,40843,0.56725445765,0.91287320727,1.00000000000,0.94106177605,0.04026673235,7.57152400000,0.52421561451,3.91815187107,High
1,79,79.00000000000,-4.29419501869,-0.91101544607,1.19031103448,-3.93812098391,retreating,retreating,advancing,retreating,0,79,2013-2025,-3.21331922200,retreating,41647,1.11617000000,200.00007382600,44073,0.97545785280,0.82115953917,1.00000000000,0.89864909370,0.04026673235,7.71206000000,0.54132352585,3.79043672883,High
1,80,80.00000000000,-3.92274465601,-0.94980763392,1.25874043430,-5.19839149568,retreating,retreating,advancing,retreating,0,80,2013-2025,-3.02461152500,retreating,41647,1.11617000000,200.00003607300,44073,0.24888991150,0.82567605004,1.00000000000,0.97414012504,0.04026673235,7.25631000000,0.48584357344,3.81385730663,High
1,81,81.00000000000,-3.40043500165,-3.18281420313,0.97228397591,-5.65006328974,retreating,retreating,advancing,retreating,0,81,2013-2025,-2.36753034700,retreating,42446,0.16077900000,199.99996913700,41190,0.42403917566,1.00000000000,0.92299681054,0.95594196650,0.00259512266,7.54915000000,0.52149195361,3.93924768176,High
1,82,82.00000000000,-2.88347683840,-2.62869148526,1.26755688738,-5.12194671394,retreating,retreating,advancing,retreating,0,82,2013-2025,-2.55842533600,retreating,41646,2.51458000000,200.00007657300,41274,0.43347779834,1.00000000000,0.94921909610,0.95496128552,0.09540682847,8.39460900000,0.62441246943,4.08573403085,High
1,83,83.00000000000,-4.29268438102,-2.23964184313,0.93270126609,-4.61644026431,retreating,retreating,advancing,retreating,0,83,2013-2025,-3.48620723000,retreating,41645,2.53261000000,200.00009709200,44073,0.00000000000,0.97584933372,1.00000000000,1.00000000000,0.09611775874,7.66432000000,0.53551197801,4.07792796987,High
1,84,84.00000000000,-4.60214222677,-2.51270786911,1.55890817240,-4.37062173791,retreating,retreating,advancing,retreating,0,84,2013-2025,-3.09241381400,retreating,42444,0.08038800000,200.00004561000,44073,0.00000000000,1.00000000000,1.00000000000,1.00000000000,0.00000000000,6.60099600000,0.40607003633,3.96364202180,High
1,85,85.00000000000,-4.46509128088,-0.84521016443,1.06407372923,-1.34658320205,retreating,retreating,advancing,retreating,0,85,2013-2025,-2.42560531000,retreating,41644,1.38016000000,199.99996203800,44073,0.00000000000,0.81349793804,0.93097427643,1.00000000000,0.05067600449,6.67652200000,0.41526406571,3.72300880371,High
1,86,86.00000000000,-3.43897669913,-1.15164703965,3.28154681996,-3.17427991272,retreating,retreating,advancing,retreating,0,86,2013-2025,-1.68048009100,retreating,42054,0.72349900000,199.99996687900,44073,0.00000000000,0.84917588135,0.82862016873,1.00000000000,0.02478349071,6.58014100000,0.40353128832,3.65381798890,High
1,87,87.00000000000,-1.77188473496,-1.46427909907,1.32790745123,-3.23222692851,retreating,retreating,advancing,retreating,0,87,2013-2025,-1.70766003000,retreating,41643,5.20650000000,200.00002371700,40807,0.00000000000,0.88557511980,0.83235374040,1.00000000000,0.20155075894,6.46577600000,0.38960925923,3.81215514352,High
1,88,88.00000000000,-5.11502174060,-0.86679896238,0.77152817412,-1.05125009009,retreating,retreating,advancing,retreating,0,88,2013-2025,-2.46942945800,retreating,42443,0.60325200000,200.00004808100,40883,0.12223683530,0.81601148642,0.93699417946,0.98729948813,0.02004208320,7.45436000000,0.50995285391,3.75846270223,High
1,89,89.00000000000,-2.03275084375,-0.65842139281,0.75374942427,-1.04468399870,retreating,retreating,advancing,retreating,0,89,2013-2025,-2.57059790400,retreating,41642,7.86655000000,199.99998867200,41049,0.00000000000,0.79175042740,0.95089118060,1.00000000000,0.30643803229,6.63190400000,0.40983256923,3.88471791562,High
1,90,90.00000000000,-1.29918061336,-1.25414205538,0.27093649062,-2.87195087648,retreating,retreating,stable,retreating,0,90,2013-2025,-2.84906196700,retreating,42442,0.71835900000,199.99997583500,41049,0.89479603079,0.86110920810,0.98914238989,0.90702992608,0.02458081734,6.64831000000,0.41182972579,3.74608413004,High
1,91,91.00000000000,-1.62795075812,-0.04697706429,1.09375412831,-0.37934648252,retreating,stable,advancing,stable,0,91,2013-2025,-2.63117689100,retreating,41641,8.04249000000,199.99998163000,41049,0.63306987406,0.72056096604,0.95921261169,0.93422349792,0.31337544750,6.57833400000,0.40331131624,3.76315234215,High
1,92,92.00000000000,-2.73273974831,-0.70446878207,1.85524509707,-2.46352786417,retreating,retreating,advancing,retreating,0,92,2013-2025,-2.75710621000,retreating,42441,0.70062200000,200.00001831400,41049,1.12067643923,0.79711164949,0.97651088955,0.88356075820,0.02388143852,5.25867500000,0.24266486859,3.54125673393,High
1,93,93.00000000000,-1.08027580255,-0.43322869203,0.98759456728,-1.04873821079,retreating,stable,advancing,retreating,0,93,2013-2025,-2.39499932400,retreating,42050,7.12363000000,199.99999841800,41048,1.00121598233,0.76553161021,0.92677008591,0.89597280198,0.27714427939,5.85316400000,0.31503397759,3.68547719106,High
1,94,94.00000000000,-1.26611991128,-0.51331660299,1.51941978253,-1.57513026443,retreating,retreating,advancing,retreating,0,94,2013-2025,-2.10156111400,retreating,42439,0.97796300000,200.00000061000,41049,0.00000000000,0.77485611447,0.88646195328,1.00000000000,0.03481714906,7.03308300000,0.45866941362,3.65444874604,High
1,95,95.00000000000,-2.46725360373,-0.99607463399,1.59302399820,-3.01129727814,retreating,retreating,advancing,retreating,0,95,2013-2025,-2.07656540800,retreating,41639,20.30670000000,199.99996149000,40989,0.08615300000,0.83106284105,0.88302841873,0.99104862952,0.79696017753,5.82095200000,0.31111270447,4.14205254824,High
1,96,96.00000000000,-2.70109603653,-1.43519547462,0.93787783407,-3.27667071397,retreating,retreating,advancing,retreating,0,96,2013-2025,-2.06639124300,retreating,42438,1.26625000000,199.99998853200,41049,0.89479600000,0.88218896106,0.88163084480,0.90702992928,0.04618447032,6.05242600000,0.33929079883,3.65095135276,High
1,97,97.00000000000,-0.81103045021,-0.12798603052,1.68711882230,-0.97085736769,retreating,stable,advancing,retreating,0,97,2013-2025,-2.55890830800,retreating,41638,24.28510000000,200.00004891700,40931,0.00000000000,0.72999270725,0.94928543953,1.00000000000,0.95383078739,6.50015100000,0.39379384149,4.24046518555,Very High
1,98,98.00000000000,-2.48337861962,-0.89450210108,0.35978640779,-1.19602131893,retreating,retreating,stable,retreating,0,98,2013-2025,-2.19293320200,retreating,42437,1.27784000000,200.00000037600,40931,0.00000000000,0.81923691746,0.89901327794,1.00000000000,0.04664147073,6.61975500000,0.40835363135,3.69578159694,High
1,99,99.00000000000,-3.17905714163,0.36717946883,1.72348428408,-4.75252884656,retreating,stable,advancing,retreating,0,99,2013-2025,-2.78767835500,retreating,41637,26.60830000000,199.99998502500,40931,0.00000000000,0.67234139946,0.98071043151,1.00000000000,1.00000000000,6.72771700000,0.42149620210,4.24658785340,Very High
1,100,100.00000000000,-12.33618323240,-1.48244536797,-5.73752088044,0.13571894918,retreating,retreating,retreating,stable,0,100,2013-2025,-2.17187656800,retreating,42436,1.72522000000,199.99996223000,40931,0.00000000000,0.88769018872,0.89612083392,1.00000000000,0.06428191518,6.43969900000,0.38643481991,3.77362662768,High
1,101,101.00000000000,4.44530609305,-1.33270843527,1.63072428380,-4.22288453385,advancing,retreating,advancing,retreating,0,101,2013-2025,-3.23513049700,retreating,41636,26.45790000000,199.99994271600,40931,0.00000000000,0.87025656298,1.00000000000,1.00000000000,1.00000000000,6.67013400000,0.41448643337,4.49429716997,Very High
1,102,102.00000000000,0.00000000000,0.83668665356,-0.43204416555,5.99433707161,,advancing,stable,advancing,0,102,2013-2025,-3.03803819500,retreating,42435,1.28183000000,200.00004498000,40931,0.00000000000,0.61767744719,1.00000000000,1.00000000000,0.04679879612,6.01385800000,0.33459578883,3.49761681682,High
1,103,103.00000000000,-0.84113346634,-3.19975844732,-5.92414794979,-1.63692057983,retreating,retreating,retreating,retreating,0,103,2013-2025,0.31105680800,stable,40015,5.21732000000,199.99997510400,44073,0.00000000000,1.00000000000,0.55505275074,1.00000000000,0.20197739420,5.34657800000,0.25336559104,3.63115882080,High
1,104,104.00000000000,0.79397244169,-0.26290709986,-2.41481856213,0.23199010754,advancing,stable,retreating,stable,0,104,2013-2025,0.26503978400,stable,39598,13.57600000000,199.99997235100,39502,0.19211440296,0.74570134630,0.56137387813,0.98003914900,0.53156488614,7.46277500000,0.51097723965,3.69902948618,High
1,105,105.00000000000,-2.67466700018,-1.35046804973,-0.54577414388,-2.50060206826,retreating,retreating,retreating,retreating,0,105,2013-2025,0.48447888200,stable,40014,3.80340000000,199.99997193300,39481,0.38709257388,0.87232428580,0.53123063173,0.95978075006,0.14622573146,4.36324400000,0.13366109619,3.32189300222,Moderate
1,106,106.00000000000,-4.64369636166,-1.50355708818,-1.39084107953,-1.92419412852,retreating,retreating,retreating,retreating,0,106,2013-2025,0.75344631500,advancing,39597,7.34068000000,199.99991873200,39500,0.00000000000,0.89014819172,0.49428392680,1.00000000000,0.28570268669,5.02552000000,0.21428214054,3.48226479720,High
1,107,107.00000000000,0.66298899380,-0.88865597011,0.90748176451,-2.24410955116,advancing,retreating,advancing,retreating,0,107,2013-2025,0.72557200700,advancing,40013,6.62824000000,199.99996803700,44073,0.00000000000,0.81855626201,0.49811288044,1.00000000000,0.25761077381,4.82998600000,0.19047914106,3.36694071100,Moderate
1,108,108.00000000000,0.80823713818,-0.78558129544,0.74205723982,-1.60853137816,advancing,retreating,advancing,retreating,0,108,2013-2025,-0.04597131200,stable,39596,9.81820000000,199.99998672300,44073,0.84491314292,0.80655544652,0.60409590981,0.91221280085,0.38339270176,3.72105600000,0.05548543041,3.38758550472,Moderate
1,109,109.00000000000,1.53614662302,-0.45444332950,1.33050207416,-1.07038492622,advancing,stable,advancing,retreating,0,109,2013-2025,0.30467244400,stable,40012,10.00390000000,200.00000393800,39614,0.44000814197,0.76800159569,0.55592973874,0.95428277722,0.39071493666,4.57311900000,0.15920987296,3.39658654602,Moderate
1,110,110.00000000000,2.38969052284,-0.46935128326,0.81854314815,-0.59578577226,advancing,stable,advancing,retreating,0,110,2013-2025,0.34807353000,stable,39595,5.30073000000,200.00006008500,44073,0.17928108624,0.76973730432,0.54996794961,0.98137254160,0.20526630807,5.09140500000,0.22230253915,3.32375609058,Moderate
1,111,111.00000000000,1.67004428334,-0.57712611034,0.52646952123,-0.50759565754,advancing,retreating,advancing,retreating,0,111,2013-2025,0.25503944500,stable,40011,6.00730000000,199.99998406000,44073,0.10930715448,0.78228535086,0.56274757445,0.98864289304,0.23312675003,5.39427700000,0.25917214781,3.39556165178,Moderate
1,112,112.00000000000,1.86274430989,-0.55894007746,0.49085585792,-0.94220988474,advancing,retreating,stable,retreating,0,112,2013-2025,0.05043067800,stable,40010,4.04885000000,199.99996859800,44073,0.41834582997,0.78016798085,0.59085365278,0.95653350999,0.15590396463,5.28818800000,0.24625758353,3.33483753493,Moderate
1,113,113.00000000000,-0.29428698513,-0.34167332226,0.35547383799,-0.68709086903,stable,stable,stable,retreating,0,113,2013-2025,-0.17594237700,stable,39593,2.35339000000,199.99998312300,44073,0.00000000000,0.75487196852,0.62194938201,1.00000000000,0.08905101426,5.13931100000,0.22813429472,3.30438988377,Moderate
1,114,114.00000000000,1.96680868798,-0.46866395758,0.14906629167,-0.34809163783,advancing,stable,stable,stable,0,114,2013-2025,-0.09695134200,stable,40009,3.38327000000,199.99996467700,39641,0.00000000000,0.76965728012,0.61109878040,1.00000000000,0.12965976726,5.52239800000,0.27476874020,3.36835601254,Moderate
1,115,115.00000000000,2.77753327996,-0.18234194066,-0.12852591507,0.26374476127,advancing,stable,stable,stable,0,115,2013-2025,-0.13053542400,stable,39592,3.09431000000,200.00000784000,44073,0.00000000000,0.73632127681,0.61571205701,1.00000000000,0.11826591174,6.02630600000,0.33611112498,3.36166506283,Moderate
1,116,116.00000000000,-0.10319938605,-0.02329638061,0.21500793512,0.26736077627,stable,stable,stable,stable,0,116,2013-2025,-0.18548011300,stable,40428,1.06756000000,199.99996115000,39640,0.85271900000,0.71780386284,0.62325953289,0.91140176562,0.03835000895,6.39512100000,0.38100819277,3.25839332210,Moderate
1,117,117.00000000000,2.45442053217,-1.00673961129,0.25245141064,-1.18051011685,advancing,retreating,stable,retreating,0,117,2013-2025,-0.04022803900,stable,40007,6.18642000000,199.99994480200,39691,0.23145900000,0.83230454688,0.60330698525,0.97595121168,0.24018955550,4.21922400000,0.11612906603,3.39990650955,Moderate
1,118,118.00000000000,-0.72516322841,-0.49450897301,0.30321780299,-0.24001634893,retreating,stable,stable,stable,0,118,2013-2025,-0.32227310200,stable,40427,1.40022000000,199.99997746300,39691,0.84491300000,0.77266637292,0.64205009852,0.91221281570,0.05146698410,4.38017100000,0.13572167580,3.20195083686,Moderate
1,119,119.00000000000,-0.92571122178,-0.53624089730,-0.48938432783,0.00370913729,retreating,retreating,stable,stable,0,119,2013-2025,-0.30705178100,stable,40006,3.63626000000,200.00007299400,39690,0.00000000000,0.77752515249,0.63995922212,1.00000000000,0.13963530641,5.56257700000,0.27965986255,3.41196819616,High
1,120,120.00000000000,-0.59893425550,-0.70131064829,-0.86951193950,-0.03438475330,retreating,retreating,retreating,stable,0,120,2013-2025,-0.42568926000,stable,40426,1.40846000000,200.00006234900,44073,0.33847400000,0.79674395315,0.65625585656,0.96483226153,0.05179189135,5.43696200000,0.26436833381,3.35586820656,Moderate
1,121,121.00000000000,-3.69237408389,-0.69160102742,-0.59180556271,-0.44416051332,retreating,retreating,retreating,stable,0,121,2013-2025,-0.27875978500,stable,40005,2.48824000000,200.00004293300,39810,0.00000000000,0.79561347790,0.63607289278,1.00000000000,0.09436822705,4.77232600000,0.18345999886,3.34168839127,Moderate
1,122,122.00000000000,-2.45009614078,-0.62911729246,0.33767603410,-0.61417079575,retreating,retreating,stable,retreating,0,122,2013-2025,-0.38377972700,stable,40425,1.10924000000,200.00007526000,39810,0.00000000000,0.78833859901,0.65049895457,1.00000000000,0.03999347878,5.58441400000,0.28231815266,3.36763350138,Moderate
1,123,123.00000000000,-2.59140279048,-0.67482670683,0.89458220674,-1.16202774841,retreating,retreating,advancing,retreating,0,123,2013-2025,-0.25586956900,stable,40004,2.16240000000,199.99999593300,39810,0.45588802800,0.79366047123,0.63292857881,0.95263284346,0.08152017162,5.16286700000,0.23100184438,3.32427040964,Moderate
1,124,124.00000000000,-4.13936520750,-0.39751535384,0.63532318412,-0.73439487194,retreating,stable,advancing,retreating,0,124,2013-2025,-0.08371166900,stable,40424,1.02642000000,199.99996957700,39810,0.33847385566,0.76137356476,0.60928011304,0.96483227652,0.03672783703,5.83123900000,0.31236497494,3.29240250033,Moderate
1,125,125.00000000000,-2.27635928930,-0.70533891080,0.70016733587,-1.41008929203,retreating,retreating,advancing,retreating,0,125,2013-2025,-0.06073307700,stable,40423,0.64311000000,200.00001161100,39799,0.12227480701,0.79721295715,0.60612365930,0.98729554283,0.02161370605,5.56991400000,0.28055301978,3.31827863053,Moderate
1,126,126.00000000000,-2.18716054797,-0.72940726897,0.42770661124,-1.33583707792,retreating,retreating,stable,retreating,0,126,2013-2025,0.08612232400,stable,40423,0.64311000000,200.00000390700,39864,0.08679423177,0.80001519666,0.58595087069,0.99098200499,0.02161370605,5.39810600000,0.25963826462,3.29442436639,Moderate
1,127,127.00000000000,-8.26822749394,-0.53667703005,-0.03802236139,-0.63741557617,retreating,retreating,stable,retreating,0,127,2013-2025,-0.42710112600,stable,40423,0.64311000000,199.99996344500,39809,0.00000000000,0.77757593072,0.65644979750,1.00000000000,0.02161370605,4.80230600000,0.18710956326,3.29026074349,Moderate
1,128,128.00000000000,-4.98439992205,-1.98921738383,0.86772384247,-3.28752216736,retreating,retreating,advancing,retreating,0,128,2013-2025,-0.18036403800,stable,40423,0.64311000000,199.99994977300,44073,0.00000000000,0.94669282422,0.62255676337,1.00000000000,0.02161370605,5.59423800000,0.28351406062,3.52054346617,High
1,129,129.00000000000,-4.34845174632,-5.87079032997,0.56451132460,-5.05335618342,retreating,retreating,advancing,retreating,0,129,2013-2025,0.07870062000,stable,40423,0.64311000000,199.99995857600,44073,0.09932236470,1.00000000000,0.58697035288,0.98968032125,0.02161370605,5.81745400000,0.31068688137,3.56301686734,High
1,130,130.00000000000,-1.11997837301,-5.13196515097,0.58045517037,-7.91911787128,retreating,retreating,advancing,retreating,0,130,2013-2025,-0.28986477300,stable,40423,0.64311000000,199.99995951800,39852,0.41470085307,1.00000000000,0.63759832919,0.95691222621,0.02161370605,5.68918300000,0.29507202899,3.57439943114,High
1,131,131.00000000000,-4.12234406467,-0.61657225911,0.99975292426,-1.31287231024,retreating,retreating,advancing,retreating,0,131,2013-2025,0.16964953900,stable,40423,0.64311000000,199.99995276600,39827,0.00000000000,0.78687800133,0.57447715682,1.00000000000,0.02161370605,5.96991700000,0.32924670581,3.31693574848,Moderate
1,132,132.00000000000,-1.78539280212,-0.44365231898,1.15931752128,-1.31076351129,retreating,stable,advancing,retreating,0,132,2013-2025,0.15231145400,stable,40423,0.64311000000,199.99997670200,39873,0.02050656429,0.76674521602,0.57685880245,0.99786935041,0.02161370605,5.09002400000,0.22213442546,3.22928592281,Moderate
1,133,133.00000000000,-2.15329654477,-0.65747459647,0.75995457750,-1.07164491730,retreating,retreating,advancing,retreating,0,133,2013-2025,0.21201165800,stable,40423,0.64311000000,200.00000513600,39943,0.00000000000,0.79164019345,0.56865808537,1.00000000000,0.02161370605,5.22409400000,0.23845520927,3.26318164845,Moderate
1,134,134.00000000000,-2.29091020187,-0.65910245124,0.43661401609,-1.04580792863,retreating,retreating,stable,retreating,0,134,2013-2025,0.44571331300,stable,40423,0.64311000000,200.00002353200,39872,0.08679400000,0.79182972192,0.53655566318,0.99098202907,0.02161370605,5.42146500000,0.26248183283,3.24440388236,Moderate
1,135,135.00000000000,-4.85800639036,-0.68232608389,0.34225425998,-1.41590600825,retreating,retreating,stable,retreating,0,135,2013-2025,-0.42839340500,stable,40423,0.64311000000,199.99996718500,39942,0.00000000000,0.79453361142,0.65662731137,1.00000000000,0.02161370605,5.03833100000,0.21584166588,3.32783053189,Moderate
1,136,136.00000000000,-2.89970815308,-0.75806085289,0.66568335488,-1.57020030109,retreating,retreating,advancing,retreating,0,136,2013-2025,-0.26810716400,stable,38061,0.32155500000,199.99997776200,39942,0.00000000000,0.80335128649,0.63460959575,1.00000000000,0.00893461090,5.82034700000,0.31103905582,3.36810515621,Moderate
1,137,137.00000000000,-1.96813250100,-0.51068444677,0.54497020474,-1.16454786650,retreating,retreating,advancing,retreating,0,137,2013-2025,-0.40482371000,stable,38061,0.32155500000,200.00001311400,39942,0.00000000000,0.77454965683,0.65338966079,1.00000000000,0.00893461090,5.79245800000,0.30764403576,3.34775726016,Moderate
1,138,138.00000000000,-0.84645270168,-0.72434151698,0.96769562627,-1.94310445677,retreating,retreating,advancing,retreating,0,138,2013-2025,-0.38390494600,stable,38061,0.32155500000,200.00002686200,39942,0.00000000000,0.79942539945,0.65051615528,1.00000000000,0.00893461090,5.72602000000,0.29955631863,3.37006428393,Moderate
1,139,139.00000000000,-3.93848711630,-0.43810623797,0.86457634207,-1.00534299630,retreating,stable,advancing,retreating,0,139,2013-2025,-0.42863160800,stable,38060,0.16501500000,200.00002394800,39942,0.00000000000,0.76609949489,0.65666003212,1.00000000000,0.00276215045,5.51515700000,0.27388726936,3.31603005015,Moderate
1,140,140.00000000000,-4.40983691551,-0.37235944648,0.94714696128,-0.99611558208,retreating,stable,advancing,retreating,0,140,2013-2025,-0.79156746900,retreating,38060,0.16501500000,199.99997860900,39895,0.00000000000,0.75844470368,0.70651470790,1.00000000000,0.00276215045,5.07283100000,0.22004146480,3.31698984028,Moderate
1,141,141.00000000000,-7.82149927135,-0.29633927350,0.63787248444,-0.83690677512,retreating,stable,advancing,retreating,0,141,2013-2025,-0.87378135200,retreating,38060,0.16501500000,200.00003807900,44073,0.00000000000,0.74959379950,0.71780801595,1.00000000000,0.00276215045,5.06242700000,0.21877495152,3.31529666818,Moderate
1,142,142.00000000000,-9.25023246365,-0.34089388271,0.60865789444,-0.89076247989,retreating,stable,advancing,retreating,0,142,2013-2025,-0.69122064800,retreating,38060,0.16501500000,200.00004138000,44073,0.12310199973,0.75478121965,0.69273056926,0.98720959680,0.00276215045,5.43004100000,0.26352581763,3.31830691395,Moderate
1,143,143.00000000000,-2.49979022809,-0.35518774813,0.70447004743,-0.86967412061,retreating,stable,advancing,retreating,0,143,2013-2025,-0.47111225100,stable,38060,0.16501500000,200.00000597200,39941,0.00000000000,0.75644543098,0.66249538462,1.00000000000,0.00276215045,5.62881000000,0.28772262434,3.31780297671,Moderate
1,144,144.00000000000,-1.02701875829,-0.70790768068,0.51199438056,-1.43745094331,retreating,retreating,advancing,retreating,0,144,2013-2025,-0.48851578700,stable,38060,0.16501500000,200.00000206100,39964,0.32914252988,0.79751203482,0.66488602092,0.96580180926,0.00276215045,5.59943600000,0.28414683033,3.34330403002,Moderate
1,145,145.00000000000,-11.72776220190,-1.13728116011,0.20631097070,-1.88618182523,retreating,retreating,stable,retreating,0,145,2013-2025,-1.28887599100,retreating,38060,0.16501500000,200.00006237000,44073,0.00000000000,0.84750328553,0.77482748100,1.00000000000,0.00276215045,5.91420100000,0.32246421315,3.54248905883,High
1,146,146.00000000000,-3.77322905606,-0.68509201119,1.05683339567,-1.52836284786,retreating,retreating,advancing,retreating,0,146,2013-2025,-1.73554233200,retreating,38060,0.16501500000,199.99999662100,39963,0.00000000000,0.79485564380,0.83618379214,1.00000000000,0.00276215045,5.87064200000,0.31716163224,3.52880968110,High
1,147,147.00000000000,-7.53515581169,-0.65654617465,0.94913025717,-1.25238051883,retreating,retreating,advancing,retreating,0,147,2013-2025,-1.09669255800,retreating,38060,0.16501500000,200.00002655600,39962,0.45967929611,0.79153209882,0.74842820837,0.95223892746,0.00276215045,7.36882100000,0.49953990899,3.52721185309,High
1,148,148.00000000000,-7.38076383138,-0.53073582571,0.81642114336,-1.22696937046,retreating,retreating,advancing,retreating,0,148,2013-2025,-0.85420688600,retreating,38060,0.16501500000,199.99997673600,39962,0.41539042439,0.77688420603,0.71511916990,0.95684057916,0.00276215045,7.52833500000,0.51895807493,3.49624820068,High
1,149,149.00000000000,-5.02906427305,-0.61483423199,0.78663277186,-1.27852609240,retreating,retreating,advancing,retreating,0,149,2013-2025,-0.48083033600,stable,38060,0.16501500000,199.99991539100,39961,1.11148484600,0.78667564568,0.66383030913,0.88451577261,0.00276215045,6.67972800000,0.41565434267,3.35314137441,Moderate
1,150,150.00000000000,-7.48720279946,-0.35225555547,1.04991093717,-0.84853684752,retreating,stable,advancing,retreating,0,150,2013-2025,-0.76866577000,retreating,38060,0.16501500000,199.99996955800,39978,1.82094708600,0.75610404059,0.70336881657,0.81080203828,0.00276215045,6.24078200000,0.36221999667,3.26818294872,Moderate
1,151,151.00000000000,-4.47433304490,-0.78011925664,0.22557135430,-1.36065706210,retreating,retreating,stable,retreating,0,151,2013-2025,-1.17558200500,retreating,38060,0.16501500000,200.00006212500,40064,0.00000000000,0.80591951029,0.75926485535,1.00000000000,0.00276215045,5.76511400000,0.30431536035,3.46888682281,High
1,152,152.00000000000,-2.30080486484,-1.27603174391,-0.30651069098,-1.88757077570,retreating,retreating,stable,retreating,0,152,2013-2025,-1.03130733700,retreating,38060,0.16501500000,199.99997452900,40064,1.03519353285,0.86365778867,0.73944656907,0.89244250538,0.00276215045,6.88677100000,0.44085837073,3.52953654063,High
1,153,153.00000000000,-4.49429612404,-1.58369453418,-0.02579691176,-2.39779504118,retreating,retreating,stable,retreating,0,153,2013-2025,-1.96060827500,retreating,38060,0.16501500000,200.00002533800,40030,0.31317765057,0.89947846326,0.86709996996,0.96746057390,0.00276215045,6.07664800000,0.34223942287,3.67250945202,High
1,154,154.00000000000,-3.16815627667,-1.74743404097,0.30757792554,-3.33023033216,retreating,retreating,stable,retreating,0,154,2013-2025,-1.76949475800,retreating,38060,0.16501500000,200.00002955400,40151,1.20428994495,0.91854238576,0.84084766632,0.87487324335,0.00276215045,6.47833300000,0.39113786430,3.63926074179,High
1,155,155.00000000000,-4.41236483591,-1.46941117880,0.16982687400,-2.80159750063,retreating,retreating,stable,retreating,0,155,2013-2025,-2.17679391800,retreating,38060,0.16501500000,199.99996589800,40314,0.35480229312,0.88617263944,0.89679630559,0.96313573789,0.00276215045,5.98401900000,0.33096338883,3.67221089805,High
1,156,156.00000000000,-6.44625098671,-1.60035509685,0.82458457645,-2.82926971316,retreating,retreating,advancing,retreating,0,156,2013-2025,-2.11474315100,retreating,38060,0.16501500000,199.99992903800,40062,0.00000000000,0.90141822527,0.88827270348,1.00000000000,0.00276215045,6.21554900000,0.35914830026,3.72508672849,High
1,157,157.00000000000,-3.28290605010,-1.48746066987,0.99925246302,-2.83801843899,retreating,retreating,advancing,retreating,0,157,2013-2025,-1.34641455800,retreating,38060,0.16501500000,199.99992625700,40027,0.00000000000,0.88827411211,0.78273126487,1.00000000000,0.00276215045,5.56961700000,0.28051686499,3.57255614985,High
1,158,158.00000000000,-3.65757423805,-1.37862845949,1.02387837135,-2.72986436155,retreating,retreating,advancing,retreating,0,158,2013-2025,-1.23764346000,retreating,38060,0.16501500000,200.00002121000,44073,1.11148500000,0.87560295617,0.76778992562,0.88451575661,0.00276215045,5.65807900000,0.29128563636,3.47270931323,High
1,159,159.00000000000,-1.04973968802,-1.06861476563,0.07278463969,-2.02152174704,retreating,retreating,stable,retreating,0,159,2013-2025,-1.19327698000,retreating,38060,0.16501500000,199.99996601900,44073,0.00000000000,0.83950856973,0.76169552517,1.00000000000,0.00276215045,5.48198200000,0.26984876707,3.49024391691,High
1,160,160.00000000000,0.22268103285,-1.56639419356,-0.24064709847,-2.54613662690,stable,retreating,stable,retreating,0,160,2013-2025,-1.25939692700,retreating,37689,1.68175000000,199.99993962400,40060,0.88694600000,0.89746421294,0.77077809009,0.90784555101,0.06256787219,5.62344600000,0.28706964691,3.55526670590,High
1,161,161.00000000000,-1.74294010828,-1.48546856859,0.17673964385,-2.80020795223,retreating,retreating,stable,retreating,0,161,2013-2025,-1.26086484100,retreating,37689,1.68175000000,200.00001890900,44073,0.00000000000,0.88804217502,0.77097973006,1.00000000000,0.06256787219,5.56409600000,0.27984477543,3.60255597717,High
1,162,162.00000000000,-3.12083335621,-1.84911279496,0.45333066048,-3.59692572991,retreating,retreating,stable,retreating,0,162,2013-2025,-1.28727353200,retreating,37689,1.68175000000,200.00005334600,40058,0.00000000000,0.93038067649,0.77460735926,1.00000000000,0.06256787219,6.88854200000,0.44107396041,3.75275978973,High
1,163,163.00000000000,-2.70699967215,-1.52482461459,1.15525867169,-4.09236392002,retreating,retreating,advancing,retreating,0,163,2013-2025,-1.48406658600,retreating,37689,1.68175000000,199.99998911400,40058,0.00000000000,0.89262433497,0.80163983237,1.00000000000,0.06256787219,6.86671800000,0.43841725282,3.72921332091,High
1,164,164.00000000000,-3.91225437133,-1.10217682815,1.37947926038,-3.18586787978,retreating,retreating,advancing,retreating,0,164,2013-2025,-1.15944994300,retreating,37689,1.68175000000,200.00002642100,40257,0.00000000000,0.84341614568,0.75704887505,1.00000000000,0.06256787219,8.33277300000,0.61688496897,3.73983389162,High
1,165,165.00000000000,-10.43637488180,-1.16568068042,1.39981798728,-2.86001450286,retreating,retreating,advancing,retreating,0,165,2013-2025,-1.33434778500,retreating,37689,1.68175000000,199.99993197100,40183,0.00000000000,0.85080979515,0.78107371289,1.00000000000,0.06256787219,7.67065800000,0.53628352368,3.72069257948,High
1,166,166.00000000000,-3.16095322715,-1.46802148561,0.88057218744,-3.08251301903,retreating,retreating,advancing,retreating,0,166,2013-2025,-1.42930878100,retreating,37689,1.68175000000,200.00001465700,40057,0.00000000000,0.88601083973,0.79411802781,1.00000000000,0.06256787219,6.99838000000,0.45444490284,3.72456631771,High
1,167,167.00000000000,-1.62953992528,-1.76895887403,1.44303950358,-4.98079735962,retreating,retreating,advancing,retreating,0,167,2013-2025,-1.20222666000,retreating,37689,1.68175000000,200.00001535400,40123,0.00000000000,0.92104848680,0.76292489774,1.00000000000,0.06256787219,5.48934900000,0.27074557630,3.62952736125,High
1,168,168.00000000000,-3.99940581521,-2.14637127229,2.16204964626,-4.76161513118,retreating,retreating,advancing,retreating,0,168,2013-2025,-1.13617443500,retreating,37689,1.68175000000,199.99998519600,44073,0.00000000000,0.96498999397,0.75385163545,1.00000000000,0.06256787219,5.09790400000,0.22309368388,3.64551434638,High
1,169,169.00000000000,-2.17775984658,-0.74512266716,0.47772033586,-1.73003084868,retreating,retreating,stable,retreating,0,169,2013-2025,-1.32917128000,retreating,37689,1.68175000000,200.00003720900,40107,0.00000000000,0.80184491472,0.78036264240,1.00000000000,0.06256787219,5.22700200000,0.23880920971,3.48333537347,High
1,170,170.00000000000,-1.66346015222,-1.24228006834,1.08011684943,-2.52405690735,retreating,retreating,advancing,retreating,0,170,2013-2025,-1.02866636700,retreating,37689,1.68175000000,200.00004354000,44073,0.00000000000,0.85972813638,0.73908379229,1.00000000000,0.06256787219,5.17369700000,0.23232021604,3.51323598846,High
1,171,171.00000000000,-1.23030244094,-1.26282390094,0.63436893240,-2.48717698908,retreating,retreating,advancing,retreating,0,171,2013-2025,-1.01865156800,retreating,37689,1.68175000000,200.00002769600,40256,0.00000000000,0.86212002115,0.73770810967,1.00000000000,0.06256787219,4.96158700000,0.20649936534,3.49942049069,High
1,172,172.00000000000,-0.92542628507,-2.70588925678,0.14646119452,-5.21527764096,retreating,retreating,stable,retreating,0,172,2013-2025,-0.63675768800,retreating,37689,1.68175000000,200.00005179200,40255,0.00000000000,1.00000000000,0.68524926607,1.00000000000,0.06256787219,5.53336000000,0.27610318066,3.66066993765,High
1,173,173.00000000000,-0.17935854813,-2.65096830647,1.23786724224,-5.92542106477,stable,retreating,advancing,retreating,0,173,2013-2025,-1.14675233300,retreating,37689,1.68175000000,199.99994107800,40056,0.00000000000,1.00000000000,0.75530466816,1.00000000000,0.06256787219,6.95969400000,0.44973552832,3.82439643801,High
1,174,174.00000000000,1.42681030930,-2.28346272707,-0.14975523678,-4.50080389739,advancing,retreating,stable,retreating,0,174,2013-2025,-1.09837882300,retreating,37689,1.68175000000,200.00005296100,40084,0.00000000000,0.98095132743,0.74865984212,1.00000000000,0.06256787219,7.25023700000,0.48510428709,3.81730167080,High
1,175,175.00000000000,-0.64171841736,-2.03677879099,0.04306453156,-5.05176814157,retreating,retreating,stable,retreating,0,175,2013-2025,-2.02216588800,retreating,37689,1.68175000000,199.99995819100,40084,0.00000000000,0.95223032093,0.87555582998,1.00000000000,0.06256787219,7.07141200000,0.46333532935,3.87792388809,High
1,176,176.00000000000,-0.49239069909,-2.07493213507,-0.41268587858,-4.65990607911,stable,retreating,stable,retreating,0,176,2013-2025,-2.14861508900,retreating,37689,1.68175000000,199.99995832200,40000,0.00000000000,0.95667245227,0.89292552142,1.00000000000,0.06256787219,6.30913000000,0.37054022440,3.84229719914,High
1,177,177.00000000000,-0.25701880769,-1.47181176000,-0.05122214964,-2.52858455162,stable,retreating,stable,retreating,0,177,2013-2025,-1.27813690600,retreating,37689,1.68175000000,200.00005549900,40288,0.00000000000,0.88645213517,0.77335230685,1.00000000000,0.06256787219,6.24799300000,0.36309781551,3.65263234407,High
1,178,178.00000000000,-3.18826526804,-1.33709434996,0.37475446819,-2.61644111334,retreating,retreating,stable,retreating,0,178,2013-2025,-1.80626850000,retreating,39181,0.08038800000,199.99999564800,40252,0.00000000000,0.87076720785,0.84589909050,1.00000000000,0.00000000000,5.87310300000,0.31746121790,3.62570393500,High
1,179,179.00000000000,1.34069704281,-1.55247277594,0.30503331508,-3.44665866208,advancing,retreating,stable,retreating,0,179,2013-2025,-1.82515733500,retreating,39181,0.08038800000,199.99997282900,40252,0.00000000000,0.89584336510,0.84849375486,1.00000000000,0.00000000000,5.53041600000,0.27574479782,3.63272017479,High
1,180,180.00000000000,1.38784134568,-2.01005496547,0.00831294119,-3.94809022641,advancing,retreating,stable,retreating,0,180,2013-2025,-1.65565988700,retreating,39181,0.08038800000,200.00001744800,40252,0.00000000000,0.94911890971,0.82521074201,1.00000000000,0.00000000000,5.99897300000,0.33278378863,3.71055090644,High
1,181,181.00000000000,1.09758470276,-1.65400066204,-0.06139323415,-3.39644880023,advancing,retreating,stable,retreating,0,181,2013-2025,-1.28032761700,retreating,39181,0.08038800000,200.00002886300,40252,0.00000000000,0.90766409053,0.77365323381,1.00000000000,0.00000000000,6.29532200000,0.36885933096,3.63904111505,High
1,182,182.00000000000,2.07392248699,-1.71627351586,-0.32012623870,-3.27774246205,advancing,retreating,stable,retreating,0,182,2013-2025,-2.02051542100,retreating,39181,0.08038800000,200.00004178100,40179,0.00000000000,0.91491441687,0.87532911362,1.00000000000,0.00000000000,7.03373300000,0.45874854027,3.78802702682,High
1,183,183.00000000000,1.82494770092,-1.56835269974,0.08036926585,-3.01565389101,advancing,retreating,stable,retreating,0,183,2013-2025,-2.34644360200,retreating,39181,0.08038800000,199.99997902100,40222,0.00000000000,0.89769223861,0.92010023033,1.00000000000,0.00000000000,8.50567000000,0.63793229169,3.91309833474,High
1,184,184.00000000000,1.70745681265,-1.70926134820,-0.25576360523,-3.56104964298,advancing,retreating,stable,retreating,0,184,2013-2025,-2.17197245400,retreating,39181,0.08038800000,200.00001888400,40286,0.00000000000,0.91409800168,0.89613400530,1.00000000000,0.00000000000,7.72962700000,0.54346201477,3.85556773536,High
1,185,185.00000000000,1.95178434046,-1.67950481872,-0.43428379524,-3.13743510321,advancing,retreating,stable,retreating,0,185,2013-2025,-1.67222431500,retreating,40836,0.32155500000,199.99999752400,40286,0.00000000000,0.91063349771,0.82748611426,1.00000000000,0.00893461090,5.46265900000,0.26749651447,3.63359050349,High
1,186,186.00000000000,1.39442380669,-1.62225129577,-0.57682183045,-2.84379236981,advancing,retreating,retreating,retreating,0,186,2013-2025,-1.62340345100,retreating,40836,0.32155500000,200.00001585900,40251,0.00000000000,0.90396756384,0.82077983746,1.00000000000,0.00893461090,6.98132700000,0.45236898484,3.73088118912,High
1,187,187.00000000000,0.92125979139,-1.87897326937,0.02538658985,-4.55605760844,advancing,retreating,stable,retreating,0,187,2013-2025,-1.63452749900,retreating,40836,0.32155500000,199.99999776600,40147,0.00000000000,0.93385728260,0.82230789205,1.00000000000,0.00893461090,6.17602800000,0.35433727843,3.70892977700,High
1,188,188.00000000000,-0.07868804560,-1.55583864584,-0.24435364962,-4.77275007400,stable,retreating,stable,retreating,0,188,2013-2025,-1.44772504500,retreating,40836,0.32155500000,200.00003384800,40284,0.00000000000,0.89623524782,0.79664777747,1.00000000000,0.00893461090,6.10258500000,0.34539681952,3.63698418287,High
1,189,189.00000000000,-0.62830794764,-2.44243953094,-0.43084296031,-7.38690072816,retreating,retreating,stable,retreating,0,189,2013-2025,-1.46371345600,retreating,40836,0.32155500000,200.00006238400,40249,0.00000000000,0.99946073624,0.79884402516,1.00000000000,0.00893461090,5.55687800000,0.27896610446,3.72183089559,High
1,190,190.00000000000,-0.23277502562,-1.70296688165,-0.31051230292,-4.40477587396,stable,retreating,stable,retreating,0,190,2013-2025,-1.34703417500,retreating,40836,0.32155500000,199.99996195900,40249,0.00000000000,0.91336514725,0.78281637854,1.00000000000,0.00893461090,6.83811800000,0.43493568038,3.69933539063,High
1,191,191.00000000000,-0.90366376088,-3.20539270930,-0.37519489926,-8.68450026126,retreating,retreating,stable,retreating,0,191,2013-2025,-1.16715115600,retreating,40836,0.32155500000,200.00007699500,40249,0.00000000000,1.00000000000,0.75810675198,1.00000000000,0.00893461090,6.89012100000,0.44126617729,3.78522598097,High
1,192,192.00000000000,-0.71045510043,-1.79246541033,0.38124478067,-5.10959359376,retreating,retreating,stable,retreating,0,192,2013-2025,-1.30463804100,retreating,40836,0.32155500000,199.99992887200,40360,0.00000000000,0.92378531431,0.77699263462,1.00000000000,0.00893461090,6.52524100000,0.39684813004,3.68393267689,High
1,193,193.00000000000,-0.01623480252,-1.65571895255,0.54807641125,-5.46454637121,stable,retreating,advancing,retreating,0,193,2013-2025,-1.84996782500,retreating,41246,0.33002700000,199.99997459300,40360,0.00000000000,0.90786414828,0.85190184722,1.00000000000,0.00926866765,7.14505900000,0.47230062185,3.77415797370,High
1,194,194.00000000000,-1.42705989522,-5.05741142534,-3.14443626965,-4.52294731198,retreating,retreating,retreating,retreating,0,194,2013-2025,-1.38839018800,retreating,41663,0.16077900000,199.99997310500,44073,0.00000000000,1.00000000000,0.78849724627,1.00000000000,0.00259512266,5.27192600000,0.24427795657,3.68855411668,High
1,195,195.00000000000,0.03180438852,-1.08933927001,-0.43544323832,-1.97628088923,stable,retreating,stable,retreating,0,195,2013-2025,-1.28294188400,retreating,40835,0.32155500000,200.00001344800,40334,0.00000000000,0.84192148982,0.77401234254,1.00000000000,0.00893461090,7.33665600000,0.49562435732,3.64324721384,High
1,196,196.00000000000,2.31171284226,-0.98022966486,-0.93150304213,-1.12775425993,advancing,retreating,retreating,retreating,0,196,2013-2025,-2.17550450300,retreating,41662,0.16077900000,199.99999376700,44073,0.00000000000,0.82921803726,0.89661918512,1.00000000000,0.00259512266,6.92572100000,0.44559988284,3.69802038481,High
1,197,197.00000000000,0.49766414144,-2.16922443803,0.02993105480,-6.48029760829,stable,retreating,stable,retreating,0,197,2013-2025,-1.70794517300,retreating,41662,0.16077900000,199.99996797500,44073,0.00000000000,0.96765075061,0.83239290906,1.00000000000,0.00259512266,8.78931500000,0.67246133416,3.94427984983,High
1,198,198.00000000000,-0.02610635478,-1.64861891940,0.14897355044,-4.00038932262,stable,retreating,stable,retreating,0,198,2013-2025,-1.66706962700,retreating,41244,0.40785000000,199.99999608000,44073,0.00000000000,0.90703750305,0.82677804067,1.00000000000,0.01233727192,8.23797500000,0.60534489540,3.83373224535,High
1,199,199.00000000000,2.01404467487,-3.70042455949,1.04510641471,0.00000000000,advancing,retreating,advancing,,0,199,2013-2025,-1.76628659600,retreating,41244,0.40785000000,200.00000353000,40448,0.00000000000,1.00000000000,0.84040697722,1.00000000000,0.01233727192,6.07439200000,0.34196479254,3.79791415106,High
1,200,200.00000000000,-1.89318148640,-4.74726449713,0.42028582650,0.00000000000,retreating,retreating,stable,,0,200,2013-2025,-1.42186255000,retreating,41243,3.66541000000,200.00000222900,40357,0.00000000000,1.00000000000,0.79309517647,1.00000000000,0.14078470776,6.11766900000,0.34723304465,3.84820432806,High
1,201,201.00000000000,-1.39025296401,-2.21762754009,0.37172345324,0.00000000000,retreating,retreating,stable,,0,201,2013-2025,-1.76124658600,retreating,41661,1.54906000000,200.00003530200,40390,0.00000000000,0.97328624448,0.83971465637,1.00000000000,0.05733582757,5.71879900000,0.29867728246,3.77016282107,High
1,202,202.00000000000,-3.65031169524,-2.62261311329,0.43526216627,0.00000000000,retreating,retreating,stable,,0,202,2013-2025,-2.06017249100,retreating,41242,8.64069000000,200.00000635800,40419,0.00000000000,1.00000000000,0.88077660608,1.00000000000,0.33696280585,6.27772800000,0.36671755525,4.06782535630,High
1,203,203.00000000000,-1.37743563599,-1.35872081310,0.81470411701,-7.33070959964,retreating,retreating,advancing,retreating,0,203,2013-2025,-1.92416412400,retreating,41660,2.47495000000,200.00002590700,40418,0.00000000000,0.87328514151,0.86209382004,1.00000000000,0.09384419766,7.20319100000,0.47937722217,3.80342945314,High
1,204,204.00000000000,-0.65101490374,-1.41957427794,0.31749175835,-2.80030863105,retreating,retreating,stable,retreating,0,204,2013-2025,-2.00216483800,retreating,41241,16.48040000000,200.00006143300,44073,0.00000000000,0.88037021072,0.87280838623,1.00000000000,0.64608701653,7.21912500000,0.48131692060,4.19765700266,High
1,205,205.00000000000,-1.52417187739,-1.10738725084,0.32281705354,-2.09649572842,retreating,retreating,stable,retreating,0,205,2013-2025,-2.18885297000,retreating,41659,6.14548000000,199.99991055800,44073,0.00000000000,0.84402278665,0.89845279697,1.00000000000,0.23857527571,8.19825800000,0.60051001384,3.97060918933,High
1,206,206.00000000000,-3.17709495823,-0.16119824382,0.26094747046,0.29310260537,retreating,stable,stable,stable,0,206,2013-2025,2.89076729100,advancing,36516,1.84068000000,199.99991363400,36975,0.00000000000,0.73385955083,0.20069088259,1.00000000000,0.06883456982,5.05507200000,0.21787960309,2.90141538501,Moderate
1,207,207.00000000000,-2.31271840755,-0.23458106698,-1.11956822678,1.22857494715,retreating,stable,retreating,advancing,0,207,2013-2025,2.81296928400,advancing,36515,3.14574000000,200.00004971900,37064,0.00000000000,0.74240339270,0.21137760394,1.00000000000,0.12029382523,5.19079300000,0.23440136857,2.96557162295,Moderate
1,208,208.00000000000,-1.31739096502,-0.16178729322,0.00326327916,0.58669659823,retreating,stable,stable,advancing,0,208,2013-2025,3.28444825800,advancing,36918,2.05857000000,199.99998683200,44073,0.00000000000,0.73392813289,0.14661290607,1.00000000000,0.07742609206,5.51586600000,0.27397357827,2.89502933786,Moderate
1,209,209.00000000000,-3.30279336929,-0.11231055917,0.45773455800,0.52296439747,retreating,stable,stable,advancing,0,209,2013-2025,2.68116901600,advancing,36514,3.53891000000,200.00005110200,36618,0.00000000000,0.72816763780,0.22948234457,1.00000000000,0.13579673607,5.38669900000,0.25824965285,2.98887105410,Moderate
1,210,210.00000000000,-0.93822340881,0.01146674745,-0.03384782850,1.30672692349,retreating,stable,stable,advancing,0,210,2013-2025,2.30318711400,advancing,36917,2.52209000000,199.99996641900,37227,0.00000000000,0.71375644879,0.28140381940,1.00000000000,0.09570294992,5.64584800000,0.28979671634,3.00751945630,Moderate
1,211,211.00000000000,-0.72153244906,0.01911573031,-0.64883609678,1.27093676703,retreating,stable,retreating,advancing,0,211,2013-2025,2.58220941000,advancing,36916,2.12220000000,200.00001531800,44073,0.00000000000,0.71286589025,0.24307592845,1.00000000000,0.07993506307,5.50890200000,0.27312582756,2.95315628801,Moderate
1,212,212.00000000000,11.80166631350,-0.16974752430,1.05822141752,0.09583061531,advancing,stable,advancing,stable,0,212,2013-2025,2.40256173800,advancing,36916,2.12220000000,200.00003263100,36751,0.00000000000,0.73485492955,0.26775322657,1.00000000000,0.07993506307,5.57775700000,0.28150777407,3.00532811608,Moderate
1,213,213.00000000000,-3.08160118680,-0.06028126584,0.30837240255,0.56725445765,retreating,stable,stable,advancing,0,213,2013-2025,2.72591358700,advancing,36916,2.12220000000,199.99995342500,44073,0.00000000000,0.72210995243,0.22333600765,1.00000000000,0.07993506307,5.80775800000,0.30950655528,2.96920622595,Moderate
1,214,214.00000000000,-2.61722219488,-0.09837334770,-0.12499176566,0.97545785280,retreating,stable,stable,advancing,0,214,2013-2025,2.56962230500,advancing,36916,2.12220000000,199.99995126500,37376,0.00000000000,0.72654495111,0.24480495583,1.00000000000,0.07993506307,5.51519400000,0.27389177350,2.97136361125,Moderate
1,215,215.00000000000,-3.30573844045,-0.33632029394,0.13493172911,0.24888991150,retreating,stable,stable,stable,0,215,2013-2025,2.32082463600,advancing,36916,2.12220000000,200.00004410400,37503,0.00000000000,0.75424872420,0.27898104162,1.00000000000,0.07993506307,5.36098900000,0.25511988965,3.02211764385,Moderate
1,216,216.00000000000,-1.61683142545,-0.05090148745,0.34956623150,0.42403917566,retreating,stable,stable,stable,0,216,2013-2025,2.74303284200,advancing,36915,2.06832000000,199.99999364400,37503,0.00000000000,0.72101788020,0.22098442160,1.00000000000,0.07781054512,5.50117300000,0.27218495087,2.94207017700,Moderate
1,217,217.00000000000,-1.99608601495,0.15349253367,0.52786068802,0.43347779834,retreating,stable,advancing,stable,0,217,2013-2025,2.59359123200,advancing,36915,2.06832000000,200.00000061500,44073,0.00000000000,0.69722061921,0.24151246475,1.00000000000,0.07781054512,5.23559500000,0.23985526397,2.91180246095,Moderate
1,218,218.00000000000,8.91222987224,-0.30492961675,0.62370264924,-0.20225550139,advancing,stable,advancing,stable,0,218,2013-2025,2.35376415900,advancing,36915,2.06832000000,200.00001150000,37389,0.00000000000,0.75059395909,0.27445630483,1.00000000000,0.07781054512,6.01511100000,0.33474832066,3.06025483350,Moderate
1,219,219.00000000000,-2.69960016102,-0.17996382461,-0.06177512131,0.12223683530,retreating,stable,stable,stable,0,219,2013-2025,2.32509180100,advancing,37314,1.88650000000,200.00001894600,37389,0.00000000000,0.73604439665,0.27839488260,1.00000000000,0.07064127826,5.07594600000,0.22042066403,2.97281694986,Moderate
1,220,220.00000000000,-2.94032800295,-0.54773840690,-0.41401923792,0.08615300868,retreating,retreating,stable,stable,0,220,2013-2025,2.15182005600,advancing,37705,0.00864300000,200.00005389500,37417,0.00000000000,0.77886378870,0.30219635166,1.00000000000,0.00000000000,9.40766600000,0.74773524322,3.31235595339,Moderate
1,221,221.00000000000,-2.29764625099,0.11921194346,-0.23999129340,0.89479603079,retreating,stable,stable,advancing,0,221,2013-2025,2.04067916900,advancing,37313,3.01663000000,199.99998023600,44073,0.00000000000,0.70121185216,0.31746321692,1.00000000000,0.11520294101,13.47186000000,1.00000000000,3.46262383834,High
1,222,222.00000000000,-1.39369902047,0.24928415310,0.67915616599,0.63306987406,retreating,stable,advancing,advancing,0,222,2013-2025,1.57029907200,advancing,37704,0.35029600000,199.99991508400,37471,0.00000000000,0.68606775790,0.38207696758,1.00000000000,0.01006788487,7.95808600000,0.57127308322,3.17079606599,Moderate
1,223,223.00000000000,-0.75327062031,0.25881843011,0.17533748398,1.12067643923,retreating,stable,stable,advancing,0,223,2013-2025,2.94472143100,advancing,37703,1.00769000000,199.99995632800,44073,0.00000000000,0.68495769765,0.19327947345,1.00000000000,0.03598930079,9.00647700000,0.69889718150,3.10319824607,Moderate
1,224,224.00000000000,-2.64498272429,0.48688830895,0.56316040183,1.00121598233,retreating,stable,advancing,advancing,0,224,2013-2025,2.47786655200,advancing,37311,10.90290000000,200.00005155800,37548,0.00000000000,0.65840389533,0.25740898262,1.00000000000,0.42616302197,11.21196000000,0.96737790972,3.55251587144,High
1,225,225.00000000000,-1.38344834657,-1.43674771551,-0.37540034891,-0.77914587925,retreating,retreating,stable,retreating,0,225,2013-2025,2.64453624500,advancing,37702,2.41509000000,200.00002562400,37547,0.00000000000,0.88236968592,0.23451440427,1.00000000000,0.09148388434,14.18382000000,1.00000000000,3.59156621122,High
1,226,226.00000000000,-7.91620989332,-0.52799064198,0.34445939927,-0.60073594023,retreating,retreating,stable,retreating,0,226,2013-2025,2.38959206500,advancing,37310,20.09330000000,199.99999380400,37656,0.00000000000,0.77656458878,0.26953480539,1.00000000000,0.78854569923,11.47994000000,1.00000000000,3.96942752071,High
1,227,227.00000000000,-6.17571130168,-0.78315616434,-0.29288833276,-0.67864018403,retreating,retreating,stable,retreating,0,227,2013-2025,2.16905057700,advancing,37701,5.96120000000,200.00003178500,37656,0.00000000000,0.80627309248,0.29982948156,1.00000000000,0.23130901424,5.73812800000,0.30103026546,3.23222832834,Moderate
1,228,228.00000000000,-0.29031689417,-0.07947220789,0.17359238939,0.14032785321,stable,stable,stable,stable,0,228,2013-2025,2.32500512700,advancing,37309,21.49490000000,199.99997087200,37655,0.00000000000,0.72434432237,0.27840678857,1.00000000000,0.84381157575,4.76951900000,0.18311829348,3.46227836150,High
1,229,229.00000000000,-7.12006043505,-0.68494251098,-0.03021070287,0.15827049242,retreating,retreating,stable,stable,0,229,2013-2025,1.50584415200,advancing,37700,8.43251000000,200.00001168400,37756,0.00000000000,0.79483823774,0.39093081610,1.00000000000,0.32875417140,9.23756700000,0.72702853027,3.61791865131,High
1,230,230.00000000000,-2.91666976636,-0.76858565094,-0.50596396303,-0.41247762469,retreating,retreating,retreating,stable,0,230,2013-2025,2.07314034800,advancing,37308,13.38370000000,200.00001446500,37740,0.00000000000,0.80457667148,0.31300418785,1.00000000000,0.52398239452,6.99110100000,0.45355880613,3.53194311069,High
1,231,231.00000000000,-3.03000359285,-0.87038302732,-0.30653737796,-0.65882450667,retreating,retreating,stable,retreating,0,231,2013-2025,2.56309776000,advancing,38068,0.25466700000,200.00000612400,37773,0.00000000000,0.81642877322,0.24570119979,1.00000000000,0.00629718021,6.16772700000,0.35332677029,3.07667440467,Moderate
1,232,232.00000000000,0.33183075547,-0.52934696301,-0.51880098281,0.19211440296,stable,retreating,retreating,stable,0,232,2013-2025,2.61073337900,advancing,37698,8.42995000000,200.00001388800,44073,0.00000000000,0.77672250302,0.23915773414,1.00000000000,0.32865320488,5.45242200000,0.26625033066,3.19081823032,Moderate
1,233,233.00000000000,1.94050144802,-0.45761083316,-1.00591959885,0.38709257388,advancing,stable,retreating,stable,0,233,2013-2025,2.73474893700,advancing,38067,0.61137300000,200.00004139600,44073,0.00000000000,0.76837038295,0.22212234001,1.00000000000,0.02036229937,4.91975800000,0.20140738305,2.91785553813,Moderate
1,234,234.00000000000,-2.66276839076,-0.35161676091,-1.48220097070,0.85271900055,retreating,stable,retreating,advancing,0,234,2013-2025,1.92694942700,advancing,37697,5.06533000000,200.00004722400,38005,0.00000000000,0.75602966679,0.33308570018,1.00000000000,0.19598434498,5.95965800000,0.32799784386,3.19286620953,Moderate
1,235,235.00000000000,-2.55525380648,-0.32061906641,0.30828441099,0.23145852482,retreating,stable,stable,stable,0,235,2013-2025,2.27743886600,advancing,38066,0.88346400000,200.00000048900,37834,0.00000000000,0.75242065600,0.28494072686,1.00000000000,0.03109100033,5.41104600000,0.26121349355,2.99545017484,Moderate
1,236,236.00000000000,-1.59102245895,-0.28378726623,-0.41753324268,0.84491314292,retreating,stable,stable,advancing,0,236,2013-2025,2.35692144000,advancing,38065,1.53063000000,199.99993648200,37499,0.00000000000,0.74813238986,0.27402260501,1.00000000000,0.05660912245,5.23986100000,0.24037457824,2.98591570840,Moderate
1,237,237.00000000000,-1.82122255168,-0.36002089687,-1.01274681304,0.44000814197,retreating,stable,retreating,stable,0,237,2013-2025,1.94969623600,advancing,37695,4.71751000000,200.00002070200,37833,0.00000000000,0.75700814657,0.32996108531,1.00000000000,0.18226961325,4.78802100000,0.18537060304,3.09647231576,Moderate
1,238,238.00000000000,4.21654170206,-0.33063124748,-0.13512238169,0.17928108624,advancing,stable,stable,stable,0,238,2013-2025,1.73861885900,advancing,38064,2.05629000000,199.99996860400,37871,0.00000000000,0.75358635784,0.35895572410,1.00000000000,0.07733619050,5.48581600000,0.27031549255,3.09665803638,Moderate
1,239,239.00000000000,6.77619608406,-0.17351152446,0.31854293102,0.10930715448,advancing,stable,stable,stable,0,239,2013-2025,1.98972253100,advancing,37694,3.26326000000,199.99998970000,37960,0.00000000000,0.73529316592,0.32446287427,1.00000000000,0.12492769963,5.57757800000,0.28148598381,3.08463473660,Moderate
1,240,240.00000000000,-2.30920230167,-0.31057633604,-0.48479454264,0.41834582997,retreating,stable,stable,stable,0,240,2013-2025,1.80600112700,advancing,38063,1.65994000000,199.99996715900,37960,0.00000000000,0.75125139736,0.34969976049,1.00000000000,0.06170788939,6.00018400000,0.33293120766,3.11295404865,Moderate
1,241,241.00000000000,-1.75405552140,-0.16269360305,0.70142532512,-0.11661986728,retreating,stable,advancing,stable,0,241,2013-2025,1.78685314500,advancing,37693,1.17503000000,199.99999667400,44073,0.00000000000,0.73403365305,0.35233002257,1.00000000000,0.04258761326,6.07091900000,0.34154201278,3.08686535100,Moderate
1,242,242.00000000000,-0.75109498495,-0.13432361461,0.61649353541,-0.07340511627,retreating,stable,advancing,stable,0,242,2013-2025,1.45685895300,advancing,38062,1.04832000000,199.99999109000,38409,0.00000000000,0.73073058178,0.39765966678,1.00000000000,0.03759136870,6.03419500000,0.33707147900,3.11538512720,Moderate
1,243,243.00000000000,-2.22312175759,-0.23366292731,0.16545694143,0.45588802800,retreating,stable,stable,stable,0,243,2013-2025,1.39971524300,advancing,38062,1.04832000000,199.99993637900,44073,0.00000000000,0.74229649520,0.40550921112,1.00000000000,0.03759136870,6.23853200000,0.36194609674,3.15074544750,Moderate
1,244,244.00000000000,-1.23530030195,0.27645660927,1.27646696361,0.33847385566,retreating,stable,advancing,stable,0,244,2013-2025,0.90584227100,advancing,38062,1.04832000000,199.99999636600,38069,0.00000000000,0.68290411335,0.47335005999,1.00000000000,0.03759136870,7.37193100000,0.49991849955,3.22051667633,Moderate
1,245,245.00000000000,-1.08724965754,-0.02922442336,0.04340267568,0.12227480701,retreating,stable,stable,stable,0,245,2013-2025,1.46560649400,advancing,38062,1.04832000000,199.99991027400,44073,0.00000000000,0.71849405514,0.39645806102,1.00000000000,0.03759136870,9.28517600000,0.73282413105,3.33725388683,Moderate
1,246,246.00000000000,-1.82844046588,0.18154409439,1.09388161231,0.08679423177,retreating,stable,advancing,stable,0,246,2013-2025,1.04963736600,advancing,38062,1.04832000000,199.99991027400,38105,0.00000000000,0.69395462195,0.45359765024,1.00000000000,0.03759136870,8.77719700000,0.67098617000,3.31951783554,Moderate
1,247,247.00000000000,-1.78336285490,-0.31403247475,0.82496978330,-0.25019976815,retreating,stable,advancing,stable,0,247,2013-2025,1.23887702000,advancing,38062,1.04832000000,200.00000941800,38367,0.00000000000,0.75165378993,0.42760274974,1.00000000000,0.03759136870,8.88324700000,0.68389598668,3.37383007002,Moderate
1,248,248.00000000000,-2.38209942565,-0.36124630428,1.07996988067,-0.73781581360,retreating,stable,advancing,retreating,0,248,2013-2025,1.03069047300,advancing,38062,1.04832000000,200.00000941800,38210,0.00000000000,0.75715081874,0.45620028974,1.00000000000,0.03759136870,8.02377900000,0.57927010903,3.34190391672,Moderate
1,249,249.00000000000,-3.92035596750,-0.54850365575,-0.79910023106,-0.70432523394,retreating,retreating,retreating,retreating,0,249,2013-2025,1.53346757400,advancing,38062,1.04832000000,200.00000941800,38169,0.00000000000,0.77895288537,0.38713632541,1.00000000000,0.03759136870,8.55711600000,0.64419498315,3.34809893079,Moderate
1,250,250.00000000000,-6.80277009980,-0.18449649928,-0.18872716469,0.01857101114,retreating,stable,stable,stable,0,250,2013-2025,1.27700787600,advancing,38062,1.04832000000,200.00003552400,38258,0.00000000000,0.73657212854,0.42236490563,1.00000000000,0.03759136870,6.65596900000,0.41276208115,3.18875038215,Moderate
1,251,251.00000000000,-10.62979089790,-0.21530268582,0.75920078649,-0.45010079968,retreating,stable,advancing,stable,0,251,2013-2025,1.41280853800,advancing,38062,1.04832000000,200.00000414400,38304,0.00000000000,0.74015884236,0.40371065097,1.00000000000,0.03759136870,3.90722300000,0.07814815405,2.97639409889,Moderate
1,252,252.00000000000,-6.65962461953,-0.57376129128,-0.80476888683,-0.56616666035,retreating,retreating,retreating,retreating,0,252,2013-2025,1.57801291800,advancing,38062,1.04832000000,199.99997833100,38407,0.00000000000,0.78189359049,0.38101735531,1.00000000000,0.03759136870,6.81423700000,0.43202856740,3.21909739585,Moderate
1,253,253.00000000000,-3.65946168372,-0.07994944400,-0.42904767401,-0.53143213892,retreating,stable,stable,retreating,0,253,2013-2025,1.38586985000,advancing,38062,1.04832000000,199.99998816500,38407,0.00000000000,0.72439988619,0.40741108320,1.00000000000,0.03759136870,6.00271700000,0.33323955811,3.11384115087,Moderate
1,254,254.00000000000,-5.49401383470,0.01735300121,0.48777649068,-0.34167038743,retreating,stable,stable,stable,0,254,2013-2025,1.13251362100,advancing,38429,0.08038800000,199.99998687700,38364,0.00000000000,0.71307112191,0.44221335547,1.00000000000,0.00000000000,5.03638600000,0.21560489460,3.03379892399,Moderate
1,255,255.00000000000,-3.81353038490,0.07065373785,-0.70034516514,0.29343196161,retreating,stable,retreating,stable,0,255,2013-2025,1.57682447200,advancing,38429,0.08038800000,199.99996677700,44073,0.00000000000,0.70686540448,0.38118060616,1.00000000000,0.00000000000,4.33523800000,0.13025183333,2.92332444656,Moderate
1,256,256.00000000000,-3.68243789073,-0.09571322997,-0.47994754799,0.46500914446,retreating,stable,stable,stable,0,256,2013-2025,1.34544352000,advancing,38429,0.08038800000,199.99994956800,38483,0.00000000000,0.72623523796,0.41296424504,1.00000000000,0.00000000000,4.05032200000,0.09556806785,2.95258038216,Moderate
1,257,257.00000000000,-5.18871247371,-0.28075556108,0.00578044481,-0.34244931784,retreating,stable,stable,stable,0,257,2013-2025,1.29986527200,advancing,38429,0.08038800000,200.00001781300,38482,0.00000000000,0.74777941339,0.41922509998,1.00000000000,0.00000000000,5.08720700000,0.22179150275,3.05927373856,Moderate
1,258,258.00000000000,-4.75037328799,-0.84808545111,-0.44035680281,-0.99272462639,retreating,retreating,stable,retreating,0,258,2013-2025,1.51537474600,advancing,38429,0.08038800000,199.99999972600,38482,0.00000000000,0.81383270296,0.38962164629,1.00000000000,0.00000000000,3.77023600000,0.06147227421,3.01652268039,Moderate
1,259,259.00000000000,-1.39733746689,-0.61249645309,-4.75572025774,0.23725842673,retreating,retreating,retreating,stable,0,259,2013-2025,1.45886393000,advancing,38429,0.08038800000,200.00001142500,38568,0.00000000000,0.78640346191,0.39738425316,1.00000000000,0.00000000000,5.31148700000,0.24909384773,3.10305304351,Moderate
1,260,260.00000000000,-4.87636702422,0.11695776545,-1.54994281805,-0.34366190118,retreating,stable,retreating,stable,0,260,2013-2025,0.21874327600,stable,38429,0.08038800000,199.99993419700,44073,0.00000000000,0.70147430241,0.56773339683,1.00000000000,0.00000000000,5.01254500000,0.21270265095,3.12494939774,Moderate
1,261,261.00000000000,-3.88318074109,0.65063542599,-0.46598133778,0.77539021685,retreating,advancing,stable,advancing,0,261,2013-2025,1.48342744800,advancing,38429,0.08038800000,200.00001674500,44073,0.00000000000,0.63933908679,0.39401008611,1.00000000000,0.00000000000,5.99619000000,0.33244500485,2.97518908937,Moderate
1,262,262.00000000000,-4.26433949975,-0.84306378853,-3.40790571422,-0.02270083060,retreating,retreating,retreating,stable,0,262,2013-2025,1.15218027500,advancing,38429,0.08038800000,199.99996721700,44073,0.00000000000,0.81324803901,0.43951184602,1.00000000000,0.00000000000,6.59215400000,0.40499367048,3.26434643783,Moderate
1,263,263.00000000000,-9.42079855638,0.06028620917,-1.15398813941,-0.06196709648,retreating,stable,retreating,stable,0,263,2013-2025,0.86100575900,advancing,38429,0.08038800000,200.00004917100,44073,0.00000000000,0.70807247885,0.47950902637,1.00000000000,0.00000000000,6.75773000000,0.42514978370,3.18527879247,Moderate
1,264,264.00000000000,-7.61035123314,-0.69219650663,-4.59949475401,0.47881426738,retreating,retreating,retreating,stable,0,264,2013-2025,1.23391954700,advancing,38429,0.08038800000,200.00002078000,44073,0.00000000000,0.79568280857,0.42828373290,1.00000000000,0.00000000000,9.44554200000,0.75234601376,3.44231132341,High
1,265,265.00000000000,-5.04412514333,-0.51086840936,-0.95965462006,-0.52021069797,retreating,retreating,retreating,retreating,0,265,2013-2025,1.71383390300,advancing,38429,0.08038800000,200.00001640600,44073,0.00000000000,0.77457107529,0.36236030898,1.00000000000,0.00000000000,6.02068900000,0.33542734902,3.11100225165,Moderate
1,266,266.00000000000,-3.62877371862,-0.72562274086,-0.44821939971,-0.88143485939,retreating,retreating,stable,retreating,0,266,2013-2025,1.13463754800,advancing,38809,0.16501500000,200.00007897600,44073,0.00000000000,0.79957457025,0.44192160229,1.00000000000,0.00276215045,5.84765700000,0.31436359230,3.19762351823,Moderate
1,267,267.00000000000,-2.96637735783,-0.23914308257,-0.28910822549,-0.16311119151,retreating,stable,stable,stable,0,267,2013-2025,0.81538861500,advancing,38808,0.16501500000,200.00000622400,38737,0.00000000000,0.74293454070,0.48577522426,1.00000000000,0.00276215045,7.32906500000,0.49470027983,3.27569947425,Moderate
1,268,268.00000000000,-2.30885890418,-0.50300306446,-0.61071024985,0.11875330043,retreating,retreating,retreating,stable,0,268,2013-2025,1.34923844200,advancing,38808,0.16501500000,199.99996807200,38737,0.00000000000,0.77365532607,0.41244295567,1.00000000000,0.00276215045,7.85910200000,0.55922343405,3.28863867309,Moderate
1,269,269.00000000000,-3.11424501266,-0.83819627565,0.26155607092,-1.16207554314,retreating,retreating,stable,retreating,0,269,2013-2025,1.24088591600,advancing,38808,0.16501500000,199.99992092500,44073,0.00000000000,0.81268132246,0.42732679779,1.00000000000,0.00276215045,4.60870000000,0.16354126558,3.11032157351,Moderate
1,270,270.00000000000,-2.34885511081,-0.30602953000,0.64733729640,-0.32180317124,retreating,stable,advancing,stable,0,270,2013-2025,0.49769385700,stable,38808,0.16501500000,199.99994150900,38735,0.00000000000,0.75072202018,0.52941535701,1.00000000000,0.00276215045,5.02060600000,0.21368394310,3.15345088564,Moderate
1,271,271.00000000000,-3.79839078208,-0.43368122908,0.54503180756,-0.25274621439,retreating,stable,advancing,stable,0,271,2013-2025,1.17213498000,advancing,38807,1.05934000000,199.99998040000,38764,0.00000000000,0.76558429836,0.43677076845,1.00000000000,0.03802589138,6.68586900000,0.41640190688,3.23799921849,Moderate
1,272,272.00000000000,-4.31378461933,-0.40391297248,1.08744587787,-0.45962588984,retreating,stable,advancing,stable,0,272,2013-2025,1.35693894100,advancing,38807,1.05934000000,199.99995187200,38784,0.00000000000,0.76211842902,0.41138517681,1.00000000000,0.03802589138,7.82689800000,0.55530313479,3.29563781783,Moderate
1,273,273.00000000000,-3.47985378381,-0.11699307829,0.43242474617,-0.52054584379,retreating,stable,stable,retreating,0,273,2013-2025,2.13757941700,advancing,38807,1.05934000000,200.00000662400,44073,0.00000000000,0.72871281583,0.30415251669,1.00000000000,0.03802589138,8.42548500000,0.62817110687,3.20845816029,Moderate
1,274,274.00000000000,-4.55155848445,0.03650292129,0.93293970693,-0.19039307633,retreating,stable,advancing,stable,0,274,2013-2025,1.42809736800,advancing,38807,1.05934000000,199.99993935400,38948,0.00000000000,0.71084152810,0.40161050121,1.00000000000,0.03802589138,5.69948000000,0.29632551680,3.07092326067,Moderate
1,275,275.00000000000,-4.89444844166,-0.44505023597,0.89070146955,-0.88728645459,retreating,stable,advancing,retreating,0,275,2013-2025,1.43459911300,advancing,38807,1.05934000000,200.00000363200,38948,0.00000000000,0.76690797320,0.40071738916,1.00000000000,0.03802589138,6.61707400000,0.40802726436,3.20390423366,Moderate
1,276,276.00000000000,-4.40500117452,-0.69240387349,0.68579655815,-0.64895406509,retreating,retreating,advancing,retreating,0,276,2013-2025,0.86193829800,advancing,38807,1.05934000000,199.99997582200,44073,0.00000000000,0.79570695195,0.47938092818,1.00000000000,0.03802589138,7.61229500000,0.52917880297,3.37772994969,Moderate
1,277,277.00000000000,-7.35459114553,-0.27367486210,0.61104478061,0.01098067825,retreating,stable,advancing,stable,0,277,2013-2025,1.40917696800,advancing,38806,2.20762000000,200.00000312100,39091,0.00000000000,0.74695501921,0.40420950150,1.00000000000,0.08330321780,7.98290500000,0.57429438205,3.31367736646,Moderate
1,278,278.00000000000,-4.47848424563,-0.99842876370,0.61420319937,-1.37378028762,retreating,retreating,advancing,retreating,0,278,2013-2025,1.37809315500,advancing,38806,2.20762000000,199.99999746200,44073,0.00000000000,0.83133692852,0.40847932872,1.00000000000,0.08330321780,7.66340300000,0.53540034857,3.39438477159,Moderate
1,279,279.00000000000,-2.07064521919,-0.64557846642,0.44624075796,-0.73412255277,retreating,retreating,stable,retreating,0,279,2013-2025,1.23817240200,advancing,38806,2.20762000000,199.99998639600,39176,0.00000000000,0.79025514652,0.42769953957,1.00000000000,0.08330321780,5.85290600000,0.31500257040,3.22959596334,Moderate
1,280,280.00000000000,-5.85535867860,-0.41157513591,0.40987231104,-0.55640078745,retreating,stable,stable,retreating,0,280,2013-2025,1.22623976600,advancing,38806,2.20762000000,199.99993007000,44073,8.48528137400,0.76301052215,0.42933866583,0.11837199832,0.08330321780,5.39372300000,0.25910470756,2.56552235881,Low
1,281,281.00000000000,-4.25834610359,-0.03848886492,1.04983166459,-0.07482884935,retreating,stable,advancing,stable,0,281,2013-2025,1.21294413800,advancing,38806,2.20762000000,200.00003407700,44073,15.00000000000,0.71957269889,0.43116501945,0.00000000000,0.08330321780,4.07251500000,0.09826969502,2.33838978333,Low
1,282,282.00000000000,-5.10863855125,-0.89509770651,0.71845180740,-1.42303444126,retreating,retreating,advancing,retreating,0,282,2013-2025,0.63642918100,advancing,39201,3.56582000000,200.00000609200,39229,0.00000000000,0.81930626283,0.51035798258,1.00000000000,0.13685781522,3.88702800000,0.07568975002,3.22725590232,Moderate
1,283,283.00000000000,-6.75892609983,-1.08555126329,-0.17597657273,-0.86464271606,retreating,retreating,stable,retreating,0,283,2013-2025,0.04852969900,stable,39201,3.56582000000,199.99999160900,39229,27.65863337000,0.84148045840,0.59111478072,0.00000000000,0.13685781522,4.68027800000,0.17225469188,2.70022543858,Moderate
1,284,284.00000000000,-4.20734227700,-0.00077001013,0.89410341445,0.09932236470,retreating,stable,advancing,stable,0,284,2013-2025,0.36789441400,stable,38805,0.08038800000,200.00000593200,39142,32.31098884000,0.71518115443,0.54724525436,0.00000000000,0.00000000000,3.79813000000,0.06486790293,2.35514478174,Low
1,285,285.00000000000,-2.79971959961,0.11314626986,0.50735354465,0.41470085307,retreating,stable,advancing,stable,0,285,2013-2025,0.26286087900,stable,39612,0.08038800000,199.99997740200,39260,9.48683298100,0.70191806860,0.56167318336,0.01430992861,0.00000000000,3.69795200000,0.05267290420,2.35403920145,Low
1,286,286.00000000000,-4.04049288911,-1.54864883203,0.53975065341,-3.04236772428,retreating,retreating,advancing,retreating,0,286,2013-2025,-0.03387459300,stable,39199,0.56272200000,199.99999859600,39259,0.00000000000,0.89539814958,0.60243424430,1.00000000000,0.01844396370,5.82586800000,0.31171114538,3.45716148819,High
1,287,287.00000000000,-3.26064872185,0.09926001934,0.50920857389,0.27738109540,retreating,stable,advancing,stable,0,287,2013-2025,0.03099971200,stable,39611,0.32155500000,200.00002367500,44073,0.12954392546,0.70353482199,0.59352278696,0.98654027520,0.00893461090,9.98284300000,0.81775343869,3.50927579285,High
1,288,288.00000000000,-3.63005426504,-6.41257955405,0.10101726278,-11.48204345310,retreating,retreating,stable,retreating,0,288,2013-2025,0.15058938400,stable,39198,0.40194400000,200.00001321000,44073,8.40189055217,1.00000000000,0.57709535456,0.12703637612,0.01210439556,7.41088700000,0.50466074207,3.07794322136,Moderate
1,289,289.00000000000,-3.99329487403,-7.19012777580,-0.97778744285,-5.86639475820,retreating,retreating,retreating,retreating,0,289,2013-2025,0.38761458000,stable,39610,0.16077900000,200.00001854500,44073,18.00000000000,1.00000000000,0.54453639424,0.00000000000,0.00259512266,4.10011100000,0.10162904722,2.71559804684,Moderate
1,290,290.00000000000,-5.38199547936,-0.65227239673,-0.41840615246,0.29347790415,retreating,retreating,stable,stable,0,290,2013-2025,-0.34836306000,stable,39609,2.03146000000,199.99991492900,39257,0.00000000000,0.79103450986,0.64563394497,1.00000000000,0.07635713489,4.48239100000,0.14816525393,3.31094192404,Moderate
1,291,291.00000000000,-4.56232144544,-0.16508888869,0.34522686305,0.30792476122,retreating,stable,stable,stable,0,291,2013-2025,-0.77414410900,retreating,39196,2.06984000000,200.00000314100,38876,3.00000000000,0.73431253224,0.70412134847,0.68829743076,0.07787047636,5.05861600000,0.21831102591,3.12431585195,Moderate
1,292,292.00000000000,-3.99406429003,-0.31272971515,-0.01204853243,-0.19454629990,retreating,stable,stable,stable,0,292,2013-2025,0.12572766200,stable,39608,1.28789000000,200.00001868900,44073,6.00000000000,0.75150211176,0.58051048440,0.37659486151,0.04703774552,8.55035300000,0.64337170083,3.06181461801,Moderate
1,293,293.00000000000,-4.94826749268,-0.51682461419,0.19588277944,-0.46784690421,retreating,retreating,stable,stable,0,293,2013-2025,-0.22395907400,stable,39195,2.22941000000,199.99994575600,39014,4.24264068700,0.77526454646,0.62854519444,0.55918599916,0.08416241092,6.40197300000,0.38184230936,3.12341053003,Moderate
1,294,294.00000000000,-4.73319322154,-0.45618561169,-0.74511197536,-0.75688106421,retreating,stable,retreating,retreating,0,294,2013-2025,0.35962395100,stable,39607,1.67068000000,200.00002266200,39506,0.00000000000,0.76820444675,0.54838132631,1.00000000000,0.06213137531,4.91182100000,0.20044118583,3.22280146571,Moderate
1,295,295.00000000000,-6.67364839513,-0.91963533234,-0.51654967729,-1.49349065925,retreating,retreating,retreating,retreating,0,295,2013-2025,-0.27624664500,stable,39194,4.06504000000,200.00000449700,44073,6.00000000000,0.82216313840,0.63572767536,0.37659486151,0.15654234754,4.86101900000,0.19425689062,2.99783009528,Moderate
1,296,296.00000000000,-8.20983402295,-0.60595662774,-1.14190211694,0.02050656429,retreating,retreating,retreating,stable,0,296,2013-2025,-0.34107354100,stable,39606,3.61549000000,199.99999463900,39467,0.00000000000,0.78564204076,0.64463262037,1.00000000000,0.13881633068,4.36623300000,0.13402495703,3.33766183490,Moderate
1,297,297.00000000000,-7.30283546832,-1.14149626343,-1.32599882792,-2.11619362959,retreating,retreating,retreating,retreating,0,297,2013-2025,-0.06780386200,stable,39193,7.55134000000,199.99999995000,39473,0.00000000000,0.84799404310,0.60709493751,1.00000000000,0.29400912893,4.70191900000,0.17488912227,3.51000328921,High
1,298,298.00000000000,-6.63060191248,-1.19618804064,0.21142105628,-3.04805285542,retreating,retreating,stable,retreating,0,298,2013-2025,0.04346062800,stable,39605,6.58439000000,199.99994250600,39473,21.00000000000,0.85436171712,0.59181109353,0.00000000000,0.25588174566,5.73868800000,0.30109843610,2.87438852158,Moderate
1,299,299.00000000000,-7.45763181404,0.25041338610,-0.31721166186,-0.11381933355,retreating,stable,stable,stable,0,299,2013-2025,0.09587510900,stable,39192,10.74040000000,200.00000500500,39494,0.00000000000,0.68593628315,0.58461117962,1.00000000000,0.41975557759,5.53408700000,0.27619168077,3.44433248085,High
1,300,300.00000000000,-5.35336284085,-0.95300581587,2.24614519696,-2.54309448554,retreating,retreating,advancing,retreating,0,300,2013-2025,0.61198388300,advancing,40020,1.59994000000,200.00001959800,39348,8.48528137400,0.82604840912,0.51371591035,0.11837199832,0.05934205300,5.13889400000,0.22808353193,2.67735180471,Moderate
1,301,301.00000000000,-3.82550208479,-0.55903360571,0.03438127517,-0.90531406699,retreating,retreating,stable,retreating,0,301,2013-2025,0.25793343500,stable,39603,19.69250000000,199.99994135500,44073,37.58989226000,0.78017887019,0.56235004158,0.00000000000,0.77274190064,6.56499900000,0.40168800266,3.17288768490,Moderate
1,302,302.00000000000,-5.29329569601,-0.60847329036,0.13483141786,-0.89804131134,retreating,retreating,stable,retreating,0,302,2013-2025,0.20806573600,stable,39190,10.22380000000,199.99997323500,44073,30.00000000000,0.78593505167,0.56920011685,0.00000000000,0.39938572326,5.71052900000,0.29767054805,2.86926743146,Moderate
1,303,303.00000000000,-4.09900085807,-1.35480191993,-1.25306828964,-1.25108587659,retreating,retreating,retreating,retreating,0,303,2013-2025,0.26943772200,stable,40018,4.03879000000,200.00006122600,39504,6.00000000000,0.87282887120,0.56076975548,0.37659486151,0.15550729970,5.34050900000,0.25262679163,3.02872619349,Moderate
1,304,304.00000000000,-4.67517741190,-2.34033558408,-2.31788182908,-1.23933309467,retreating,retreating,retreating,retreating,0,304,2013-2025,-0.28414752200,stable,39189,14.69340000000,200.00001967200,39529,12.00000000000,0.98757294099,0.63681297914,0.00000000000,0.57562460709,4.57184700000,0.15905502820,3.20336058180,Moderate
1,305,305.00000000000,-3.46704225134,-1.72507306821,0.79289589389,-4.73998191653,retreating,retreating,advancing,retreating,0,305,2013-2025,0.26274729700,stable,40017,5.60857000000,199.99996715100,39544,6.00000000000,0.91593893434,0.56168878555,0.37659486151,0.21740460835,5.72798300000,0.29979528111,3.15119960774,Moderate
1,306,306.00000000000,-1.27942647466,-3.97222299145,-1.06058470098,-2.05846239056,retreating,retreating,retreating,retreating,0,306,2013-2025,0.06866087500,stable,39600,22.58340000000,200.00000149000,39572,4.24264068700,1.00000000000,0.58834946221,0.55918599916,0.88673178518,5.12774900000,0.22672681428,3.80935722480,High
1,307,307.00000000000,-1.33255006746,-1.09399063425,-0.83974857064,-2.39663264323,retreating,retreating,retreating,retreating,0,307,2013-2025,-0.64615541100,retreating,40016,7.74346000000,200.00000904100,39571,0.00000000000,0.84246304053,0.68654018406,1.00000000000,0.30158453221,4.30298200000,0.12632520394,3.54696277896,High
1,308,308.00000000000,-1.47339737420,-1.15702959466,0.27407485123,0.16670399485,retreating,retreating,stable,stable,0,308,2013-2025,-0.28094210000,stable,39599,21.38800000000,200.00000355600,39571,0.00000000000,0.84980256341,0.63637266643,1.00000000000,0.83959647738,4.55505800000,0.15701124779,3.89731417021,High
1,309,309.00000000000,3.04270743486,-0.27282487632,-0.87070583178,-0.84307770874,advancing,stable,retreating,retreating,0,309,2013-2025,-2.13825455800,retreating,36516,1.84068000000,200.00002778200,36975,4.24264068700,0.74685605676,0.89150234733,0.55918599916,0.06883456982,6.39592000000,0.38110545768,3.30225296429,Moderate
1,310,310.00000000000,1.31688450147,-0.57107181935,-0.34713065030,-1.63870441612,advancing,retreating,stable,retreating,0,310,2013-2025,-2.56520701500,retreating,36517,0.17276400000,200.00001691800,36928,6.00000000000,0.78158045968,0.95015066127,0.37659486151,0.00306769815,7.70781100000,0.54080628105,3.32036311829,Moderate
1,311,311.00000000000,2.62841801308,-0.82381590576,0.15510031751,-2.33902826399,advancing,retreating,stable,retreating,0,311,2013-2025,-2.31079549600,retreating,36518,1.66908000000,200.00005437700,36976,6.00000000000,0.81100703956,0.91520342911,0.37659486151,0.06206828534,5.77650400000,0.30570190266,3.22473337327,Moderate
1,312,312.00000000000,2.29078411548,-0.27837413424,-0.51851001866,-0.87116243037,advancing,stable,retreating,retreating,0,312,2013-2025,-2.33002985700,retreating,36518,1.66908000000,200.00004013600,36467,0.00000000000,0.74750214777,0.91784555664,1.00000000000,0.06206828534,5.79415000000,0.30785000850,3.57661271812,High
1,313,313.00000000000,3.89924202368,-0.34672695913,-0.10631885875,-0.90257035049,advancing,stable,stable,retreating,0,313,2013-2025,-2.20351845600,retreating,36519,1.64703000000,199.99994541800,36977,0.00000000000,0.75546035518,0.90046732110,1.00000000000,0.06119884045,6.33422100000,0.37359463468,3.61016703791,High
1,314,314.00000000000,2.74891277393,-0.59296940770,0.44458240574,-2.81804553342,advancing,retreating,stable,retreating,0,314,2013-2025,-1.87914470600,retreating,36519,1.64703000000,200.00003965200,44073,0.00000000000,0.78412996001,0.85590972877,1.00000000000,0.06119884045,6.78452100000,0.42841114059,3.63929981774,High
1,315,315.00000000000,4.98247241574,-0.73020036168,-0.11030047281,-1.64674998555,advancing,retreating,stable,retreating,0,315,2013-2025,-2.82734654700,retreating,36520,0.16501500000,199.99999970000,44073,0.00000000000,0.80010753514,0.98615945174,1.00000000000,0.00276215045,5.37065800000,0.25629692895,3.62601992048,High
1,316,316.00000000000,5.10787131464,-0.52391561052,0.55847795961,-1.39321801584,advancing,retreating,advancing,retreating,0,316,2013-2025,-2.74401542600,retreating,36520,0.16501500000,199.99998756100,36853,0.00000000000,0.77609013955,0.97471267432,1.00000000000,0.00276215045,5.46107900000,0.26730417585,3.59431380706,High
1,317,317.00000000000,2.44326992867,-0.67695526044,0.23978996768,-1.68656392841,advancing,retreating,stable,retreating,0,317,2013-2025,-2.14465675300,retreating,36042,0.40194400000,200.00000014100,44073,0.00000000000,0.79390829524,0.89238178469,1.00000000000,0.01210439556,5.26378200000,0.24328656056,3.53747831364,High
1,318,318.00000000000,1.81436127319,-1.14368190422,0.15102277650,-2.83896471554,advancing,retreating,stable,retreating,0,318,2013-2025,-2.87292529300,retreating,36042,0.40194400000,200.00005194600,36799,0.00000000000,0.84824851368,0.99242037509,1.00000000000,0.01210439556,4.99780400000,0.21090818034,3.66774894729,High
1,319,319.00000000000,2.73729559085,-1.00896792330,0.65489129861,-3.43552047590,advancing,retreating,advancing,retreating,0,319,2013-2025,-2.85487961900,retreating,36042,0.40194400000,200.00004797700,36175,0.00000000000,0.83256398560,0.98994153151,1.00000000000,0.01210439556,4.93897000000,0.20374612325,3.64268010758,High
1,320,320.00000000000,1.19931220039,-0.52356220218,0.65377304060,-1.85523567168,advancing,retreating,advancing,retreating,0,320,2013-2025,-2.83732393500,retreating,36042,0.40194400000,199.99997938600,36175,0.00000000000,0.77604899279,0.98752999541,1.00000000000,0.01210439556,5.06563300000,0.21916522849,3.58262892359,High
1,321,321.00000000000,2.89205515941,-0.28099776648,0.33535493877,-1.40389866638,advancing,stable,stable,retreating,0,321,2013-2025,-2.64913959300,retreating,36042,0.40194400000,199.99993095700,36175,0.00000000000,0.74780761297,0.96168005782,1.00000000000,0.01210439556,6.06207600000,0.34046552519,3.59982941267,High
1,322,322.00000000000,1.34991659713,-0.22052313820,1.03056946681,-1.35139514470,advancing,stable,advancing,retreating,0,322,2013-2025,-2.37971394700,retreating,35553,1.63810000000,199.99996419400,36799,0.00000000000,0.74076665108,0.92467041046,1.00000000000,0.06084672677,7.49291200000,0.51464591617,3.69764548759,High
1,323,323.00000000000,3.16740106614,0.06552981548,0.44906520804,-0.39222865935,advancing,stable,stable,stable,0,323,2013-2025,-2.41880206900,retreating,35553,1.63810000000,200.00002984700,36753,0.00000000000,0.70746197436,0.93003974940,1.00000000000,0.06084672677,7.04503900000,0.46012485698,3.62986422487,High
1,324,324.00000000000,3.97453019990,-0.08671391468,0.39147031155,-1.32528041438,advancing,stable,stable,retreating,0,324,2013-2025,-2.63689412700,retreating,35553,1.63810000000,200.00000695700,36647,0.00000000000,0.72518746243,0.95999795967,1.00000000000,0.06084672677,7.43500100000,0.50759621892,3.70490485156,High
1,325,325.00000000000,4.18459816767,-0.09785831556,0.42086929893,-1.07945673395,advancing,stable,stable,retreating,0,325,2013-2025,-2.61580347000,retreating,35553,1.63810000000,200.00001170300,36647,0.00000000000,0.72648498676,0.95710084209,1.00000000000,0.06084672677,5.57069900000,0.28064858043,3.56781777247,High
1,326,326.00000000000,13.37466235040,-0.06430169647,-0.09198865244,-0.83637842018,advancing,stable,stable,retreating,0,326,2013-2025,-3.18826083900,retreating,35553,1.63810000000,200.00005138000,36647,3.00000000000,0.72257804458,1.00000000000,0.68829743076,0.06084672677,5.91106300000,0.32208221405,3.41253522859,High
1,327,327.00000000000,6.32057324721,0.09641658026,0.15933928138,-0.35251746818,advancing,stable,stable,stable,0,327,2013-2025,-2.62619593500,retreating,35553,1.63810000000,200.00003823400,36647,9.48683298100,0.70386587894,0.95852840279,0.01430992861,0.06084672677,6.67086200000,0.41457505522,2.95220109710,Moderate
1,328,328.00000000000,7.42625989650,-0.30448814773,0.18877439287,-1.26422370733,advancing,stable,stable,retreating,0,328,2013-2025,-2.91542522800,retreating,35554,0.80388800000,200.00001957600,36650,16.97056275000,0.75054255957,0.99825837763,0.00000000000,0.02795327537,7.24398800000,0.48434357569,3.05127963954,Moderate
1,329,329.00000000000,2.91351128584,0.33677184936,0.46444484645,-0.74553773824,advancing,stable,stable,retreating,0,329,2013-2025,-2.78263877500,retreating,35554,0.80388800000,199.99998459100,36650,16.15549442000,0.67588170877,0.98001816972,0.00000000000,0.02795327537,10.07565000000,0.82905114126,3.15375358970,Moderate
1,330,330.00000000000,3.03007408914,0.65092857006,-0.32312199412,0.27172944543,advancing,advancing,stable,stable,0,330,2013-2025,-2.34737510900,retreating,36043,0.17243100000,200.00002124300,36650,15.00000000000,0.63930495650,0.92022818676,0.00000000000,0.00305456792,6.30896100000,0.37051965147,2.76735575405,Moderate
1,331,331.00000000000,3.51443334721,0.08607244183,-0.21234855139,-0.50058072662,advancing,stable,stable,retreating,0,331,2013-2025,-2.80851562900,retreating,36043,0.17243100000,200.00001338100,36468,13.41640786000,0.70507023003,0.98357274315,0.00000000000,0.00305456792,5.93933900000,0.32552434490,2.87246211854,Moderate
1,332,332.00000000000,8.54099231921,0.34130016527,1.63124428767,-1.26211737844,advancing,stable,advancing,retreating,0,332,2013-2025,-2.45953836800,retreating,36044,1.09164000000,199.99998099400,36357,0.00000000000,0.67535448437,0.93563549013,1.00000000000,0.03929949847,6.04662900000,0.33858511087,3.50883672849,High
1,333,333.00000000000,0.00000000000,2.17631295958,3.88815878435,-0.25962038453,,advancing,advancing,stable,0,333,2013-2025,-2.58893395600,retreating,36521,0.01556500000,199.99997386200,44073,3.00000000000,0.46170695126,0.95340991194,0.68829743076,0.00000000000,7.26935700000,0.48743182783,3.12033104677,Moderate
1,334,334.00000000000,14.95634198080,1.30807134306,0.01879534173,-0.19757176064,advancing,advancing,stable,stable,0,334,2013-2025,-1.99879312100,retreating,36045,2.52824000000,200.00003422800,36315,6.70820393200,0.56279490012,0.87234523041,0.30301186646,0.09594544818,7.00556500000,0.45531955661,2.95570208492,Moderate
1,335,335.00000000000,0.00000000000,1.39896746698,0.12305387288,0.07661610684,,advancing,stable,stable,0,335,2013-2025,-1.79884216000,retreating,36522,0.03687000000,200.00008749400,36271,6.00000000000,0.55221201334,0.84487897148,0.37659486151,0.00000000000,6.32456600000,0.37241929965,2.85481550725,Moderate
1,336,336.00000000000,8.73705529771,0.32341648861,0.35699337976,-0.97303324121,advancing,stable,stable,retreating,0,336,2013-2025,-2.55379550700,retreating,36046,4.10319000000,199.99995610400,36521,6.70820393200,0.67743665154,0.94858311975,0.30301186646,0.15804661707,5.69788000000,0.29613074351,3.10364348202,Moderate
1,337,337.00000000000,10.55782035210,2.28920719499,3.06320184728,-0.94144726307,advancing,advancing,advancing,retreating,0,337,2013-2025,-2.45403367200,retreating,36523,0.03777000000,200.00003067800,36272,6.70820393200,0.44856286040,0.93487933769,0.30301186646,0.00000000000,5.02627600000,0.21437417092,2.66310981266,Moderate
1,338,338.00000000000,3.60133312292,2.00831322299,-0.01406503242,1.50156134056,advancing,advancing,stable,advancing,0,338,2013-2025,-2.14460656400,retreating,35559,11.62990000000,200.00002003700,44073,0.00000000000,0.48126688534,0.89237489048,1.00000000000,0.45482905267,4.63520400000,0.16676768502,3.42057061729,High
1,339,339.00000000000,2.09606820934,2.66375591272,0.35133653099,1.61207003832,advancing,advancing,stable,advancing,0,339,2013-2025,-2.12883780000,retreating,36048,2.87984000000,200.00004505000,35946,0.34100000000,0.40495476687,0.89020881460,0.96456980796,0.10980923244,5.22152100000,0.23814198948,3.11203660614,Moderate
1,340,340.00000000000,3.73111139612,0.89329818991,-0.02112905786,0.04266011467,advancing,advancing,stable,stable,0,340,2013-2025,-2.10571443600,retreating,35560,5.46607000000,199.99997570500,36138,12.45000000000,0.61108625877,0.88703247426,0.00000000000,0.21178575572,7.54314000000,0.52076033647,2.93764076682,Moderate
1,341,341.00000000000,1.40969668085,1.25151969509,0.27113867163,-0.47823127975,advancing,advancing,stable,stable,0,341,2013-2025,-1.85179277500,retreating,36049,2.86542000000,199.99993417300,36028,0.00400000000,0.56937911584,0.85215253143,0.99958439657,0.10924065180,11.46876000000,0.99863902168,3.75507524547,High
1,342,342.00000000000,3.63092996094,1.90720845338,-0.06807593603,1.01010673046,advancing,advancing,stable,advancing,0,342,2013-2025,-1.92463534900,retreating,35561,5.55513000000,200.00002681700,36139,3.00000000000,0.49303834801,0.86215854985,0.68829743076,0.21529743520,10.61411000000,0.89459965508,3.47075470340,High
1,343,343.00000000000,4.96286310060,2.17589644351,1.30667776940,0.11407144291,advancing,advancing,advancing,stable,0,343,2013-2025,-1.82787658400,retreating,36050,2.79797000000,200.00003181400,36139,3.00000000000,0.46175544555,0.84886728443,0.68829743076,0.10658105830,10.18145000000,0.84193052461,3.31670185929,Moderate
1,344,344.00000000000,1.59832704920,2.11806762638,0.05472594363,1.30574742402,advancing,advancing,stable,advancing,0,344,2013-2025,-2.08316187600,retreating,35562,7.22331000000,199.99996117500,36139,10.81665383000,0.46848835998,0.88393454240,0.00000000000,0.28107471610,8.00135100000,0.57653987453,2.84590024108,Moderate
1,345,345.00000000000,2.22635935181,2.48505903747,-1.33550684640,1.93189744727,advancing,advancing,retreating,advancing,0,345,2013-2025,-1.34111795800,retreating,36051,1.68425000000,200.00006203400,35949,3.00000000000,0.42576015127,0.78200369754,0.68829743076,0.06266644616,7.22990600000,0.48262932733,2.97159075562,Moderate
1,346,346.00000000000,8.56084426267,1.66194949578,-0.14813010250,0.11141880589,advancing,advancing,stable,stable,0,346,2013-2025,-1.06586888800,retreating,36052,2.04265000000,200.00002972800,35949,0.00000000000,0.52159344661,0.74419411569,1.00000000000,0.07679836046,7.56276400000,0.52314923079,3.29937362338,Moderate
1,347,347.00000000000,2.87255329850,1.23762991915,-0.31192984979,1.02545146968,advancing,advancing,stable,advancing,0,347,2013-2025,-1.17536815000,retreating,35564,14.38640000000,200.00004513100,35949,0.00000000000,0.57099627969,0.75923547917,1.00000000000,0.56351941706,4.48021700000,0.14790060573,3.47676929717,High
1,348,348.00000000000,3.96138280770,2.34796678624,0.72715364178,0.59102354903,advancing,advancing,advancing,advancing,0,348,2013-2025,-1.49700354500,retreating,36053,1.80496000000,200.00007027700,35949,9.00000000000,0.44172157747,0.80341691743,0.06489229226,0.06742611037,5.58957400000,0.28294629650,2.46829734869,Low
1,349,349.00000000000,4.19795986255,1.32424690800,-0.28673946343,0.77821496383,advancing,advancing,stable,advancing,0,349,2013-2025,-1.41458623600,retreating,35565,12.99000000000,200.00002216700,35949,3.00000000000,0.56091160560,0.79209566577,0.68829743076,0.50845855710,5.88506800000,0.31891775686,3.34591085242,Moderate
1,350,350.00000000000,0.68067023542,0.66411242392,0.63349103554,-0.82361247739,advancing,advancing,advancing,retreating,0,350,2013-2025,-1.61279010300,retreating,36054,0.97588000000,200.00004314500,35949,3.00000000000,0.63776998200,0.81932193517,0.68829743076,0.03473501740,10.00788000000,0.82080127538,3.43951275344,High
1,351,351.00000000000,2.57681651194,0.17820102568,-2.64907016148,0.92045151760,advancing,stable,retreating,advancing,0,351,2013-2025,-1.55431907400,retreating,35566,8.18832000000,199.99997288000,35949,34.20526275000,0.69434384996,0.81129006368,0.00000000000,0.31912561300,9.63964600000,0.77597493463,3.19845611320,Moderate
1,352,352.00000000000,5.91157024493,0.67713598463,0.26634084936,0.12579600317,advancing,advancing,stable,stable,0,352,2013-2025,-1.45188188100,retreating,36055,0.34315600000,199.99997804100,35730,45.89117562000,0.63625367016,0.79721878114,0.00000000000,0.00978635139,10.57398000000,0.88971449767,2.97526124901,Moderate
1,353,353.00000000000,4.50545829127,2.09269124595,1.86321174131,2.55127097681,advancing,advancing,advancing,advancing,0,353,2013-2025,-1.89202968100,retreating,35063,13.45910000000,200.00006204400,44073,47.43416490000,0.47144289037,0.85767967305,0.00000000000,0.52695543548,8.84937300000,0.67977239281,3.05623789345,Moderate
1,354,354.00000000000,4.80716343526,1.97155162595,2.23132671228,0.84668276912,advancing,advancing,advancing,advancing,0,354,2013-2025,-1.70954533200,retreating,35568,3.34904000000,200.00008855000,35454,49.65883607000,0.48554697785,0.83261271486,0.00000000000,0.12831005924,6.31022900000,0.37067400930,2.59517695713,Low
1,355,355.00000000000,4.09360027233,1.59825388009,2.17100380952,-1.12136882176,advancing,advancing,advancing,retreating,0,355,2013-2025,-1.57232678200,retreating,35064,9.31157000000,199.99995166300,35455,38.41874542000,0.52900942278,0.81376369206,0.00000000000,0.36341599640,5.50460800000,0.27260310476,2.73190509176,Moderate
1,356,356.00000000000,13.25787006730,2.33281114005,3.28804431131,0.36349962467,advancing,advancing,advancing,stable,0,356,2013-2025,-1.86888659500,retreating,35569,2.35850000000,199.99998153300,35134,22.84731932000,0.44348612452,0.85450062360,0.00000000000,0.08925250545,7.69433400000,0.53916568134,2.63826513075,Moderate
1,357,357.00000000000,3.94622529342,1.88042752758,-0.15508829552,3.25909587725,advancing,advancing,stable,advancing,0,357,2013-2025,-1.31619149500,retreating,35065,9.44146000000,200.00002872000,44073,59.77457654000,0.49615640732,0.77857967455,0.00000000000,0.36853761241,10.07635000000,0.82913635457,3.00030623726,Moderate
1,358,358.00000000000,3.83569123129,2.32525063021,-0.61602479681,4.49669413955,advancing,advancing,retreating,advancing,0,358,2013-2025,-0.97644880900,retreating,35570,1.39193000000,200.00000252300,35544,64.13267498000,0.44436638229,0.73191092870,0.00000000000,0.05114010264,5.57557400000,0.28124203027,2.35444077228,Low
1,359,359.00000000000,4.67961440112,2.35181406160,0.49178733038,2.99951060707,advancing,advancing,stable,advancing,0,359,2013-2025,-1.04730757800,retreating,35571,0.78971600000,200.00008894100,35392,21.21320344000,0.44127364550,0.74164444179,0.00000000000,0.02739446469,6.80912300000,0.43140602329,2.43298526363,Low
1,360,360.00000000000,0.00000000000,0.30277852438,-0.05902512715,-0.44411550624,,stable,stable,stable,0,360,2013-2025,-1.13826823700,retreating,35067,10.06240000000,199.99999571000,35392,0.00000000000,0.67983949590,0.75413925051,1.00000000000,0.39302163619,9.36900500000,0.74302891202,3.84309942288,High
1,361,361.00000000000,0.00000000000,2.74959417294,1.29221900002,0.99535462291,,advancing,advancing,advancing,0,361,2013-2025,-1.38224758400,retreating,35572,0.18325200000,199.99997959800,35392,4.24264068700,0.39496075887,0.78765346762,0.55918599916,0.00348124606,10.89298000000,0.92854742103,3.07925092990,Moderate
1,362,362.00000000000,0.00000000000,4.63524546470,1.08043113619,3.89367922890,,advancing,advancing,advancing,0,362,2013-2025,-1.02326587400,retreating,35068,7.26392000000,200.00000873800,35392,6.00000000000,0.17541746848,0.73834195370,0.37659486151,0.28267598494,6.43342300000,0.38567082171,2.51604411674,Low
1,363,363.00000000000,10.69612059050,0.28119885487,-0.56008150083,-0.41037488594,advancing,stable,retreating,stable,0,363,2013-2025,-0.88326320500,retreating,35573,0.11415500000,199.99999208100,35392,36.24913792000,0.68235198147,0.71911049046,0.00000000000,0.00075671207,6.34840900000,0.37532178677,2.64895041110,Moderate
1,364,364.00000000000,2.32937521669,1.34643364638,0.67810220672,0.45385203495,advancing,advancing,advancing,stable,0,364,2013-2025,-0.52811339700,retreating,35069,3.87377000000,199.99992691300,35392,6.00000000000,0.55832844000,0.67032534566,0.37659486151,0.14900045876,10.07881000000,0.82943581849,3.08925369629,Moderate
1,365,365.00000000000,4.93021058574,1.00595921630,0.41860761609,0.61015466665,advancing,advancing,stable,advancing,0,365,2013-2025,-0.71496598100,retreating,35574,0.04891000000,200.00001390300,35292,0.00000000000,0.59796932005,0.69599234635,1.00000000000,0.00000000000,12.19799000000,1.00000000000,3.58317698526,High
1,366,366.00000000000,3.42624136609,1.43296611458,0.00674984515,0.94974883722,advancing,advancing,stable,advancing,0,366,2013-2025,-0.59591013900,retreating,35070,2.05999000000,200.00004862300,35020,15.00000000000,0.54825360651,0.67963824349,0.00000000000,0.07748208430,9.01422700000,0.69984061459,2.70270648478,Moderate
1,367,367.00000000000,4.79893638042,1.16220959827,-0.01501526013,0.84537885858,advancing,advancing,stable,advancing,0,367,2013-2025,-0.61630304500,retreating,34550,2.51041000000,200.00001530600,34960,6.70820393200,0.57977734408,0.68243951453,0.30301186646,0.09524240533,9.16821300000,0.71858583884,2.97197303493,Moderate
1,368,368.00000000000,0.00000000000,0.89864490623,-0.07844548216,0.32048327643,,advancing,stable,stable,0,368,2013-2025,0.02050675600,stable,34550,2.51041000000,200.00002569400,34961,0.00000000000,0.61046374935,0.59496415161,1.00000000000,0.09524240533,6.95838900000,0.44957666636,3.24668222603,Moderate
1,369,369.00000000000,0.00000000000,0.77200863272,0.05822207229,0.57731666268,,advancing,stable,advancing,0,369,2013-2025,-0.27348567400,stable,34550,2.51041000000,199.99997204900,34772,0.00000000000,0.62520780319,0.63534841465,1.00000000000,0.09524240533,7.79135400000,0.55097624630,3.35939402165,Moderate
1,370,370.00000000000,4.41323827626,1.08300663118,-0.45788431293,0.97407923459,advancing,advancing,stable,advancing,0,370,2013-2025,-0.23536168800,stable,34032,2.61356000000,200.00005654400,34962,9.48683298100,0.58899881577,0.63011151423,0.01430992861,0.09930966390,8.74490200000,0.66705479301,2.71399757658,Moderate
1,371,371.00000000000,3.92479730844,0.68452411225,-0.65692970711,0.35834707413,advancing,advancing,retreating,stable,0,371,2013-2025,-0.19864317000,stable,34032,2.61356000000,200.00002243400,34706,19.20937271000,0.63539348257,0.62506767590,0.00000000000,0.09930966390,9.44782400000,0.75262380916,2.80653062571,Moderate
1,372,372.00000000000,3.64298156044,0.79473752594,0.23036309800,0.32072233289,advancing,advancing,stable,stable,0,372,2013-2025,-0.40389021400,stable,34032,2.61356000000,200.00003351600,35022,6.00000000000,0.62256151539,0.65326143113,0.37659486151,0.09930966390,8.28147200000,0.61063992884,2.98611945436,Moderate
1,373,373.00000000000,1.70160753354,1.00442297227,-0.20556368167,0.92165650843,advancing,advancing,stable,advancing,0,373,2013-2025,-0.07402788600,stable,34032,2.61356000000,200.00009323900,35022,9.00000000000,0.59814818243,0.60794990042,0.06489229226,0.09930966390,8.31920100000,0.61523280459,2.70935076539,Moderate
1,374,374.00000000000,3.39536657932,1.05474680619,-0.25386606794,0.53567682485,advancing,advancing,stable,advancing,0,374,2013-2025,-0.08758817500,stable,34033,0.09107600000,200.00008113000,35022,18.97366596000,0.59228906090,0.60981260919,0.00000000000,0.00000000000,11.39395000000,0.98953215336,2.81688399229,Moderate
1,375,375.00000000000,1.97394933489,0.94179038388,-0.45565412559,0.96811046339,advancing,advancing,stable,advancing,0,375,2013-2025,-0.10414875200,stable,34551,0.16501500000,199.99996170600,35022,15.00000000000,0.60544039207,0.61208745245,0.00000000000,0.00276215045,9.42015300000,0.74925532696,2.69217985963,Moderate
1,376,376.00000000000,1.61593446409,1.57522603288,-0.71029631087,1.91473213494,advancing,advancing,retreating,advancing,0,376,2013-2025,0.27702639200,stable,34551,0.16501500000,200.00001111100,35022,9.00000000000,0.53169051730,0.55972733801,0.06489229226,0.00276215045,9.56297300000,0.76664127716,2.61446974024,Moderate
1,377,377.00000000000,3.73009149450,2.40630279341,-0.23539702998,3.40341534961,advancing,advancing,stable,advancing,0,377,2013-2025,-0.03861386300,stable,34551,0.16501500000,200.00006610000,34773,0.00000000000,0.43492961173,0.60308525401,1.00000000000,0.00276215045,6.74878600000,0.42406100105,2.96650356680,Moderate
1,378,378.00000000000,3.18136906289,1.44541746046,-1.05132560872,1.46137218569,advancing,advancing,retreating,advancing,0,378,2013-2025,-0.13338101400,stable,34552,2.27365000000,200.00004487100,35027,0.00000000000,0.54680391671,0.61610294141,1.00000000000,0.08590681907,4.21050700000,0.11506791684,2.98184154814,Moderate
1,379,379.00000000000,-4.15442390095,0.44717577208,-1.70844483723,0.57174151249,retreating,stable,retreating,advancing,0,379,2013-2025,-0.13942492200,stable,34552,2.27365000000,199.99999094700,34614,15.00000000000,0.66302756094,0.61693316269,0.00000000000,0.08590681907,4.37032800000,0.13452345490,2.45252669570,Low
1,380,380.00000000000,-0.05700410494,-0.07039543486,-1.67554881683,0.05970594791,stable,stable,retreating,stable,0,380,2013-2025,-0.50401205800,retreating,34553,2.75196000000,199.99999023500,35027,21.21320344000,0.72328752856,0.66701466581,0.00000000000,0.10476685728,5.54554600000,0.27758662268,2.66546806148,Moderate
1,381,381.00000000000,-0.63988965839,-0.39609781178,-0.70708583038,-0.76746009205,retreating,stable,retreating,retreating,0,381,2013-2025,-0.39218795900,stable,34553,2.75196000000,200.00003409400,35027,0.00000000000,0.76120852266,0.65165395116,1.00000000000,0.10476685728,6.39661600000,0.38119018406,3.43969957384,High
1,382,382.00000000000,-0.49545648305,-0.41720847930,-1.24242324689,-1.09324562029,stable,stable,retreating,retreating,0,382,2013-2025,-0.48514469800,stable,34554,2.18109000000,199.99995665100,34874,33.00000000000,0.76366640309,0.66442295136,0.00000000000,0.08225713321,5.66147400000,0.29169892092,2.70447673147,Moderate
1,383,383.00000000000,2.29269992747,-0.20953810283,-0.53161424781,-1.54218615178,advancing,stable,retreating,retreating,0,383,2013-2025,-0.10070672900,stable,34555,1.65673000000,199.99998705800,34874,21.84032967000,0.73948768141,0.61161463904,0.00000000000,0.06158131930,5.80829300000,0.30957168259,2.62748109075,Moderate
1,384,384.00000000000,6.21037947018,1.22707315735,1.22648618917,-1.28680778388,advancing,advancing,advancing,retreating,0,384,2013-2025,-0.25511112200,stable,34555,1.65673000000,200.00002258200,35027,4.24264068700,0.57222538617,0.63282439476,0.55918599916,0.06158131930,6.03952500000,0.33772031750,2.84360291214,Moderate
1,385,385.00000000000,2.49616137906,1.37472935110,0.30792367714,0.94776186639,advancing,advancing,stable,advancing,0,385,2013-2025,0.08514158800,stable,35071,0.02821500000,199.99998392700,34539,0.00000000000,0.55503401746,0.58608558947,1.00000000000,0.00000000000,6.99525200000,0.45406412107,3.11110170447,Moderate
1,386,386.00000000000,11.36389365430,1.31627195952,0.13800477650,0.42415531591,advancing,advancing,stable,stable,0,386,2013-2025,0.66010213000,advancing,34556,0.29844200000,199.99999563500,34749,0.00000000000,0.56184011578,0.50710614852,1.00000000000,0.00802325292,6.36403700000,0.37722423481,3.01142031689,Moderate
1,387,387.00000000000,0.00000000000,0.46481631372,-0.67324256160,-0.14501545278,,stable,retreating,stable,0,387,2013-2025,0.25674575300,stable,35072,0.03942500000,199.99996016200,34749,0.00000000000,0.66097370157,0.56251318749,1.00000000000,0.00000000000,5.56729700000,0.28023444373,3.11283558048,Moderate
1,388,388.00000000000,13.52195071980,1.07519633254,-0.40654471008,-0.15769219055,advancing,advancing,stable,stable,0,388,2013-2025,0.46573222000,stable,34557,1.68350000000,199.99998149400,34540,0.00000000000,0.58990815605,0.53380576650,1.00000000000,0.06263687538,5.81242600000,0.31007480633,3.06436356628,Moderate
1,389,389.00000000000,6.39188687324,1.69922338496,1.10883179243,-0.99301298433,advancing,advancing,advancing,retreating,0,389,2013-2025,0.47030773900,stable,35073,0.05904800000,199.99995916200,34815,0.00000000000,0.51725370876,0.53317725045,1.00000000000,0.00000000000,6.13422300000,0.34924821773,2.95828150694,Moderate
1,390,390.00000000000,4.65089337326,1.91615004050,0.40775439744,0.11343611083,advancing,advancing,stable,stable,0,390,2013-2025,0.48560695000,stable,34558,3.09159000000,200.00004972800,34541,0.00000000000,0.49199729367,0.53107567470,1.00000000000,0.11815865597,5.95756700000,0.32774329953,2.99388496874,Moderate
1,391,391.00000000000,3.00406565410,4.87389230684,1.28353416651,2.77796595616,advancing,advancing,advancing,advancing,0,391,2013-2025,0.70550421100,advancing,35074,0.09627100000,200.00006471600,34711,0.00000000000,0.14763220765,0.50086949276,1.00000000000,0.00005153578,5.91149300000,0.32213455937,2.47473717590,Low
1,392,392.00000000000,1.75696596291,1.52888606726,1.81435441282,-0.45241992348,advancing,advancing,advancing,stable,0,392,2013-2025,0.19208700700,stable,34559,3.14725000000,199.99997081700,34711,0.00000000000,0.53708580357,0.57139503457,1.00000000000,0.12035336163,6.16273600000,0.35271919938,3.09828969117,Moderate
1,393,393.00000000000,2.31648654341,0.96531802882,0.75516854206,-0.58201894282,advancing,advancing,advancing,retreating,0,393,2013-2025,0.31785808600,stable,35075,0.09496400000,200.00000084300,34711,0.00000000000,0.60270110692,0.55411849335,1.00000000000,0.00000000000,9.24599500000,0.72805449854,3.30504773571,Moderate
1,394,394.00000000000,4.04503039119,2.46290645120,0.92198054313,-1.68219098691,advancing,advancing,advancing,retreating,0,394,2013-2025,0.49366306800,stable,34560,1.87328000000,199.99999649000,34711,0.00000000000,0.42833934060,0.52996904624,1.00000000000,0.07012000805,10.38527000000,0.86674220624,3.20792443383,Moderate
1,395,395.00000000000,1.35400788660,3.50750399192,1.18354070478,0.71214379384,advancing,advancing,advancing,advancing,0,395,2013-2025,-0.04440465800,stable,34561,0.74589300000,199.99994624300,34711,0.00000000000,0.30671856043,0.60388070642,1.00000000000,0.02566649886,10.05592000000,0.82664934321,3.07173651252,Moderate
1,396,396.00000000000,1.34035232533,4.93384819364,1.38182679338,5.23809293334,advancing,advancing,advancing,advancing,0,396,2013-2025,0.16243689800,stable,35077,0.10092900000,199.99991677900,34711,0.00000000000,0.14065164199,0.57546792108,1.00000000000,0.00023520330,11.05079000000,0.94775815342,2.90533801718,Moderate
1,397,397.00000000000,1.49702427737,2.77877755665,-0.28420842327,3.50783724289,advancing,advancing,stable,advancing,0,397,2013-2025,0.00335433000,stable,34562,0.15774800000,199.99997766800,34581,0.00000000000,0.39156298532,0.59732029419,1.00000000000,0.00247560860,8.92459200000,0.68892905006,3.06872304647,Moderate
1,398,398.00000000000,7.06980143410,1.94448553370,0.51722708564,2.08852605855,advancing,advancing,advancing,advancing,0,398,2013-2025,0.41305793200,stable,35077,0.10092900000,200.00004778900,34107,0.00000000000,0.48869823863,0.54104136880,1.00000000000,0.00023520330,13.56953000000,1.00000000000,3.32159600569,Moderate
1,399,399.00000000000,8.34547990475,2.11058611091,0.99305871746,2.44230421092,advancing,advancing,advancing,advancing,0,399,2013-2025,0.56880312000,advancing,34046,1.77444000000,200.00002626700,34606,0.00000000000,0.46935942057,0.51964743482,1.00000000000,0.06622269099,14.40477000000,1.00000000000,3.32526945994,Moderate
1,400,400.00000000000,5.60296600584,3.17252235189,0.99200144628,3.48407702634,advancing,advancing,advancing,advancing,0,400,2013-2025,0.84600288200,advancing,34563,2.26188000000,200.00002815200,34425,0.00000000000,0.34571992393,0.48156989621,1.00000000000,0.08544272091,13.53511000000,1.00000000000,3.15884217148,Moderate
1,401,401.00000000000,-0.59053026272,2.45973224168,1.40378256235,2.51701196121,retreating,advancing,advancing,advancing,0,401,2013-2025,0.64452596600,advancing,35078,0.08671200000,200.00003260400,34582,0.00000000000,0.42870890861,0.50924576791,1.00000000000,0.00000000000,8.94477900000,0.69138648023,3.03785439210,Moderate
1,402,402.00000000000,2.05055201970,2.55739973955,1.89775877235,2.48064737751,advancing,advancing,advancing,advancing,0,402,2013-2025,0.77156769200,advancing,34564,3.52887000000,200.00000054800,34787,0.00000000000,0.41733764185,0.49179468428,1.00000000000,0.13540086082,7.52729500000,0.51883147230,2.99802874418,Moderate
1,403,403.00000000000,4.47376658275,2.96395818662,1.62671227445,3.91010016395,advancing,advancing,advancing,advancing,0,403,2013-2025,0.92245920400,advancing,34564,3.52887000000,199.99999642400,34787,0.00000000000,0.37000270798,0.47106747539,1.00000000000,0.13540086082,10.51442000000,0.88246406220,3.14226159925,Moderate
1,404,404.00000000000,6.07067293123,3.21026101356,0.46653469109,4.82717075065,advancing,advancing,stable,advancing,0,404,2013-2025,1.05173836700,advancing,35080,2.00684000000,200.00000012600,34787,0.00000000000,0.34132607339,0.45330904628,1.00000000000,0.07538635214,7.77172600000,0.54858686505,2.85190555516,Moderate
1,405,405.00000000000,14.82835790200,5.32825071146,-1.54030588503,11.06569992950,advancing,advancing,retreating,advancing,0,405,2013-2025,0.91501469800,advancing,35080,2.00684000000,200.00004355600,34786,0.00000000000,0.09473200304,0.47209008977,1.00000000000,0.07538635214,8.81714200000,0.67584880675,2.65077966343,Moderate
1,406,406.00000000000,7.01689832077,5.52192678667,-1.32102534805,11.56071005230,advancing,advancing,retreating,advancing,0,406,2013-2025,0.98483052800,advancing,35081,5.73386000000,199.99998395100,34787,0.00000000000,0.07218261492,0.46249983997,1.00000000000,0.22234486067,8.82097300000,0.67631516703,2.71600578121,Moderate
1,407,407.00000000000,5.40921911692,3.34185686054,0.27857194179,1.06257215878,advancing,advancing,stable,advancing,0,407,2013-2025,1.28183563200,advancing,34567,22.65330000000,199.99994688600,34787,0.00000000000,0.32600458453,0.42170174104,1.00000000000,0.88948792674,5.59684900000,0.28383190627,3.20154286943,Moderate
1,408,408.00000000000,1.58777742396,2.27059844450,1.32646958446,1.85731270192,advancing,advancing,advancing,advancing,0,408,2013-2025,1.67285159300,advancing,35082,5.78425000000,199.99992570800,34583,0.00000000000,0.45072944673,0.36798984301,1.00000000000,0.22433175768,7.50908000000,0.51661410020,2.99167346351,Moderate
1,409,409.00000000000,5.21220122339,2.40305379528,3.74533127011,1.92148368243,advancing,advancing,advancing,advancing,0,409,2013-2025,1.27620130300,advancing,34568,17.88940000000,199.99999876700,34583,0.00000000000,0.43530788726,0.42247570051,1.00000000000,0.70164469946,6.21792500000,0.35943753858,3.24990165005,Moderate
1,410,410.00000000000,3.51619502411,3.26813691820,0.49495159461,4.71515156479,advancing,advancing,stable,advancing,0,410,2013-2025,1.22197040500,advancing,35083,4.06610000000,199.99997540300,44073,0.00000000000,0.33458767664,0.42992512650,1.00000000000,0.15658414430,11.25605000000,0.97274513100,3.13371998944,Moderate
1,411,411.00000000000,3.62795168759,4.43184430140,1.18150027523,4.54648408240,advancing,advancing,advancing,advancing,0,411,2013-2025,2.24824166600,advancing,34569,3.78338000000,200.00002034300,34819,0.00000000000,0.19909913266,0.28895139954,1.00000000000,0.14543633121,11.61124000000,1.00000000000,2.86143336270,Moderate
1,412,412.00000000000,1.55720420101,2.57208908674,3.17813088975,2.01603348608,advancing,advancing,advancing,advancing,0,412,2013-2025,0.52133015300,advancing,35084,1.42241000000,199.99996533100,34819,0.00000000000,0.41562738523,0.52616855778,1.00000000000,0.05234194736,7.50963700000,0.51668190565,2.96744153013,Moderate
1,413,413.00000000000,2.49850071103,2.23491774070,2.63296411608,1.39343396273,advancing,advancing,advancing,advancing,0,413,2013-2025,0.76059287900,advancing,34570,7.23064000000,200.00007525700,34819,0.00000000000,0.45488369262,0.49330223921,1.00000000000,0.28136373982,9.70190000000,0.78355331961,3.30207783238,Moderate
1,414,414.00000000000,6.05717653435,4.13736968118,6.36339928629,1.59140570826,advancing,advancing,advancing,advancing,0,414,2013-2025,0.79229180500,advancing,35085,2.01176000000,199.99996468600,34888,0.00000000000,0.23338433022,0.48894791700,1.00000000000,0.07558035076,8.89142400000,0.68489139990,2.83566256086,Moderate
1,415,415.00000000000,6.80086272763,4.75770919622,6.48759380261,1.46106353726,advancing,advancing,advancing,advancing,0,415,2013-2025,0.68411082600,advancing,34571,13.96810000000,199.99994382400,34888,0.00000000000,0.16115921686,0.50380819457,1.00000000000,0.54702558658,11.73472000000,1.00000000000,3.27199383232,Moderate
1,416,416.00000000000,2.86218050445,3.91722952526,8.09296128076,0.51858519739,advancing,advancing,advancing,advancing,0,416,2013-2025,0.65147340700,advancing,35086,3.57149000000,199.99998236200,34888,0.00000000000,0.25901488789,0.50829143284,1.00000000000,0.13708138932,7.28367800000,0.48917517045,2.80699588150,Moderate
1,417,417.00000000000,8.05530651667,2.04361028578,-0.48443559225,2.25772681828,advancing,advancing,stable,advancing,0,417,2013-2025,0.59407711000,advancing,34572,11.53530000000,199.99992770700,34888,0.00000000000,0.47715730615,0.51617567379,1.00000000000,0.45109893203,9.68329100000,0.78128798459,3.46208658158,High
1,418,418.00000000000,6.52184263772,0.89663970516,4.33310859057,-1.17007672902,advancing,advancing,advancing,retreating,0,418,2013-2025,0.48886709300,stable,35087,5.13631000000,200.00000601900,34552,0.00000000000,0.61069721162,0.53062784523,1.00000000000,0.19878312939,7.98358900000,0.57437764762,3.33756246683,Moderate
1,419,419.00000000000,4.69088520076,-0.05717663523,-0.09448314259,-0.69000121040,advancing,stable,stable,retreating,0,419,2013-2025,0.36330612000,stable,34573,16.29490000000,200.00000873800,34890,0.00000000000,0.72174848537,0.54787552526,1.00000000000,0.63877267846,8.95162100000,0.69221937948,3.85427194310,High
1,420,420.00000000000,4.60241031343,0.45121235181,0.06645220353,0.18012863230,advancing,stable,stable,stable,0,420,2013-2025,0.58963317400,advancing,35088,3.44494000000,200.00007953900,34890,0.00000000000,0.66255758857,0.51678611495,1.00000000000,0.13209145282,9.90739800000,0.80856926972,3.48267547786,High
1,421,421.00000000000,3.17544481083,2.62206021665,0.86384669204,2.43515333670,advancing,advancing,advancing,advancing,0,421,2013-2025,0.66707478500,advancing,34574,7.82997000000,200.00000263200,44073,0.00000000000,0.40980932845,0.50614834993,1.00000000000,0.30499565881,9.49381300000,0.75822220199,3.26022956748,Moderate
1,422,422.00000000000,0.60478313054,4.07132097977,2.57483004373,1.20401363400,advancing,advancing,advancing,advancing,0,422,2013-2025,0.60498591400,advancing,34575,5.91049000000,200.00002450100,34820,0.00000000000,0.24107427231,0.51467718619,1.00000000000,0.22930948231,11.04012000000,0.94645925909,3.12815999573,Moderate
1,423,423.00000000000,-0.78889212404,2.72410529442,2.62807519845,1.62655878299,retreating,advancing,advancing,advancing,0,423,2013-2025,0.19363318300,stable,35090,2.53190000000,200.00007238900,34820,0.00000000000,0.39792838724,0.57118264415,1.00000000000,0.09608976262,6.61470600000,0.40773899991,2.94902446686,Moderate
1,424,424.00000000000,-1.19581549892,2.82669369558,2.92689628679,1.88133459930,retreating,advancing,advancing,advancing,0,424,2013-2025,0.13026593200,stable,34576,5.88662000000,199.99997501200,34820,0.00000000000,0.38598418777,0.57988708505,1.00000000000,0.22836827505,8.91237900000,0.68744232124,3.19998102552,Moderate
1,425,425.00000000000,-2.42695256019,2.44938886188,0.53926862764,2.73773452322,retreating,advancing,advancing,advancing,0,425,2013-2025,0.51970425200,advancing,35575,0.03410800000,199.99997280800,34820,0.00000000000,0.42991317137,0.52639189963,1.00000000000,0.00000000000,9.43313800000,0.75083603389,3.08953140895,Moderate
1,426,426.00000000000,-0.10512139724,2.11612494593,0.53347929600,1.48346514778,stable,advancing,advancing,advancing,0,426,2013-2025,0.85227621300,advancing,35092,2.14347000000,200.00000660000,34820,0.00000000000,0.46871454308,0.48070816025,1.00000000000,0.08077375265,7.58232400000,0.52553033417,3.01661659478,Moderate
1,427,427.00000000000,5.75525379182,1.44344935985,3.50329508719,-0.33706955391,advancing,advancing,advancing,stable,0,427,2013-2025,1.21595335600,advancing,35092,2.14347000000,199.99995530900,34820,0.00000000000,0.54703305943,0.43075165829,1.00000000000,0.08077375265,6.98993500000,0.45341686510,3.02408452114,Moderate
1,428,428.00000000000,-2.09151505289,1.35652599872,-0.77926736986,1.98605994217,retreating,advancing,retreating,advancing,0,428,2013-2025,0.87597923400,advancing,35093,1.41676000000,200.00004673600,34820,0.00000000000,0.55715340395,0.47745219534,1.00000000000,0.05211916295,8.72276000000,0.66435937424,3.18290357209,Moderate
1,429,429.00000000000,-1.70122055314,3.95394702101,0.93802320671,2.58426869240,retreating,advancing,advancing,advancing,0,429,2013-2025,0.98200642600,advancing,35093,1.41676000000,199.99999857300,34820,0.00000000000,0.25473993002,0.46288777267,1.00000000000,0.05211916295,6.40369700000,0.38205217757,2.64126746084,Moderate
1,430,430.00000000000,-4.94940093626,3.27650256941,-1.18644492986,3.47004134323,retreating,advancing,retreating,advancing,0,430,2013-2025,0.75481204000,advancing,35094,1.74749000000,200.00003856500,34715,0.00000000000,0.33361367757,0.49409632402,1.00000000000,0.06516003717,4.76204800000,0.18220882398,2.65061627139,Moderate
1,431,431.00000000000,0.58150663208,1.95925614956,-1.43205213596,2.35629862385,advancing,advancing,retreating,advancing,0,431,2013-2025,0.17757149800,stable,35094,1.74749000000,199.99999617900,34716,0.00000000000,0.48697852002,0.57338895712,1.00000000000,0.06516003717,5.95185500000,0.32704795890,2.98742265299,Moderate
1,432,432.00000000000,1.35625291435,1.74489637158,3.89851541987,-0.17661944940,advancing,advancing,advancing,stable,0,432,2013-2025,1.03551435300,advancing,35095,3.02816000000,199.99997119000,35086,0.00000000000,0.51193607776,0.45553765758,1.00000000000,0.11565758178,7.97343400000,0.57314144594,3.09894296465,Moderate
1,433,433.00000000000,3.62243095689,1.39216364077,-0.31940671504,1.58887758389,advancing,advancing,stable,advancing,0,433,2013-2025,0.73787927900,advancing,35576,0.22819600000,200.00005468300,34970,0.00000000000,0.55300417168,0.49642229232,1.00000000000,0.00525341296,8.61830300000,0.65164347870,3.15459232080,Moderate
1,434,434.00000000000,3.17711914632,2.90397258519,0.38034731602,6.71721091921,advancing,advancing,stable,advancing,0,434,2013-2025,0.81409933100,advancing,35096,5.57357000000,200.00003581500,35039,0.00000000000,0.37698673327,0.48595232672,1.00000000000,0.21602452576,7.91959000000,0.56658683803,3.02852247064,Moderate
1,435,435.00000000000,4.62988677435,2.78194274876,-0.79397117783,6.97660933574,advancing,advancing,retreating,advancing,0,435,2013-2025,0.58735157200,advancing,35097,8.56117000000,199.99994475000,34971,0.00000000000,0.39119446719,0.51709952716,1.00000000000,0.33382727836,5.17565300000,0.23255832638,2.95159355915,Moderate
1,436,436.00000000000,0.00000000000,1.77376108883,1.32263987252,1.30987758691,,advancing,advancing,advancing,0,436,2013-2025,0.77673245800,advancing,35578,0.80629000000,199.99997642800,34972,0.00000000000,0.50857540602,0.49108522633,1.00000000000,0.02804798553,9.74490000000,0.78878785160,3.19497251667,Moderate
1,437,437.00000000000,12.46883860480,-0.21169711042,0.58765026524,-0.99305033371,advancing,stable,advancing,retreating,0,437,2013-2025,0.86093373000,advancing,35098,8.98721000000,200.00005563700,35175,0.00000000000,0.73973905113,0.47951892063,1.00000000000,0.35062630224,8.58825600000,0.64798575818,3.59509789381,High
1,438,438.00000000000,4.56127889663,1.37426639022,2.15103200670,0.90324283854,advancing,advancing,advancing,advancing,0,438,2013-2025,0.96340374300,advancing,35579,0.92039900000,199.99997025400,35471,0.00000000000,0.55508791924,0.46544312978,1.00000000000,0.03254736952,6.83726600000,0.43483196361,3.01921267364,Moderate
1,439,439.00000000000,0.00000000000,1.57926250603,3.25863110508,0.15777370678,,advancing,advancing,stable,0,439,2013-2025,0.96868816400,advancing,35099,13.48950000000,200.00002960200,44073,0.00000000000,0.53122055735,0.46471723541,1.00000000000,0.52815413557,6.85837500000,0.43740163188,3.32874790466,Moderate
1,440,440.00000000000,8.23661890022,3.49322587753,4.22975737833,1.72477073925,advancing,advancing,advancing,advancing,0,440,2013-2025,1.21949902600,advancing,35580,1.05367000000,199.99999882500,34973,0.00000000000,0.30838093789,0.43026460742,1.00000000000,0.03780232198,5.46810600000,0.26815959577,2.59929956881,Low
1,441,441.00000000000,11.70741076260,2.41392626529,5.31387472612,0.01383552229,advancing,advancing,advancing,stable,0,441,2013-2025,1.39231970800,advancing,35100,6.87479000000,200.00006651100,34974,0.00000000000,0.43404202339,0.40652509861,1.00000000000,0.26733238310,7.06874700000,0.46301091010,3.00164890822,Moderate
1,442,442.00000000000,-0.72251158469,1.56120310347,2.45072298720,0.17044744999,retreating,advancing,advancing,stable,0,442,2013-2025,1.12198581000,advancing,35100,6.87479000000,199.99997122800,35235,0.00000000000,0.53332318400,0.44365950797,1.00000000000,0.26733238310,12.15465000000,1.00000000000,3.47355119124,High
1,443,443.00000000000,-2.53324876177,0.92622869862,1.12140690797,-0.29405331309,retreating,advancing,advancing,stable,0,443,2013-2025,0.69818583700,advancing,35582,1.23876000000,200.00003166400,35235,0.00000000000,0.60725221359,0.50187478102,1.00000000000,0.04510052328,8.38225500000,0.62290857622,3.23363719961,Moderate
1,444,444.00000000000,-4.21088085239,3.80241878031,3.51269539087,2.25295656737,retreating,advancing,advancing,advancing,0,444,2013-2025,0.13261660400,stable,35101,9.18840000000,199.99999509400,35040,0.00000000000,0.27238211481,0.57956418505,1.00000000000,0.35855933758,9.92788400000,0.81106309814,3.22722248236,Moderate
1,445,445.00000000000,1.49193586814,2.76576649717,1.77960573025,2.08821003320,advancing,advancing,advancing,advancing,0,445,2013-2025,-0.02839917000,stable,35583,1.00153000000,200.00004460400,35040,0.00000000000,0.39307784166,0.60168211295,1.00000000000,0.03574641238,6.80001400000,0.43029715464,2.94167828078,Moderate
1,446,446.00000000000,4.18261812979,1.20468469400,0.58582042512,1.55441877094,advancing,advancing,advancing,advancing,0,446,2013-2025,0.15974423200,stable,35102,7.26373000000,200.00003585900,35040,0.00000000000,0.57483203828,0.57583779908,1.00000000000,0.28266850176,7.94284500000,0.56941774596,3.38737748355,Moderate
1,447,447.00000000000,0.99925639372,0.82646756512,0.40211899970,1.05469736549,advancing,advancing,stable,advancing,0,447,2013-2025,0.17815741400,stable,35103,7.21975000000,199.99998177300,34676,0.00000000000,0.61886723891,0.57330847278,1.00000000000,0.28093434068,5.84797100000,0.31440181655,3.28344065776,Moderate
1,448,448.00000000000,4.01045016647,3.50436649830,5.48028811770,0.85729221243,advancing,advancing,advancing,advancing,0,448,2013-2025,-0.09412987500,stable,35585,0.89639900000,200.00004422300,44073,0.00000000000,0.30708385367,0.61071120965,1.00000000000,0.03160103638,11.73759000000,1.00000000000,3.18602301881,Moderate
1,449,449.00000000000,-0.35049075035,2.96019474233,-0.01318827773,3.20058109832,stable,advancing,stable,advancing,0,449,2013-2025,-0.33281116700,stable,35104,7.19473000000,199.99999754900,34777,0.00000000000,0.37044087963,0.64349765956,1.00000000000,0.27994778309,10.08750000000,0.83049368089,3.35645835842,Moderate
1,450,450.00000000000,-1.23791177691,2.94423188468,2.29495073616,3.94831939065,retreating,advancing,advancing,advancing,0,450,2013-2025,-0.13720382500,stable,35586,0.61724800000,199.99999909800,35043,0.00000000000,0.37229940899,0.61662806175,1.00000000000,0.02059395360,7.83396100000,0.55616293710,2.99487179990,Moderate
1,451,451.00000000000,-3.75850212147,4.44460823706,3.64376504332,4.41342529515,retreating,advancing,advancing,advancing,0,451,2013-2025,0.01382361200,stable,34590,10.16500000000,200.00007356400,35043,0.00000000000,0.19761304855,0.59588218152,1.00000000000,0.39706721610,8.09493400000,0.58793204214,3.04442431429,Moderate
1,452,452.00000000000,3.37529024277,2.01839664562,1.53940609042,0.73708889599,advancing,advancing,advancing,advancing,0,452,2013-2025,0.07409309200,stable,35587,0.39976300000,200.00002238800,35043,0.00000000000,0.48009288896,0.58760326586,1.00000000000,0.01201839657,5.66414800000,0.29202443577,2.93416048497,Moderate
1,453,453.00000000000,-0.43791469512,1.32628050786,5.13353267781,0.58757059712,stable,advancing,advancing,advancing,0,453,2013-2025,0.15479440700,stable,34591,16.93460000000,200.00001828000,35043,0.00000000000,0.56067483690,0.57651773167,1.00000000000,0.66399640890,5.80519700000,0.30919479629,3.47427756366,High
1,454,454.00000000000,-2.25903923632,0.20838110216,1.72699605187,-0.41494804407,retreating,stable,advancing,stable,0,454,2013-2025,0.15992558800,stable,35588,0.61877100000,199.99996360900,35043,0.00000000000,0.69083003311,0.57581288712,1.00000000000,0.02065400706,8.73805800000,0.66622165029,3.40530640842,High
1,455,455.00000000000,0.44396781640,2.76468855541,2.65605439783,1.71985898239,stable,advancing,advancing,advancing,0,455,2013-2025,0.04474377500,stable,35588,0.61877100000,199.99997138000,35043,0.00000000000,0.39320334465,0.59163483408,1.00000000000,0.02065400706,6.87886800000,0.43989631244,2.92878410137,Moderate
1,456,456.00000000000,0.43756794460,2.85258427772,2.35549031392,2.42423507303,stable,advancing,advancing,advancing,0,456,2013-2025,0.20612437800,stable,34593,24.06180000000,199.99994731800,35043,0.00000000000,0.38296978971,0.56946679145,1.00000000000,0.94502590521,5.41368900000,0.26153523467,3.41931957884,High
1,457,457.00000000000,3.96962473651,1.30136434001,1.35600182277,-0.67765928051,advancing,advancing,advancing,retreating,0,457,2013-2025,0.00263721700,stable,35589,0.61289900000,199.99995387800,34678,0.00000000000,0.56357578550,0.59741880040,1.00000000000,0.02042247034,6.64784500000,0.41177311980,3.11941231679,Moderate
1,458,458.00000000000,-2.72405504990,2.17019012729,2.40114773787,0.42124850697,retreating,advancing,advancing,stable,0,458,2013-2025,0.34987505000,stable,35109,10.08290000000,199.99993920300,35043,0.00000000000,0.46241982259,0.54972048386,1.00000000000,0.39382997001,8.91331900000,0.68755675054,3.37788043010,Moderate
1,459,459.00000000000,-1.95798040746,4.50672379972,0.48477798877,7.51615471549,retreating,advancing,stable,advancing,0,459,2013-2025,0.62207920800,advancing,34595,30.54780000000,200.00005327100,35043,0.00000000000,0.19038103536,0.51232916628,1.00000000000,1.00000000000,6.19942300000,0.35718522903,3.23634436083,Moderate
1,460,460.00000000000,3.02156584054,2.48229149132,3.06820028001,1.01497234660,advancing,advancing,advancing,advancing,0,460,2013-2025,0.53432652800,advancing,35591,0.81514800000,200.00001476600,34896,0.00000000000,0.42608237214,0.52438331104,1.00000000000,0.02839726248,5.51736200000,0.27415569129,2.81656739049,Moderate
1,461,461.00000000000,-2.44835825221,5.65509571844,5.97940046564,4.31500130229,retreating,advancing,advancing,advancing,0,461,2013-2025,0.58676765300,advancing,34596,21.54620000000,200.00004369200,34897,0.00000000000,0.05667797439,0.51717973718,1.00000000000,0.84583436570,6.90115100000,0.44260889561,3.02778227216,Moderate
1,462,462.00000000000,-1.16988058129,0.53782463984,0.15982558768,0.53466998037,retreating,advancing,stable,advancing,0,462,2013-2025,0.36105757700,stable,35592,1.09710000000,199.99999978700,34978,0.00000000000,0.65247346178,0.54818439631,1.00000000000,0.03951479030,5.62676600000,0.28747380147,3.12175449468,Moderate
1,463,463.00000000000,-1.48680396688,2.49465621297,1.41493410563,1.53968669116,retreating,advancing,advancing,advancing,0,463,2013-2025,0.70565266500,advancing,35112,8.34837000000,199.99997248000,34899,0.00000000000,0.42464276785,0.50084910038,1.00000000000,0.32543645293,5.84476400000,0.31401141785,3.02075026777,Moderate
1,464,464.00000000000,-0.76276887429,1.36180347439,-0.19050467678,0.82214961502,retreating,advancing,stable,advancing,0,464,2013-2025,0.84058601000,advancing,35593,1.29744000000,200.00004015400,35145,0.00000000000,0.55653895611,0.48231398470,1.00000000000,0.04741431115,4.32486600000,0.12898921553,2.86188350566,Moderate
1,465,465.00000000000,6.17926879613,1.01920688940,0.89113443299,0.79827973049,advancing,advancing,advancing,advancing,0,465,2013-2025,0.95409902600,advancing,35113,17.09790000000,199.99999704600,35145,0.00000000000,0.59642691518,0.46672127200,1.00000000000,0.67043540298,5.06447500000,0.21902426133,3.37377174108,Moderate
1,466,466.00000000000,1.39055209388,2.72940023144,0.39767114078,2.60242073290,advancing,advancing,stable,advancing,0,466,2013-2025,0.28297794800,stable,35594,1.89445000000,199.99998351100,35145,0.00000000000,0.39731190639,0.55890980266,1.00000000000,0.07095474922,4.88115500000,0.19670811239,2.79414859777,Moderate
1,467,467.00000000000,2.53690782868,1.53939555876,-0.18664389584,0.60546286133,advancing,advancing,stable,advancing,0,467,2013-2025,0.21909905000,stable,35114,12.49760000000,200.00006077000,35097,0.00000000000,0.53586220070,0.56768452594,1.00000000000,0.48904293980,4.64657700000,0.16815215786,3.23364835966,Moderate
1,468,468.00000000000,-0.51678198444,1.18314086597,-1.21327870386,1.72241768276,retreating,advancing,retreating,advancing,0,468,2013-2025,0.33249290500,stable,35595,2.25821000000,199.99991813800,35098,0.00000000000,0.57734035088,0.55210818179,1.00000000000,0.08529801163,5.82304400000,0.31136737053,3.08115004230,Moderate
1,469,469.00000000000,4.91099653243,2.28080132445,3.27945409406,-1.39396878676,advancing,advancing,advancing,retreating,0,469,2013-2025,0.43272969700,stable,35115,9.46050000000,200.00008031500,35098,0.00000000000,0.44954154214,0.53833915728,1.00000000000,0.36928837464,7.23223800000,0.48291320939,3.21340673922,Moderate
1,470,470.00000000000,-0.19684972302,1.85076542961,-1.05284990060,4.81173688559,stable,advancing,retreating,advancing,0,470,2013-2025,0.45491575300,stable,35596,1.97143000000,200.00002200100,35098,0.00000000000,0.49960991679,0.53529157023,1.00000000000,0.07399011397,4.26341400000,0.12150846065,2.85275198957,Moderate
1,471,471.00000000000,-1.99785595168,5.81663579824,-0.10249144305,12.10847581560,retreating,advancing,stable,advancing,0,471,2013-2025,0.47679085300,stable,35597,1.90220000000,200.00000525400,35098,0.00000000000,0.03787012757,0.53228669765,1.00000000000,0.07126033746,4.37448000000,0.13502889157,2.30698350922,Low
1,472,472.00000000000,10.70927893980,0.39281643423,-2.34328291988,-1.48507636031,advancing,stable,retreating,retreating,0,472,2013-2025,0.58605518600,advancing,35117,15.43420000000,199.99995021500,35098,0.00000000000,0.66935652958,0.51727760519,1.00000000000,0.60483476649,4.66374900000,0.17024256213,3.42965341309,High
1,473,473.00000000000,-0.27513781366,1.28629963149,2.84510625349,-0.94855680703,stable,advancing,advancing,retreating,0,473,2013-2025,0.48945316100,stable,35598,2.42257000000,199.99998621200,35309,0.00000000000,0.56532974483,0.53054734002,1.00000000000,0.09177882127,4.48471400000,0.14844804039,2.95518605806,Moderate
1,474,474.00000000000,-2.39830764006,2.57892775424,4.90688699942,3.53896591366,retreating,advancing,advancing,advancing,0,474,2013-2025,0.60378552100,advancing,35118,14.23790000000,200.00003434000,35479,0.00000000000,0.41483117038,0.51484207815,1.00000000000,0.55766396058,4.65252300000,0.16887598408,3.09180194282,Moderate
1,475,475.00000000000,-5.99259356512,2.93782808406,0.65656690090,3.45386694631,retreating,advancing,advancing,advancing,0,475,2013-2025,0.71773056600,advancing,35599,3.06621000000,200.00004696500,35238,0.00000000000,0.37304499301,0.49919001980,1.00000000000,0.11715791230,5.93205800000,0.32463800472,2.82268524170,Moderate
1,476,476.00000000000,0.00000000000,2.63527091940,1.01819098239,2.52943437982,,advancing,advancing,advancing,0,476,2013-2025,0.45147149800,stable,35119,40.62970000000,199.99998272600,35479,0.00000000000,0.40827122797,0.53576469024,1.00000000000,1.00000000000,3.84873300000,0.07102797322,3.34385953192,Moderate
1,477,477.00000000000,3.22864402356,2.26776649720,-0.37212896863,2.17504018844,advancing,advancing,stable,advancing,0,477,2013-2025,0.51359364900,advancing,35600,5.83428000000,199.99993795500,35479,0.00000000000,0.45105916572,0.52723128247,1.00000000000,0.22630447802,5.08668400000,0.22172783623,2.95183074409,Moderate
1,478,478.00000000000,6.41098603865,5.16820864530,1.12324270856,3.81046095735,advancing,advancing,advancing,advancing,0,478,2013-2025,0.83354806300,advancing,35120,35.66900000000,199.99998651200,35479,0.00000000000,0.11336543858,0.48328075212,1.00000000000,1.00000000000,4.94626600000,0.20463428942,3.02847408487,Moderate
1,479,479.00000000000,2.01205942044,5.33546124539,0.03747980815,8.36985819479,advancing,advancing,stable,advancing,0,479,2013-2025,0.71794936000,advancing,35601,10.18210000000,199.99999630900,35310,0.00000000000,0.09389249238,0.49915996516,1.00000000000,0.39774149195,5.15872400000,0.23049750331,2.62478075284,Moderate
1,480,480.00000000000,4.79697902476,4.53942587438,-0.18716827184,3.46569809770,advancing,advancing,stable,advancing,0,480,2013-2025,0.46385714200,stable,35121,24.29760000000,199.99996487700,44073,0.00000000000,0.18657358638,0.53406333655,1.00000000000,0.95432362434,4.96270700000,0.20663570664,3.12889789240,Moderate
1,481,481.00000000000,-1.40701688858,4.29853858375,1.73816309045,2.97321855199,retreating,advancing,advancing,advancing,0,481,2013-2025,0.54290391500,advancing,35121,24.29760000000,200.00002178400,35480,0.00000000000,0.21461969896,0.52320507849,1.00000000000,0.95432362434,5.33053700000,0.25141286714,3.17990954330,Moderate
1,482,482.00000000000,1.21334652578,4.79300395851,2.82791913826,2.42589656046,advancing,advancing,advancing,advancing,0,482,2013-2025,0.37963946500,stable,35603,16.73330000000,200.00007477300,44073,0.00000000000,0.15704990552,0.54563189571,1.00000000000,0.65605897391,5.28864200000,0.24631285045,2.92458431145,Moderate
1,483,483.00000000000,7.82095011673,0.73121779914,1.90685343074,-1.31368938252,advancing,advancing,advancing,retreating,0,483,2013-2025,0.60411716100,advancing,35122,18.37130000000,200.00004926300,35312,0.00000000000,0.62995701311,0.51479652243,1.00000000000,0.72064626002,5.66128300000,0.29167566986,3.53227074839,High
1,484,484.00000000000,4.13371338917,4.12016015574,-2.05802591143,6.43615055312,advancing,advancing,retreating,advancing,0,484,2013-2025,1.05293506700,advancing,35604,10.00410000000,199.99993127400,44073,0.00000000000,0.23538800707,0.45314466162,1.00000000000,0.39072283348,5.65233300000,0.29058615681,2.78532791164,Moderate
1,485,485.00000000000,3.88678682836,4.27323848509,-0.81706031439,3.92015460660,advancing,advancing,retreating,advancing,0,485,2013-2025,1.01774032900,advancing,35605,12.00190000000,200.00004220000,35313,0.00000000000,0.21756534799,0.45797918595,1.00000000000,0.46949721294,4.86693800000,0.19497743004,2.76442963499,Moderate
1,486,486.00000000000,1.79130164114,5.94045074468,-1.49409344809,9.62455974381,advancing,advancing,retreating,advancing,0,486,2013-2025,1.13331426900,advancing,35124,27.57970000000,199.99999936200,35241,0.00000000000,0.02345455621,0.44210337448,1.00000000000,1.00000000000,4.69390100000,0.17391306465,2.86804662899,Moderate
1,487,487.00000000000,0.96907690002,3.31376117699,-2.02525983661,7.40473414491,advancing,advancing,retreating,advancing,0,487,2013-2025,1.25907057600,advancing,35606,12.77500000000,199.99999105000,35241,0.00000000000,0.32927571894,0.42482886241,1.00000000000,0.49998097943,5.84762000000,0.31435908816,2.96154515749,Moderate
1,488,488.00000000000,0.00000000000,3.73155010225,-0.89362102707,5.22843759071,,advancing,retreating,advancing,0,488,2013-2025,1.01153538000,advancing,35125,38.44450000000,200.00000045600,35241,0.00000000000,0.28063323889,0.45883152862,1.00000000000,1.00000000000,4.88193100000,0.19680257744,3.20204190006,Moderate
1,489,489.00000000000,5.84630092418,1.57011608642,-0.65697890124,1.73379889523,advancing,advancing,retreating,advancing,0,489,2013-2025,1.06536115600,advancing,35607,10.73280000000,200.00000368500,35241,0.70258616187,0.53228545999,0.45143775220,0.92700069608,0.41945587436,4.97306900000,0.20789710712,3.05747051893,Moderate
1,490,490.00000000000,-0.10840407759,7.30672624030,0.34539273825,12.70374996430,stable,advancing,stable,advancing,0,490,2013-2025,1.32736283500,advancing,35126,38.54130000000,200.00005875100,35241,1.60355148379,0.00000000000,0.41544789790,0.83338962753,1.00000000000,4.87189100000,0.19558037508,2.71718388498,Moderate
1,491,491.00000000000,-4.77114130344,4.85814585475,0.50200581283,3.23753608439,retreating,advancing,advancing,advancing,0,491,2013-2025,1.23251302600,advancing,35127,25.45600000000,199.99992417200,35181,0.89209853162,0.14946554127,0.42847693962,0.90731019856,0.99999997533,6.56395900000,0.40156140003,3.07997715105,Moderate
1,492,492.00000000000,-4.43320618096,1.06467819260,0.81445628006,1.12046290832,retreating,advancing,advancing,advancing,0,492,2013-2025,1.30399398000,advancing,35608,10.25980000000,200.00003119300,35182,1.26565117041,0.59113276585,0.41865796010,0.86849775947,0.40080523356,8.99522000000,0.69752682972,3.34094939053,Moderate
1,493,493.00000000000,0.62338962910,0.99381515853,-0.05048140953,1.72165137833,advancing,advancing,stable,advancing,0,493,2013-2025,0.94262200200,advancing,35128,24.31120000000,199.99998552000,35182,2.06226433160,0.59938323280,0.46829781313,0.78572896979,0.95485985621,5.64913100000,0.29019636677,3.46903740993,High
1,494,494.00000000000,-0.27000103334,0.72700662729,-0.10659581364,0.78510943953,stable,advancing,stable,advancing,0,494,2013-2025,1.19883338000,advancing,35609,8.69737000000,199.99999063500,35099,4.17997811882,0.63044731295,0.43310334338,0.56569669366,0.33919771951,5.25951700000,0.24276736803,2.87935876604,Moderate
1,495,495.00000000000,0.26420564579,1.14933643752,-0.68156398962,2.22847835754,stable,advancing,retreating,advancing,0,495,2013-2025,1.53782303800,advancing,35610,17.53800000000,200.00002428000,35195,2.69439496593,0.58127614510,0.38653803720,0.72005005552,0.68778878382,5.17595300000,0.23259484637,3.11716326286,Moderate
1,496,496.00000000000,5.35705480203,1.64582898152,0.19806895769,0.84988298404,advancing,advancing,stable,advancing,0,496,2013-2025,1.75416980600,advancing,35130,36.31470000000,199.99996739000,44073,1.58223344783,0.52347033167,0.35681956864,0.83560458972,1.00000000000,4.36497700000,0.13387206000,3.25476068504,Moderate
1,497,497.00000000000,-0.02295222709,1.22340544451,1.10195724707,-0.69026987248,stable,advancing,advancing,retreating,0,497,2013-2025,1.81926943300,advancing,35611,8.82365000000,199.99997287800,44073,1.00640238778,0.57265241197,0.34787715995,0.89543393001,0.34417704230,5.66105700000,0.29164815813,2.99507631226,Moderate
1,498,498.00000000000,-1.11468867613,4.51611739011,0.85731180317,1.73008041429,retreating,advancing,advancing,advancing,0,498,2013-2025,1.66371321700,advancing,35131,33.25170000000,200.00002034100,44073,0.00000000000,0.18928735502,0.36924513581,1.00000000000,1.00000000000,7.10911700000,0.46792528351,3.17986548801,Moderate
1,499,499.00000000000,-1.21154992148,8.56066884926,3.48733333979,6.19398908898,retreating,advancing,advancing,advancing,0,499,2013-2025,1.63897266100,advancing,36056,0.81002600000,200.00000423200,35318,0.00000000000,0.00000000000,0.37264362168,1.00000000000,0.02819529888,6.21731200000,0.35936291607,2.23153763131,Low
1,500,500.00000000000,-1.17143440798,0.91322108720,0.03301865336,1.00508778080,retreating,advancing,stable,advancing,0,500,2013-2025,1.68123558700,advancing,35132,29.88930000000,199.99996716300,35576,0.00000000000,0.60876666848,0.36683817587,1.00000000000,1.00000000000,4.63666100000,0.16694505044,3.49641181524,High
1,501,501.00000000000,-5.21384685056,-0.09430874503,-0.57224836987,-0.26206396660,retreating,stable,retreating,stable,0,501,2013-2025,1.49695928700,advancing,36057,1.08592000000,199.99992999400,35755,0.00000000000,0.72607171608,0.39215128537,1.00000000000,0.03907395487,5.12113400000,0.22592154849,3.03947715310,Moderate
1,502,502.00000000000,-1.61601609062,-0.15333914572,-0.55449460235,-0.17909327881,retreating,stable,retreating,stable,0,502,2013-2025,1.71752047500,advancing,35133,33.88970000000,199.99992829800,35577,0.70258616187,0.73294452891,0.36185390311,0.92700069608,1.00000000000,6.18099600000,0.35494204947,3.70310551006,High
1,503,503.00000000000,0.39448504937,-0.75973600727,-2.54490188080,-0.41563476531,stable,retreating,retreating,stable,0,503,2013-2025,2.12220505500,advancing,36058,1.54145000000,200.00000412300,35577,1.60355148379,0.80354632197,0.30626441556,0.83338962753,0.05703576241,4.76059900000,0.18203243243,2.93125360098,Moderate
1,504,504.00000000000,-2.81738251941,0.48159439946,-1.07364429800,-0.11562724658,retreating,stable,retreating,stable,0,504,2013-2025,1.85553868700,advancing,35134,37.49990000000,200.00007765500,35577,0.89209853162,0.65902025654,0.34289503475,0.90731019856,1.00000000000,4.06064700000,0.09682496419,3.43076079836,High
1,505,505.00000000000,-9.10307911281,3.47763934652,0.77262098161,1.81586743845,retreating,advancing,advancing,advancing,0,505,2013-2025,1.93200255200,advancing,36059,1.50911000000,199.99998476000,35578,1.26565117041,0.31019565216,0.33239157779,0.86849775947,0.05576057594,4.09044300000,0.10045212966,2.34043261307,Low
1,506,506.00000000000,-4.24442568316,1.71083029432,-1.01360248331,1.38816155195,retreating,advancing,retreating,advancing,0,506,2013-2025,1.67457177200,advancing,35616,21.13830000000,199.99998665900,44073,2.06226433160,0.51590233532,0.36775355066,0.78572896979,0.82975064355,5.29222900000,0.24674950780,3.17309013884,Moderate
1,507,507.00000000000,-3.59819414508,2.39104181267,-1.20227652763,5.63280940980,retreating,advancing,retreating,advancing,0,507,2013-2025,1.74851351800,advancing,36060,1.62339000000,199.99998318400,44073,4.17997811882,0.43670642272,0.35759654451,0.56569669366,0.06026670044,5.30152300000,0.24788089711,2.39802135211,Low
1,508,508.00000000000,-2.46692088826,0.26368906935,-0.34258172707,0.55964837180,retreating,stable,stable,advancing,0,508,2013-2025,1.56264796900,advancing,36061,1.56904000000,200.00002370000,35415,2.69439496593,0.68439061710,0.38312796115,0.72005005552,0.05812364845,6.59464300000,0.40529666467,2.91241971883,Moderate
1,509,509.00000000000,-1.44249950106,1.20013265984,1.06413650172,0.34757030108,retreating,advancing,advancing,stable,0,509,2013-2025,1.74280013400,advancing,35137,35.51010000000,200.00002519400,35416,1.58223344783,0.57536202416,0.35838136336,0.83560458972,1.00000000000,4.48209200000,0.14812885567,3.32639340202,Moderate
1,510,510.00000000000,-2.52320878173,1.33436789346,-0.81096403840,0.93171790075,retreating,advancing,retreating,advancing,0,510,2013-2025,1.96659519900,advancing,36062,1.88438000000,200.00006373300,35416,1.00640238778,0.55973323584,0.32763975967,0.89543393001,0.07055768475,4.02960000000,0.09304551036,2.65727795062,Moderate
1,511,511.00000000000,-5.56751013912,0.31233492926,-2.83063876563,1.95263491114,retreating,stable,retreating,advancing,0,511,2013-2025,2.16742151300,advancing,35138,43.69850000000,200.00005112200,35845,0.00000000000,0.67872685934,0.30005325790,1.00000000000,1.00000000000,5.41575800000,0.26178710087,3.57980249235,High
1,512,512.00000000000,-5.08227786867,2.45985394623,1.24868341815,2.55413671248,retreating,advancing,advancing,advancing,0,512,2013-2025,2.04851260400,advancing,36063,2.91998000000,199.99997536100,44073,0.00000000000,0.42869473875,0.31638717731,1.00000000000,0.11139198135,5.00788100000,0.21213488683,2.66210331924,Moderate
1,513,513.00000000000,0.93099662164,4.09951242222,0.58434562581,7.44115639763,advancing,advancing,advancing,advancing,0,513,2013-2025,1.79429193900,advancing,35620,41.45160000000,199.99993539200,35580,0.00000000000,0.23779198885,0.35130819281,1.00000000000,1.00000000000,4.36219000000,0.13353278929,3.02170410420,Moderate
1,514,514.00000000000,2.06380206729,4.00444110685,0.09788328374,5.77658945639,advancing,advancing,stable,advancing,0,514,2013-2025,1.51154718800,advancing,36064,4.04748000000,199.99996799600,35580,0.00000000000,0.24886098633,0.39014741870,1.00000000000,0.15584994660,4.41611700000,0.14009750107,2.49780634396,Low
1,515,515.00000000000,0.00000000000,-0.23887086895,0.00000000000,0.00000000000,,stable,,,0,515,2013-2025,1.96301953500,advancing,35621,35.19330000000,200.00001109100,35642,0.00000000000,0.74290284731,0.32813093067,1.00000000000,1.00000000000,4.17614500000,0.11088491711,3.58949662963,High
1,516,516.00000000000,0.00000000000,-0.67724904849,0.00000000000,0.00000000000,,retreating,,,0,516,2013-2025,2.43319013300,advancing,36065,6.05739000000,199.99994587900,35488,0.00000000000,0.79394250050,0.26354595784,1.00000000000,0.23510183941,5.21399800000,0.23722618985,3.15101060447,Moderate
1,517,517.00000000000,0.00000000000,1.18895247361,0.00000000000,0.00000000000,,advancing,,,0,517,2013-2025,2.84056024500,advancing,35622,39.84060000000,200.00001196600,35817,0.00000000000,0.57666371492,0.20758757225,1.00000000000,1.00000000000,4.62786800000,0.16587464952,3.32220404688,Moderate
1,518,518.00000000000,0.00000000000,-0.27146290830,0.00000000000,0.00000000000,,stable,,,0,518,2013-2025,3.24712232100,advancing,36066,5.12186000000,200.00007318100,35817,0.00000000000,0.74669748505,0.15174018250,1.00000000000,0.19821335482,5.03645300000,0.21561305074,2.96170207406,Moderate
1,519,519.00000000000,0.00000000000,-1.42266152467,0.00000000000,0.00000000000,,retreating,,,0,519,2013-2025,3.15972671900,advancing,35623,30.38240000000,200.00000468400,35817,0.61529525023,0.88072965380,0.16374527726,0.93607029655,1.00000000000,8.49877800000,0.63709330578,3.88603555881,High
1,520,520.00000000000,0.00000000000,-2.71896605138,0.00000000000,0.00000000000,,retreating,,,0,520,2013-2025,2.74504327200,advancing,36067,4.17029000000,200.00008702100,35817,4.27713675181,1.00000000000,0.22070825893,0.55560182848,0.16069240994,6.12862300000,0.34856651124,3.07382200896,Moderate
1,521,521.00000000000,0.00000000000,-4.53535410529,0.00000000000,0.00000000000,,retreating,,,0,521,2013-2025,1.97798700200,advancing,36068,3.11457000000,200.00006975800,35817,3.68847036192,1.00000000000,0.32607492492,0.61676477054,0.11906476937,5.11271700000,0.22489691928,3.10246592489,Moderate
1,522,522.00000000000,0.00000000000,-3.65703953510,0.00000000000,0.00000000000,,retreating,,,0,522,2013-2025,2.03342031100,advancing,35624,19.19040000000,199.99998144700,44073,2.74254772369,1.00000000000,0.31846032977,0.71504694275,0.75294381389,4.97806400000,0.20850516496,3.58402809380,High
1,523,523.00000000000,0.00000000000,-1.19746137235,0.00000000000,0.00000000000,,retreating,,,0,523,2013-2025,2.62117327700,advancing,36069,3.86185000000,200.00006214300,35907,0.88194986829,0.85450996904,0.23772365780,0.90836465337,0.14853044739,6.21042700000,0.35852478228,3.15273551017,Moderate
1,524,524.00000000000,0.00000000000,-0.44405635515,0.00000000000,0.00000000000,,stable,,,0,524,2013-2025,3.13216568100,advancing,36070,5.09842000000,199.99992696600,35760,3.03113262142,0.76679225729,0.16753119858,0.68506272473,0.19728910693,3.81893800000,0.06740092948,2.69532410818,Moderate
1,525,525.00000000000,0.00000000000,-0.39244908510,0.00000000000,0.00000000000,,stable,,,0,525,2013-2025,3.63578195000,advancing,35626,19.24100000000,200.00002034100,44073,1.96306521808,0.76078370739,0.09835196196,0.79603584264,0.75493900256,4.33256800000,0.12992680542,3.12155075745,Moderate
1,526,526.00000000000,0.00000000000,0.27026939290,0.00000000000,0.00000000000,,stable,,,0,526,2013-2025,3.90890754000,advancing,36071,3.43987000000,200.00000270100,35818,5.01249323109,0.68362448082,0.06083407189,0.47919766052,0.13189154099,5.11367200000,0.22501317459,2.41577065505,Low
1,527,527.00000000000,0.00000000000,1.88374902272,0.00000000000,0.00000000000,,advancing,,,0,527,2013-2025,3.32739378900,advancing,35627,24.79060000000,200.00005401300,35761,5.34469369759,0.49576969109,0.14071369424,0.44468174754,0.97376289451,3.74808000000,0.05877515117,2.70938001979,Moderate
1,528,528.00000000000,0.00000000000,-0.97031426771,0.00000000000,0.00000000000,,retreating,,,0,528,2013-2025,2.75305217800,advancing,36072,3.30329000000,199.99998961300,44073,6.51290095916,0.82806360381,0.21960811575,0.32330401260,0.12650610528,4.64823800000,0.16835435688,2.57894608121,Low
1,529,529.00000000000,0.00000000000,0.25464695250,0.00000000000,0.00000000000,,stable,,,0,529,2013-2025,3.47429112100,advancing,35628,30.59950000000,199.99998396400,35819,5.61220723759,0.68544337595,0.12053514578,0.41688686164,1.00000000000,3.91060700000,0.07856009955,2.92875161694,Moderate
1,530,530.00000000000,0.00000000000,-1.27058970927,0.00000000000,0.00000000000,,retreating,,,0,530,2013-2025,3.68729610900,advancing,35629,17.77180000000,200.00008129500,44073,5.72033494046,0.86302418149,0.09127572075,0.40565230071,0.69700760992,4.60198200000,0.16272346126,2.95202595460,Moderate
1,531,531.00000000000,0.00000000000,0.08037998773,0.00000000000,0.00000000000,,stable,,,0,531,2013-2025,3.66285369600,advancing,36073,2.30618000000,200.00007875900,44073,5.39818155875,0.70573299314,0.09463325222,0.43912431296,0.08718949811,6.87030700000,0.43885415364,2.54146640994,Low
1,532,532.00000000000,0.00000000000,-1.02889122907,0.00000000000,0.00000000000,,retreating,,,0,532,2013-2025,3.15333134000,advancing,35630,15.24200000000,200.00002737200,44073,5.50735127196,0.83488362345,0.16462377834,0.42778148627,0.59725618568,7.19176500000,0.47798629746,3.11725911889,Moderate
1,533,533.00000000000,0.00000000000,-2.04812096515,0.00000000000,0.00000000000,,retreating,,,0,533,2013-2025,3.05728223400,advancing,36074,1.46218000000,200.00002169100,44073,6.81757366178,0.95355087169,0.17781756147,0.29164825787,0.05391010124,7.57953600000,0.52519094173,2.83596471378,Moderate
1,534,534.00000000000,0.00000000000,-0.55465708301,0.00000000000,0.00000000000,,retreating,,,0,534,2013-2025,3.38863482200,advancing,35631,15.73350000000,200.00003637500,44073,5.64041021616,0.77966931882,0.13230132122,0.41395654801,0.61663630488,4.69162800000,0.17363636485,2.84524757131,Moderate
1,535,535.00000000000,0.00000000000,0.81621108109,0.00000000000,0.00000000000,,advancing,,,0,535,2013-2025,3.19548448500,advancing,36075,1.66778000000,199.99999704200,35820,3.96582849207,0.62006138455,0.15883341260,0.58794702328,0.06201702650,4.72319100000,0.17747863307,2.42134418201,Low
1,536,536.00000000000,0.00000000000,0.40673139270,0.00000000000,0.00000000000,,stable,,,0,536,2013-2025,3.19543216000,advancing,36076,1.75499000000,199.99994835400,44073,5.93996830946,0.66773643376,0.15884060022,0.38283220557,0.06545576378,4.96735000000,0.20720091436,2.35877723414,Low
1,537,537.00000000000,0.00000000000,2.07123046897,0.00000000000,0.00000000000,,advancing,,,0,537,2013-2025,3.42790491900,advancing,35633,9.00012000000,200.00000824100,35762,4.33325378243,0.47394153347,0.12690698530,0.54977122094,0.35113534648,5.54701500000,0.27776544890,2.45113709752,Low
1,538,538.00000000000,0.00000000000,1.72860340852,0.00000000000,0.00000000000,,advancing,,,0,538,2013-2025,3.47306784700,advancing,36077,2.00959000000,199.99994327600,44073,3.17154169087,0.51383304075,0.12070318078,0.67047410216,0.07549478304,9.05996300000,0.70540820889,2.64456278943,Moderate
1,539,539.00000000000,0.00000000000,1.68055860685,0.00000000000,0.00000000000,,advancing,,,0,539,2013-2025,3.67626679200,advancing,35634,8.00908000000,200.00006292700,44073,2.73959531833,0.51942681829,0.09279076262,0.71535370020,0.31205806944,7.13231700000,0.47074949612,2.67807976301,Moderate
1,540,540.00000000000,0.00000000000,1.53925503292,0.00000000000,0.00000000000,,advancing,,,0,540,2013-2025,4.06722044600,advancing,36078,2.36078000000,200.00004573400,44073,3.16689163090,0.53587856189,0.03908742338,0.67095724738,0.08934240702,7.29820300000,0.49094334666,2.48248957151,Low
1,541,541.00000000000,0.00000000000,3.65890423017,0.00000000000,0.00000000000,,advancing,,,0,541,2013-2025,4.42489303600,advancing,35635,9.89973000000,200.00001316100,44073,3.73722948193,0.28909127875,0.00000000000,0.61169865621,0.38660746070,9.57568500000,0.76818875089,2.48378003174,Low
1,542,542.00000000000,0.00000000000,2.90545820460,0.00000000000,0.00000000000,,advancing,,,0,542,2013-2025,4.19858056600,advancing,36079,2.99976000000,200.00005055500,44073,3.94624704321,0.37681376504,0.02104314367,0.58998155259,0.11453774651,5.93587600000,0.32510278247,2.14042984538,Low
1,543,543.00000000000,0.00000000000,-1.85435471124,0.00000000000,0.00000000000,,retreating,,,0,543,2013-2025,3.65618823400,advancing,36080,8.82410000000,199.99995525300,44073,4.72411702790,0.93099098422,0.09554885325,0.50916019500,0.34419475374,4.24290800000,0.11901219756,2.84078448015,Moderate
1,544,544.00000000000,0.00000000000,-4.43651332706,0.00000000000,0.00000000000,,retreating,,,0,544,2013-2025,2.30444335700,advancing,35636,43.31520000000,200.00000601400,44073,3.96604129128,1.00000000000,0.28123125561,0.58792491326,1.00000000000,4.12139300000,0.10421977536,3.57136737350,High
1,545,545.00000000000,0.00000000000,-3.86212269888,0.00000000000,0.00000000000,,retreating,,,0,545,2013-2025,2.01931241400,advancing,36081,4.52737000000,199.99999016000,35912,3.82284366945,1.00000000000,0.32039826070,0.60280326880,0.17477227571,4.06785700000,0.09770266130,3.04971148864,Moderate
1,546,546.00000000000,0.00000000000,-2.44707125259,0.00000000000,0.00000000000,,retreating,,,0,546,2013-2025,2.24439824800,advancing,35637,46.94810000000,199.99998612300,44073,3.03903162397,1.00000000000,0.28947935056,0.68424201160,1.00000000000,4.44055800000,0.14307278471,3.66718568668,High
1,547,547.00000000000,0.00000000000,-2.22776068679,0.00000000000,0.00000000000,,retreating,,,0,547,2013-2025,2.70999335500,advancing,36082,3.39885000000,200.00002754700,35583,2.60803849567,0.97446603015,0.22552288994,0.72902256674,0.13027409307,11.23125000000,0.96972614511,3.51746644806,High
1,548,548.00000000000,0.00000000000,-1.96074223062,0.00000000000,0.00000000000,,retreating,,,0,548,2013-2025,2.95553671000,advancing,35638,35.92890000000,199.99992044300,44073,1.25548981202,0.94337750879,0.19179383291,0.86955353331,1.00000000000,9.27572200000,0.73167326441,3.99594435473,High
1,549,549.00000000000,0.00000000000,-0.36825788245,0.00000000000,0.00000000000,,stable,,,0,549,2013-2025,3.13564272700,advancing,35639,20.49920000000,199.99994477700,44073,2.13889722156,0.75796716530,0.16705357424,0.77776674690,0.80455060357,17.23321000000,1.00000000000,3.71995226313,High
1,550,550.00000000000,0.00000000000,0.67934116675,0.00000000000,0.00000000000,,advancing,,,0,550,2013-2025,3.51239494600,advancing,36084,1.44186000000,200.00005177200,44073,0.70450464775,0.63599692442,0.11530101478,0.92680136375,0.05310886986,13.98840000000,1.00000000000,3.12118116148,Moderate
1,551,551.00000000000,0.00000000000,1.39833426589,0.00000000000,0.00000000000,,advancing,,,0,551,2013-2025,3.41491333800,advancing,35640,26.50670000000,200.00001424700,35417,1.84104868110,0.55228573591,0.12869157351,0.80871346533,1.00000000000,16.27580000000,1.00000000000,3.59653301964,High
1,552,552.00000000000,0.00000000000,1.73517354439,0.00000000000,0.00000000000,,advancing,,,0,552,2013-2025,3.55934598300,advancing,36085,1.90622000000,199.99997322900,44073,1.92846246150,0.51306809060,0.10885158672,0.79963109869,0.07141884737,4.94206600000,0.20412300955,2.41786264557,Low
1,553,553.00000000000,0.00000000000,1.75004601432,0.00000000000,0.00000000000,,advancing,,,0,553,2013-2025,3.39238306700,advancing,35641,30.26580000000,200.00003728600,35360,1.98448650650,0.51133651329,0.13178644364,0.79381015243,1.00000000000,4.87766200000,0.19628289797,3.05806957034,Moderate
1,554,554.00000000000,0.00000000000,1.41963894117,0.00000000000,0.00000000000,,advancing,,,0,554,2013-2025,3.73495543400,advancing,36086,1.12967000000,200.00003858300,44073,2.39353264811,0.54980526747,0.08472899873,0.75130990800,0.04079904401,4.17521200000,0.11077133994,2.33138480854,Low
1,555,555.00000000000,0.00000000000,-0.12968545023,0.00000000000,0.00000000000,,stable,,,0,555,2013-2025,3.80433224400,advancing,35161,51.77200000000,200.00002286600,35644,1.53569892268,0.73019056790,0.07519905490,0.84043956674,1.00000000000,4.66064100000,0.16986421502,3.28626340686,Moderate
1,556,556.00000000000,0.00000000000,0.03884347765,0.00000000000,0.00000000000,,stable,,,0,556,2013-2025,3.89297062400,advancing,35643,31.67950000000,200.00002224100,44073,3.58878674706,0.71056902095,0.06302324597,0.62712198349,1.00000000000,5.04053000000,0.21610935741,3.13525545722,Moderate
1,557,557.00000000000,0.00000000000,0.93855305688,0.00000000000,0.00000000000,,advancing,,,0,557,2013-2025,3.57662485100,advancing,36087,1.06285000000,200.00000736100,44073,2.39723819555,0.60581730875,0.10647807543,0.75092489845,0.03816429260,7.61939300000,0.53004286595,2.66603533102,Moderate
1,558,558.00000000000,0.00000000000,1.00848214375,0.00000000000,0.00000000000,,advancing,,,0,558,2013-2025,3.25305411100,advancing,35644,23.51480000000,200.00003216800,44073,2.52275708414,0.59767557974,0.15092536231,0.73788337843,0.92345735080,11.42787000000,0.99366134696,3.56542900191,High
1,559,559.00000000000,0.00000000000,-0.45461990938,0.00000000000,0.00000000000,,stable,,,0,559,2013-2025,3.66795879300,advancing,36088,0.92124000000,200.00003800600,35490,2.15080534668,0.76802215460,0.09393199070,0.77652948250,0.03258052913,9.24589800000,0.72804269041,2.98080897822,Moderate
1,560,560.00000000000,0.00000000000,0.56796694838,0.00000000000,0.00000000000,,advancing,,,0,560,2013-2025,3.06186768800,advancing,35645,25.38920000000,199.99999829700,44073,1.63803246512,0.64896404219,0.17718768069,0.82980702404,0.99736604650,6.08958000000,0.34381367793,3.37164263351,Moderate
1,561,561.00000000000,0.00000000000,-0.74676091909,0.00000000000,0.00000000000,,retreating,,,0,561,2013-2025,3.25393324300,advancing,35165,39.72060000000,199.99999035900,35493,1.61485224126,0.80203565371,0.15080460037,0.83221546915,1.00000000000,4.28476700000,0.12410783185,3.40297755635,High
1,562,562.00000000000,0.00000000000,0.21741881766,0.00000000000,0.00000000000,,stable,,,0,562,2013-2025,2.80743496100,advancing,36090,1.12414000000,200.00001539600,44073,2.08550846230,0.68977778670,0.21213782608,0.78331388471,0.04058099299,4.83845200000,0.19150973520,2.67630707629,Moderate
1,563,563.00000000000,0.00000000000,-1.47683565649,0.00000000000,0.00000000000,,retreating,,,0,563,2013-2025,2.54427883000,advancing,35647,18.08070000000,200.00006704600,35821,1.69445484276,0.88703705921,0.24828626166,0.82394469068,0.70918774456,4.27622300000,0.12306774251,3.38298812434,Moderate
1,564,564.00000000000,0.00000000000,-2.71893090781,0.00000000000,0.00000000000,,retreating,,,0,564,2013-2025,2.66668669800,advancing,36091,1.52409000000,199.99993277900,35822,1.20266015516,1.00000000000,0.23147170783,0.87504257990,0.05635124889,3.92489800000,0.08029979017,3.06827862933,Moderate
1,565,565.00000000000,0.00000000000,-2.10617064026,0.00000000000,0.00000000000,,retreating,,,0,565,2013-2025,2.64759724000,advancing,35648,25.74600000000,199.99997079200,44073,1.89290020162,0.96030950025,0.23409393076,0.80332604794,1.00000000000,5.11136700000,0.22473257933,3.70284940664,High
1,566,566.00000000000,0.00000000000,-1.68173990224,0.00000000000,0.00000000000,,retreating,,,0,566,2013-2025,2.68446169100,advancing,36092,3.25956000000,200.00006888900,35823,1.92552308274,0.91089372482,0.22903004634,0.79993650266,0.12478181523,4.51401200000,0.15201458268,2.99865627770,Moderate
1,567,567.00000000000,0.00000000000,0.48274063155,0.00000000000,0.00000000000,,stable,,,0,567,2013-2025,2.81020054200,advancing,35649,34.70260000000,199.99998890400,44073,1.93070549004,0.65888680262,0.21175793212,0.79939804610,1.00000000000,4.72597100000,0.17781705165,3.29435043975,Moderate
1,568,568.00000000000,0.00000000000,-0.23436571216,0.00000000000,0.00000000000,,stable,,,0,568,2013-2025,2.53991759600,advancing,36093,5.64748000000,199.99997579400,35983,4.46584594446,0.74237831929,0.24888534246,0.53599478175,0.21893884820,5.37111700000,0.25635280453,2.76214929213,Moderate
1,569,569.00000000000,0.00000000000,1.23793009653,0.00000000000,0.00000000000,,advancing,,,0,569,2013-2025,2.63080542300,advancing,35650,17.40820000000,200.00003950000,44073,0.64229449447,0.57096133053,0.23640053830,0.93326505195,0.68267066496,3.50285900000,0.02892358910,2.99657488186,Moderate
1,570,570.00000000000,0.00000000000,0.35365685779,0.00000000000,0.00000000000,,stable,,,0,570,2013-2025,2.88444495600,advancing,36094,3.66579000000,199.99996695000,44073,0.75995076561,0.67391581490,0.20155934998,0.92104046462,0.14079969292,4.21396200000,0.11548850539,2.76462967758,Moderate
1,571,571.00000000000,0.00000000000,1.76112060552,0.00000000000,0.00000000000,,advancing,,,0,571,2013-2025,3.63800836300,advancing,35651,15.94760000000,199.99992117600,35915,0.76011568913,0.51004711678,0.09804613079,0.92102332893,0.62507842206,4.92616000000,0.20218671965,2.86295650260,Moderate
1,572,572.00000000000,0.00000000000,0.44648635162,0.00000000000,0.00000000000,,stable,,,0,572,2013-2025,3.67299629300,advancing,36095,3.22499000000,200.00002370000,35323,0.72082095436,0.66310782903,0.09324001463,0.92510608552,0.12341869201,3.70740400000,0.05382352737,2.61364329412,Moderate
1,573,573.00000000000,0.00000000000,-0.52138620784,0.00000000000,0.00000000000,,retreating,,,0,573,2013-2025,3.26477647600,advancing,36096,3.29096000000,199.99998137700,35611,0.11222852681,0.77579564534,0.14931511993,0.98833935995,0.12601993363,3.84701600000,0.07081895714,2.85037036381,Moderate
1,574,574.00000000000,0.00000000000,-0.60972681575,0.00000000000,0.00000000000,,retreating,,,0,574,2013-2025,3.07774800000,advancing,35653,3.29308000000,200.00001420000,36046,0.01046972098,0.78608099758,0.17500628201,0.99891218702,0.12610352714,4.86963100000,0.19530525782,2.96638556715,Moderate
1,575,575.00000000000,0.00000000000,0.09972928690,0.00000000000,0.00000000000,,stable,,,0,575,2013-2025,2.57686969100,advancing,36097,0.58308700000,200.00000700700,35516,0.73866513105,0.70348018594,0.24380941882,0.92325206028,0.01924696716,4.03009300000,0.09310552488,2.74114208085,Moderate
1,576,576.00000000000,0.00000000000,-0.21265604824,0.00000000000,0.00000000000,,stable,,,0,576,2013-2025,2.97407103600,advancing,36098,0.36130800000,200.00006652100,36003,0.32673203151,0.73985069869,0.18924786567,0.96605226211,0.01050209496,3.53958900000,0.03339485329,2.72537689204,Moderate
1,577,577.00000000000,0.00000000000,-0.50274140905,0.00000000000,0.00000000000,,retreating,,,0,577,2013-2025,2.68400682100,advancing,35654,3.15301000000,200.00000366500,36153,0.87434133308,0.77362486196,0.22909252955,0.90915518669,0.12058047990,4.03245100000,0.09339257200,2.87159803234,Moderate
1,578,578.00000000000,0.00000000000,-0.68401538806,0.00000000000,0.00000000000,,retreating,,,0,578,2013-2025,2.54943810500,advancing,36099,3.44341000000,199.99999261500,36122,0.62504782865,0.79473029433,0.24757755797,0.93505699530,0.13203111733,3.84739600000,0.07086521579,2.92430902060,Moderate
1,579,579.00000000000,0.00000000000,-1.67194971151,0.00000000000,0.00000000000,,retreating,,,0,579,2013-2025,2.32683972500,advancing,35655,6.06985000000,200.00006654400,36122,1.03030012913,0.90975386895,0.27815477906,0.89295093422,0.23559313460,5.33333100000,0.25175298998,3.23750042704,Moderate
1,580,580.00000000000,0.00000000000,-1.94642598627,0.00000000000,0.00000000000,,retreating,,,0,580,2013-2025,2.54494939000,advancing,36100,4.42888000000,200.00000900700,35825,1.21885844470,0.94171069191,0.24819415020,0.87335956375,0.17088876869,5.38685200000,0.25826827804,3.19665058393,Moderate
1,581,581.00000000000,0.00000000000,-0.09525568671,0.00000000000,0.00000000000,,stable,,,0,581,2013-2025,2.69500445200,advancing,35656,10.22440000000,200.00003778600,36123,0.54134374412,0.72618196695,0.22758184023,0.94375392137,0.39940937613,4.53395600000,0.15444243165,3.06361760615,Moderate
1,582,582.00000000000,0.00000000000,-2.52935813805,0.00000000000,0.00000000000,,retreating,,,0,582,2013-2025,2.44220663800,advancing,36101,3.02270000000,199.99996679500,44073,0.93518566325,1.00000000000,0.26230740584,0.90283340868,0.11544228995,3.97584500000,0.08650173671,3.15728981206,Moderate
1,583,583.00000000000,0.00000000000,-3.92411422884,0.00000000000,0.00000000000,,retreating,,,0,583,2013-2025,2.22029293500,advancing,35657,5.52066000000,199.99995450300,36154,0.15891821986,1.00000000000,0.29279057629,0.98348826086,0.21393826039,3.45410500000,0.02298860369,3.26691518651,Moderate
1,584,584.00000000000,0.00000000000,-4.81901948033,0.00000000000,0.00000000000,,retreating,,,0,584,2013-2025,1.95115024400,advancing,36102,3.81002000000,199.99994570200,36048,0.87436696663,1.00000000000,0.32976135554,0.90915252335,0.14648675906,4.65490200000,0.16916558760,3.28963121680,Moderate
1,585,585.00000000000,0.00000000000,-3.04070439760,0.00000000000,0.00000000000,,retreating,,,0,585,2013-2025,1.93968109100,advancing,35658,8.08122000000,200.00001553600,44073,0.53640760085,1.00000000000,0.33133681546,0.94426679088,0.31490258021,5.20591700000,0.23624246304,3.46961694331,High
1,586,586.00000000000,0.00000000000,-2.10516682404,0.00000000000,0.00000000000,,retreating,,,0,586,2013-2025,2.15389855100,advancing,36103,3.96188000000,199.99998376200,36155,1.05733624770,0.96019262757,0.30191083925,0.89014185835,0.15247468474,5.07237900000,0.21998644135,3.24022455427,Moderate
1,587,587.00000000000,0.00000000000,-3.08553577599,0.00000000000,0.00000000000,,retreating,,,0,587,2013-2025,2.22528064100,advancing,35660,17.16450000000,200.00001521300,44073,0.00000000000,1.00000000000,0.29210544018,1.00000000000,0.67306143498,4.77840400000,0.18419989387,3.68649133626,High
1,588,588.00000000000,0.00000000000,-2.03590650935,0.00000000000,0.00000000000,,retreating,,,0,588,2013-2025,2.00350729000,advancing,36104,5.13299000000,199.99998468800,44073,0.00000000000,0.95212876261,0.32256933118,1.00000000000,0.19865221135,6.89601100000,0.44198318644,3.48749057459,High
1,589,589.00000000000,0.00000000000,-1.14099731192,0.00000000000,0.00000000000,,retreating,,,0,589,2013-2025,1.85023816500,advancing,35661,21.20370000000,200.00001283300,44073,0.00000000000,0.84793595100,0.34362314083,1.00000000000,0.83232936982,6.61740500000,0.40806755809,3.79194795772,High
1,590,590.00000000000,0.00000000000,-2.32061875484,0.00000000000,0.00000000000,,retreating,,,0,590,2013-2025,1.51420830100,advancing,36105,4.73260000000,200.00004549100,44073,0.00000000000,0.98527734287,0.38978187498,1.00000000000,0.18286462005,5.09663000000,0.22293859565,3.44190573077,High
1,591,591.00000000000,0.00000000000,-1.32928758164,0.00000000000,0.00000000000,,retreating,,,0,591,2013-2025,1.40665753500,advancing,35662,26.60020000000,200.00001916600,36158,0.00000000000,0.86985827860,0.40455558335,1.00000000000,1.00000000000,4.08667400000,0.09999331684,3.79899958749,High
1,592,592.00000000000,0.00000000000,-2.76677826406,0.00000000000,0.00000000000,,retreating,,,0,592,2013-2025,1.21831745300,advancing,36106,9.60248000000,200.00002795600,44073,0.00000000000,1.00000000000,0.43042691416,1.00000000000,0.37488673312,3.82659400000,0.06833291964,3.53178560735,High
1,593,593.00000000000,0.00000000000,-1.79259960795,0.00000000000,0.00000000000,,retreating,,,0,593,2013-2025,1.30617744400,advancing,35663,35.20410000000,199.99992283600,36050,0.00000000000,0.92380093872,0.41835802862,1.00000000000,1.00000000000,3.89218600000,0.07631765039,3.86071803164,High
1,594,594.00000000000,0.00000000000,-0.94442785285,0.00000000000,0.00000000000,,retreating,,,0,594,2013-2025,1.41299658800,advancing,36107,10.51900000000,200.00002116700,36222,0.00000000000,0.82504969094,0.40368481949,1.00000000000,0.41102564002,4.42125300000,0.14072272331,3.36887229798,Moderate
1,595,595.00000000000,0.00000000000,-1.39718505538,0.00000000000,0.00000000000,,retreating,,,0,595,2013-2025,1.13602071500,advancing,36108,18.34660000000,199.99999454500,44073,0.00000000000,0.87776347022,0.44173160359,1.00000000000,0.71967231855,4.87935700000,0.19648923592,3.70728111078,High
1,596,596.00000000000,0.00000000000,-0.04814800650,0.00000000000,0.00000000000,,stable,,,0,596,2013-2025,1.02226114900,advancing,36108,18.34660000000,200.00007017800,44073,0.00000000000,0.72069729692,0.45735818362,1.00000000000,0.71967231855,4.32937500000,0.12953811098,3.49348428262,High
1,597,597.00000000000,0.00000000000,-1.32365101310,0.00000000000,0.00000000000,,retreating,,,0,597,2013-2025,1.03710046100,advancing,36109,18.78340000000,200.00002641600,44073,0.00000000000,0.86920202216,0.45531978189,1.00000000000,0.73689558983,5.15762800000,0.23036408361,3.74067967223,High
1,598,598.00000000000,0.00000000000,-1.12859610460,0.00000000000,0.00000000000,,retreating,,,0,598,2013-2025,1.31891044000,advancing,36524,0.91511800000,200.00000824100,36372,0.00000000000,0.84649209875,0.41660896093,1.00000000000,0.03233913548,4.75875900000,0.18180844315,3.17251889232,Moderate
1,599,599.00000000000,0.00000000000,-1.16583326746,0.00000000000,0.00000000000,,retreating,,,0,599,2013-2025,1.07353944500,advancing,36525,1.48166000000,200.00007416500,36162,0.93171800000,0.85082756061,0.45031434173,0.90319370186,0.05467820827,5.43818600000,0.26451733537,3.20531528771,Moderate
1,600,600.00000000000,0.00000000000,-2.60938269261,0.00000000000,0.00000000000,,retreating,,,0,600,2013-2025,1.19679606400,advancing,36111,33.55800000000,200.00003774600,36329,1.95263500000,1.00000000000,0.43338319924,0.79711955123,1.00000000000,5.89160000000,0.31971291879,3.97224476547,High
1,601,601.00000000000,0.00000000000,-0.53732617816,0.00000000000,0.00000000000,,retreating,,,0,601,2013-2025,1.01366833000,advancing,36526,2.98193000000,199.99997559500,36051,0.00000000000,0.77765150997,0.45853853600,1.00000000000,0.11383470366,3.96855200000,0.08561393574,3.12393901238,Moderate
1,602,602.00000000000,0.00000000000,-1.17911424733,0.00000000000,0.00000000000,,retreating,,,0,602,2013-2025,1.16855620500,advancing,36112,29.45730000000,200.00006425600,36331,0.00000000000,0.85237384334,0.43726236679,1.00000000000,1.00000000000,3.90729800000,0.07815728405,3.79289225577,High
1,603,603.00000000000,0.00000000000,-1.29273130022,0.00000000000,0.00000000000,,retreating,,,0,603,2013-2025,1.06560628600,advancing,36527,3.27072000000,199.99999427800,36331,0.00023400000,0.86560209065,0.45140407993,0.99997568720,0.12522185628,4.62271600000,0.16524747954,3.27804277310,Moderate
1,604,604.00000000000,0.00000000000,-2.20428494916,0.00000000000,0.00000000000,,retreating,,,0,604,2013-2025,0.80808992100,advancing,36113,28.18890000000,200.00000137700,36331,0.00000000000,0.97173278848,0.48677780918,1.00000000000,1.00000000000,5.16464500000,0.23121828619,4.06885412781,High
1,605,605.00000000000,0.00000000000,-0.93890966778,0.00000000000,0.00000000000,,retreating,,,0,605,2013-2025,0.95970394000,advancing,36528,2.48755000000,200.00000982900,36331,0.00000000000,0.82440721770,0.46595135313,1.00000000000,0.09434102062,3.88150500000,0.07501741699,3.16626558343,Moderate
1,606,606.00000000000,0.00000000000,-0.98622354703,0.00000000000,0.00000000000,,retreating,,,0,606,2013-2025,0.85197011800,advancing,36114,19.46700000000,199.99992694500,36251,1.81586743845,0.82991589514,0.48075020698,0.81132981801,0.76385030383,4.05087400000,0.09563526463,3.52474123277,High
1,607,607.00000000000,0.00000000000,-1.67131484199,0.00000000000,0.00000000000,,retreating,,,0,607,2013-2025,0.54379070500,advancing,36529,2.16336000000,200.00002473000,36333,1.38816155195,0.90967995214,0.52308326460,0.85576882591,0.08155802937,3.91307200000,0.07886017214,3.21183828282,Moderate
1,608,608.00000000000,0.00000000000,-1.98213566773,0.00000000000,0.00000000000,,retreating,,,0,608,2013-2025,0.61128491700,advancing,36115,7.48025000000,200.00000690800,36376,5.63280940980,0.94586831162,0.51381192380,0.41474627830,0.29120600128,4.46357400000,0.14587459839,3.12989573520,Moderate
1,609,609.00000000000,0.00000000000,-2.88576668727,0.00000000000,0.00000000000,,retreating,,,0,609,2013-2025,0.71559623100,advancing,36530,1.84666000000,199.99996589000,36376,0.55964837180,1.00000000000,0.49948320267,0.94185205488,0.06907036518,4.10414300000,0.10211987590,3.36325989345,Moderate
1,610,610.00000000000,0.00000000000,-3.30231942320,0.00000000000,0.00000000000,,retreating,,,0,610,2013-2025,0.85430778100,advancing,36531,2.32372000000,199.99998709300,36376,0.34757030108,1.00000000000,0.48042909396,0.96388714805,0.08788110937,4.12436600000,0.10458168846,3.37631615799,Moderate
1,611,611.00000000000,0.00000000000,-3.65284410010,0.00000000000,0.00000000000,,retreating,,,0,611,2013-2025,0.71912310100,advancing,36117,17.67570000000,200.00000462500,36376,0.00000000000,1.00000000000,0.49899873426,1.00000000000,0.69321833832,4.56635600000,0.15838659064,3.86056934856,High
1,612,612.00000000000,0.00000000000,-0.11834725895,0.00000000000,0.00000000000,,stable,,,0,612,2013-2025,0.73458653900,advancing,36532,4.88025000000,200.00003249300,36592,1.95263491114,0.72887048087,0.49687459947,0.79711956047,0.18868653383,5.22914600000,0.23907020591,3.10348954945,Moderate
1,613,613.00000000000,0.00000000000,-1.86578537213,0.00000000000,0.00000000000,,retreating,,,0,613,2013-2025,0.58741397100,advancing,36118,21.72330000000,200.00003922200,36592,5.00000000000,0.93232183733,0.51709095572,0.48049571793,0.85281756368,4.47123800000,0.14680756241,3.54372786773,High
1,614,614.00000000000,0.00000000000,-1.11603146702,0.00000000000,0.00000000000,,retreating,,,0,614,2013-2025,0.81783293900,advancing,36533,9.76249000000,199.99996225500,36592,7.44115639763,0.84502921858,0.48543945975,0.22685747757,0.38119603129,5.24608100000,0.24113175938,2.97636375254,Moderate
1,615,615.00000000000,0.00000000000,-1.32152474686,0.00000000000,0.00000000000,,retreating,,,0,615,2013-2025,0.57149534600,advancing,36119,20.54130000000,199.99996553400,36592,5.77658945639,0.86895446447,0.51927761726,0.39980740832,0.80621059092,4.30987900000,0.12716479853,3.37183290599,Moderate
1,616,616.00000000000,0.00000000000,-1.04867668486,0.00000000000,0.00000000000,,retreating,,,0,616,2013-2025,0.76394744200,advancing,36534,10.96540000000,200.00005577000,36592,0.00000000000,0.83718721165,0.49284143974,1.00000000000,0.42862743234,3.79784000000,0.06483260028,3.42553421980,High
1,617,617.00000000000,0.00000000000,-1.85000016198,0.00000000000,0.00000000000,,retreating,,,0,617,2013-2025,0.96186333100,advancing,36120,19.15080000000,199.99994914700,36540,0.00000000000,0.93048399118,0.46565472843,1.00000000000,0.75138242401,3.77187400000,0.06167167335,3.73102552101,High
1,618,618.00000000000,-1.64935624772,0.10525739695,0.59279604691,-0.44897912520,retreating,stable,advancing,stable,0,618,2013-2025,2.99205438000,advancing,38443,28.75780000000,199.99992950000,38741,0.00000000000,0.70283655714,0.18677758405,1.00000000000,1.00000000000,7.01349500000,0.45628490170,3.62890739046,High
1,619,619.00000000000,-1.98007639504,-0.19923584551,0.00404289670,-0.47542342351,retreating,stable,stable,stable,0,619,2013-2025,3.05218761000,advancing,38815,5.18059000000,200.00004602900,38679,0.00000000000,0.73828820647,0.17851738437,1.00000000000,0.20052911690,8.38066600000,0.62271514200,3.22029162711,Moderate
1,620,620.00000000000,-2.69107877389,0.14152527972,0.39858112023,0.32914252988,retreating,stable,stable,stable,0,620,2013-2025,2.65012025700,advancing,38814,3.60118000000,199.99993794400,38716,0.00000000000,0.69861394697,0.23374735660,1.00000000000,0.13825208389,11.20678000000,0.96674733121,3.38409566578,Moderate
1,621,621.00000000000,-2.20219774321,0.15863867668,0.66170660313,-0.09818666749,retreating,stable,advancing,stable,0,621,2013-2025,2.34530232300,advancing,38441,7.84969000000,200.00002069700,38564,1.73008041429,0.69662146221,0.27561866473,0.82024316329,0.30577323263,15.51765000000,1.00000000000,3.42894655427,High
1,622,622.00000000000,-4.50497217865,-0.17114820675,-0.26680370941,0.12310199973,retreating,stable,stable,stable,0,622,2013-2025,2.22081925700,advancing,38813,1.25722000000,200.00000550000,38716,6.19398908898,0.73501800871,0.29271827808,0.35643922903,0.04582841292,7.01349500000,0.45628490170,2.67079490428,Moderate
1,623,623.00000000000,-3.01874411822,-0.34814351949,0.00829200302,-0.46319140427,retreating,stable,stable,stable,0,623,2013-2025,2.25936798800,advancing,38440,4.11772000000,200.00000889400,38716,1.00508778080,0.75562528298,0.28742303258,0.89557051880,0.15861955037,11.32601000000,0.98126159282,3.44910986716,High
1,624,624.00000000000,-4.38533242541,-0.18096402988,-1.23966642716,0.90516984142,retreating,stable,retreating,advancing,0,624,2013-2025,1.89264932300,advancing,38812,0.09579400000,200.00004958500,38716,0.00000000000,0.73616084892,0.33779733314,1.00000000000,0.00003272736,11.35878000000,0.98525079312,3.43433187385,High
1,625,625.00000000000,-2.49990238965,-0.93503430137,-1.19872657551,0.09838295639,retreating,retreating,retreating,stable,0,625,2013-2025,1.77167198000,advancing,38439,1.23449000000,199.99999778100,38716,0.00000000000,0.82395601513,0.35441538293,1.00000000000,0.04493215644,13.98180000000,1.00000000000,3.59231459988,High
1,626,626.00000000000,-3.95661176206,-0.23584950144,0.18678022853,-0.04818735656,retreating,stable,stable,stable,0,626,2013-2025,1.99884926000,advancing,38438,0.07892600000,200.00001070300,38716,0.00000000000,0.74255107444,0.32320918136,1.00000000000,0.00000000000,11.18457000000,0.96404363457,3.41678976348,High
1,627,627.00000000000,-1.93535926226,-0.08706112864,0.23660758124,0.00512944310,retreating,stable,stable,stable,0,627,2013-2025,1.84778073300,advancing,38438,0.07892600000,200.00005086600,38626,0.00000000000,0.72522788798,0.34396070592,1.00000000000,0.00000000000,9.87465400000,0.80458323448,3.31813772741,Moderate
1,628,628.00000000000,-1.77213223070,-0.91634850640,-1.13402310748,0.13528185449,retreating,retreating,retreating,stable,0,628,2013-2025,1.24956904500,advancing,38811,0.09276800000,199.99998737400,38626,3.23753600000,0.82178045864,0.42613403998,0.66361723693,0.00000000000,10.97286000000,0.93827147719,3.35435528719,Moderate
1,629,629.00000000000,-2.69300450464,-0.91384939911,-0.03700068665,-1.50964424907,retreating,retreating,stable,retreating,0,629,2013-2025,1.17711176600,advancing,38437,1.36448000000,200.00008667100,38626,0.00000000000,0.82148949167,0.43608713236,1.00000000000,0.05005773497,8.45845000000,0.63218404517,3.44159624448,High
1,630,630.00000000000,-2.82855970018,-0.51782449052,-1.06516692017,-0.05754707983,retreating,retreating,retreating,stable,0,630,2013-2025,1.15198852700,advancing,38810,0.15540700000,199.99999812200,38626,3.92015500000,0.77538096043,0.43953818548,0.59269253822,0.00238330156,12.75930000000,1.00000000000,3.30096237161,Moderate
1,631,631.00000000000,-1.17779209275,-0.86004044077,-2.53840346654,0.66400486980,retreating,retreating,retreating,advancing,0,631,2013-2025,1.05231216500,advancing,38086,4.81293000000,199.99999063300,38444,9.62456000000,0.81522460282,0.45323022654,0.00000000000,0.18603207326,10.39033000000,0.86735817675,3.00227968577,Moderate
1,632,632.00000000000,-2.97461744738,-0.56998091378,-0.39406110238,-0.59392088074,retreating,retreating,stable,retreating,0,632,2013-2025,1.17319378500,advancing,38435,3.00903000000,200.00000447100,38443,0.00000000000,0.78145344733,0.43662532573,1.00000000000,0.11490327539,13.80182000000,1.00000000000,3.65919535646,High
1,633,633.00000000000,-1.22910774588,-0.40893338778,0.03186771158,-1.59798364654,retreating,stable,stable,retreating,0,633,2013-2025,1.14156850400,advancing,38085,4.45371000000,199.99996208200,38377,0.00000000000,0.76270294774,0.44096953169,1.00000000000,0.17186782430,13.82170000000,1.00000000000,3.67931073027,High
1,634,634.00000000000,-1.02600698480,0.23047264989,0.33105814641,-0.06975228928,retreating,stable,stable,stable,0,634,2013-2025,1.08170059900,advancing,38434,1.60105000000,200.00002573500,38377,0.00000000000,0.68825795040,0.44919328501,1.00000000000,0.05938582396,7.91253100000,0.56572752265,3.26066012711,Moderate
1,635,635.00000000000,-2.18048790886,-0.38753993629,-0.16188153130,-0.39701645802,retreating,stable,stable,stable,0,635,2013-2025,0.82282001400,advancing,38433,0.24870500000,200.00005946300,38219,6.43615055312,0.76021214324,0.48475441031,0.33127844551,0.00606209461,9.44110300000,0.75180563964,2.99716865029,Moderate
1,636,636.00000000000,-2.39592545182,-0.29559112105,0.28969389633,-0.53979267927,retreating,stable,stable,retreating,0,636,2013-2025,0.69297543400,advancing,38083,2.45358000000,200.00008439400,38267,0.00000000000,0.74950669333,0.50259050791,1.00000000000,0.09300155966,12.84796000000,1.00000000000,3.66235595735,High
1,637,637.00000000000,-3.19300224742,-0.41621678625,-0.12350672129,-0.40992147084,retreating,stable,stable,stable,0,637,2013-2025,0.86417599900,advancing,38432,0.59028900000,200.00004115900,38218,9.62455974381,0.76355094190,0.47907354643,0.00000000000,0.01953094490,11.73966000000,1.00000000000,2.92911917785,Moderate
1,638,638.00000000000,-4.50275067951,-0.10566786402,-1.02134917240,0.44174087826,retreating,stable,retreating,stable,0,638,2013-2025,0.64490676900,advancing,38082,2.53492000000,200.00002058600,38123,0.00000000000,0.72739423969,0.50919345891,1.00000000000,0.09620884483,16.73028000000,1.00000000000,3.64383559979,High
1,639,639.00000000000,-2.02136709896,-0.23746458278,-0.23978427439,-0.55139443950,retreating,stable,stable,retreating,0,639,2013-2025,0.88921787200,advancing,38431,0.82841200000,200.00000503400,38122,5.22843759071,0.74273911572,0.47563367015,0.45676085661,0.02892026952,9.50741700000,0.75987826183,3.07433829020,Moderate
1,640,640.00000000000,-3.54965540197,0.27779626697,0.35021310957,0.45967929611,retreating,stable,stable,stable,0,640,2013-2025,0.82910753500,advancing,38081,4.93355000000,200.00001907900,38083,1.73379889523,0.68274813920,0.48389072514,0.81985680993,0.19078817920,11.69486000000,1.00000000000,3.51101599463,High
1,641,641.00000000000,-1.84318589972,0.40044038855,0.56029266532,0.41539042439,retreating,stable,advancing,stable,0,641,2013-2025,0.76747597500,advancing,38430,0.75908300000,200.00003626800,38083,12.70374996430,0.66846888507,0.49235674289,0.00000000000,0.02618658690,4.49184700000,0.14931636404,2.32137790220,Low
1,642,642.00000000000,-2.47318186308,0.55753908896,0.09600717292,1.11148484600,retreating,advancing,stable,advancing,0,642,2013-2025,0.67932346800,advancing,38080,6.49811000000,199.99996115300,38081,0.00000000000,0.65017814077,0.50446580989,1.00000000000,0.25247966280,4.96632100000,0.20707565080,3.17843948710,Moderate
1,643,643.00000000000,0.17137224980,1.15339787414,0.62155575410,1.82094708600,stable,advancing,advancing,advancing,0,643,2013-2025,0.73403965900,advancing,38079,7.23307000000,200.00001030500,38081,1.12046290832,0.58080327869,0.49694972163,0.88358294424,0.28145955460,7.48108800000,0.51320654161,3.21371598920,Moderate
1,644,644.00000000000,-0.56395819940,0.71360343197,0.50444630285,0.88694614284,retreating,advancing,advancing,advancing,0,644,2013-2025,1.03940473800,advancing,37728,21.74670000000,199.99992047900,38081,1.72165137833,0.63200782502,0.45500325493,0.82111894734,0.85374021341,14.33562000000,1.00000000000,3.87774630777,High
1,645,645.00000000000,-1.75172169556,0.58483964283,0.60980968185,1.03519353285,retreating,advancing,advancing,advancing,0,645,2013-2025,1.01349261300,advancing,38078,5.00387000000,200.00000505900,38081,0.78510943953,0.64699958202,0.45856267336,0.91842645685,0.19356094169,10.39339000000,0.86773068065,3.43649761435,High
1,646,646.00000000000,-4.17114671868,0.65861927534,1.53197942701,0.31317765057,retreating,advancing,advancing,stable,0,646,2013-2025,0.48240212700,stable,37727,13.79380000000,199.99993434800,37970,2.22847835754,0.63840954029,0.53151590513,0.76845919015,0.54015286891,4.63577800000,0.16683755993,3.20145460842,Moderate
1,647,647.00000000000,-3.65710683197,0.65119526550,-0.46392445689,1.20428994495,retreating,advancing,stable,advancing,0,647,2013-2025,0.37343704800,stable,37726,7.38028000000,200.00006970000,37969,0.84988298404,0.63927390559,0.54648389058,0.91169643011,0.28726413297,9.48529200000,0.75718491252,3.49485138504,High
1,648,648.00000000000,-5.91244144982,0.34669520518,0.04237540839,0.35480229312,retreating,stable,stable,stable,0,648,2013-2025,0.19919425200,stable,37725,5.27933000000,199.99999309100,37968,0.00000000000,0.67472634871,0.57041874804,1.00000000000,0.20442247615,9.76799100000,0.79159879528,3.58174685174,High
1,649,649.00000000000,-4.84140279224,-0.03871167265,-0.37822594716,-0.21630455036,retreating,stable,stable,stable,0,649,2013-2025,0.09468712200,stable,38076,3.78910000000,199.99998597600,37928,0.00000000000,0.71959864003,0.58477436742,1.00000000000,0.14566187011,5.23676300000,0.23999744847,3.27642913471,Moderate
1,650,650.00000000000,-5.36347546593,0.61877772694,0.49512890291,0.82218021654,retreating,advancing,stable,advancing,0,650,2013-2025,0.20824115900,stable,37724,3.96745000000,199.99997557900,44073,0.00000000000,0.64304822649,0.56917601988,1.00000000000,0.15269431042,5.42085200000,0.26240721031,3.19030346369,Moderate
1,651,651.00000000000,-3.04708498691,0.06528689257,-0.49988745297,0.51847760832,retreating,stable,stable,advancing,0,651,2013-2025,-0.08361044600,stable,38075,3.29732000000,200.00008193600,37977,3.53896591366,0.70749025748,0.60926620854,0.63229841075,0.12627070476,4.91919700000,0.20133909067,2.99642013660,Moderate
1,652,652.00000000000,-2.10821380451,-0.10893297989,-0.91867533613,0.48237449820,retreating,stable,retreating,stable,0,652,2013-2025,-0.44088283900,stable,37723,3.53057000000,199.99996823600,37977,3.45386694631,0.72777439178,0.65834292217,0.64114026634,0.13546788981,5.60076500000,0.28430861389,3.12432172457,Moderate
1,653,653.00000000000,-0.81942253223,-0.15806160523,-1.18449494917,0.68327029638,retreating,stable,retreating,advancing,0,653,2013-2025,-0.69926778800,retreating,37723,3.53057000000,199.99999209500,37977,2.52943437982,0.73349435714,0.69383596445,0.73718960169,0.13546788981,10.22505000000,0.84723809658,3.56436880694,High
1,654,654.00000000000,-0.34089042162,-0.07077167811,-2.25681748499,1.07043551139,stable,stable,retreating,advancing,0,654,2013-2025,-0.98901496400,retreating,38073,2.38252000000,199.99991831300,38152,2.17504018844,0.72333133394,0.73363707828,0.77401146168,0.09019962593,10.21756000000,0.84632631415,3.57981513199,High
1,655,655.00000000000,-3.76993065347,-0.47233083619,-1.88706743164,0.69602935322,retreating,stable,retreating,advancing,0,655,2013-2025,-1.04549661000,retreating,37722,3.73229000000,200.00004563400,38079,3.81046095735,0.77008420879,0.74139567821,0.60408984320,0.14342182352,3.44379500000,0.02173353335,3.06793458832,Moderate
1,656,656.00000000000,-2.13682979692,-1.53574787199,-2.50296905101,-0.03493321989,retreating,retreating,retreating,stable,0,656,2013-2025,-0.91484558800,retreating,38072,2.23128000000,199.99993208000,38079,8.36985819479,0.89389611194,0.72344880373,0.13036456549,0.08423615220,4.31007000000,0.12718804959,2.90090917416,Moderate
1,657,657.00000000000,-0.63408683358,-0.65573906171,-1.66245880335,0.22059444588,retreating,retreating,retreating,stable,0,657,2013-2025,-1.38437589800,retreating,37721,7.18540000000,199.99998494300,37846,3.46569809770,0.79143812799,0.78794582342,0.63991099957,0.27957990396,4.23676100000,0.11826390295,3.30777747838,Moderate
1,658,658.00000000000,-1.16850104320,-0.90477854643,-1.03244734268,-0.60831178782,retreating,retreating,retreating,retreating,0,658,2013-2025,-1.63928764300,retreating,38071,3.39397000000,199.99993070600,37883,2.97321855199,0.82043338716,0.82296176911,0.69108004614,0.13008167382,4.41735300000,0.14024796343,3.31837198209,Moderate
1,659,659.00000000000,0.80655169962,-1.44711209981,-1.53034643706,-1.17767597661,advancing,retreating,retreating,retreating,0,659,2013-2025,-1.38362956900,retreating,37720,16.80540000000,199.99995797500,37787,2.42589656046,0.88357639420,0.78784330395,0.74794726979,0.65890198052,4.03876500000,0.09416119607,3.73427692532,High
1,660,660.00000000000,-0.17145036052,-1.31458271482,-0.92684658887,-1.37831350145,stable,retreating,retreating,retreating,0,660,2013-2025,-1.06859766200,retreating,37719,9.15390000000,200.00002774200,37750,0.00000000000,0.86814621505,0.74456895366,1.00000000000,0.35719897825,4.35546500000,0.13271413284,3.66850139143,High
1,661,661.00000000000,0.70053909250,-0.83444076900,-1.68337988674,-0.24427271890,advancing,retreating,retreating,stable,0,661,2013-2025,-1.49507384100,retreating,38069,0.46020400000,200.00000955900,37750,0.00000000000,0.81224407498,0.80315184368,1.00000000000,0.01440162008,4.73225100000,0.17858153678,3.44619154007,High
1,662,662.00000000000,-1.73226632117,0.06517221386,-0.17442213049,-0.11354677277,retreating,stable,stable,stable,0,662,2013-2025,-1.78548810200,retreating,37718,3.18090000000,199.99997317500,37690,0.01383600000,0.70750360933,0.84304459163,0.99856242775,0.12168020648,4.59018000000,0.16128676483,3.41705424816,High
1,663,663.00000000000,-0.24147540908,-0.03592294859,-0.87027428449,-0.11120395340,stable,stable,retreating,stable,0,663,2013-2025,-1.39450804000,retreating,37717,4.86768000000,199.99998788700,37669,0.17044700000,0.71927395346,0.78933762486,0.98229041073,0.18819089539,4.26975100000,0.12227988458,3.39616820466,Moderate
1,664,664.00000000000,-4.77273931791,-0.08119372073,-0.00135582355,-0.09776521693,retreating,stable,stable,stable,0,664,2013-2025,-1.17482216000,retreating,37336,7.58016000000,199.99994276700,44073,0.00000000000,0.72454475529,0.75916047926,1.00000000000,0.29514551933,3.95640500000,0.08413524132,3.43867476410,High
1,665,665.00000000000,-3.62089489769,-0.30417012765,-0.24511395987,-0.22273031481,retreating,stable,stable,stable,0,665,2013-2025,-1.41675244400,retreating,37716,10.17320000000,200.00002079600,37713,0.00000000000,0.75050553301,0.79239322688,1.00000000000,0.39739053458,4.04036100000,0.09435548242,3.57347468010,High
1,666,666.00000000000,-2.63814065148,-0.00813674584,0.67755265991,-0.43936292699,retreating,stable,advancing,stable,0,666,2013-2025,-1.32241962400,retreating,37335,22.79590000000,199.99993509100,44073,0.42124850697,0.71603885140,0.77943520134,0.95623191936,0.89511076538,5.07390000000,0.22017159770,3.90562213855,High
1,667,667.00000000000,-4.69036134674,-0.25932932315,-0.35915952070,-0.19453984763,retreating,stable,stable,stable,0,667,2013-2025,-1.30095203000,retreating,37715,10.29270000000,199.99999627800,44073,7.51615471549,0.74528479162,0.77648630581,0.21906508811,0.40210249352,5.80538500000,0.30921768215,3.15482682676,Moderate
1,668,668.00000000000,-6.64393123338,-0.35398198000,0.39909250068,-0.65832447569,retreating,stable,stable,retreating,0,668,2013-2025,-0.99445797800,retreating,37334,29.36330000000,200.00005071800,37627,1.01497234660,0.75630504537,0.73438475776,0.89454350395,1.00000000000,11.62294000000,1.00000000000,4.41251963077,Very High
1,669,669.00000000000,-5.71084971658,-0.99036522134,-0.21865510020,-2.61954308840,retreating,retreating,stable,retreating,0,669,2013-2025,-0.92202709300,retreating,37714,10.15210000000,199.99997228000,44073,4.31500130229,0.83039810349,0.72443529099,0.55166766926,0.39655854790,13.89147000000,1.00000000000,3.84873756817,High
1,670,670.00000000000,-0.78922629540,-0.75298995886,-0.58619921245,-2.07051921390,retreating,retreating,retreating,retreating,0,670,2013-2025,-0.82589680500,retreating,37333,27.05620000000,199.99995255600,44073,0.53466998037,0.80276089060,0.71123035631,0.94444733114,1.00000000000,9.80923300000,0.79661932012,4.36002703993,Very High
1,671,671.00000000000,-1.34966320001,-2.35740293731,-1.37580232635,-4.83924515125,retreating,retreating,retreating,retreating,0,671,2013-2025,-0.80617474700,retreating,37713,7.95924000000,200.00003815300,44073,0.00000000000,0.98956006497,0.70852123629,1.00000000000,0.31009285109,4.39557800000,0.13759722078,3.75324099936,High
1,672,672.00000000000,0.00000000000,0.25619866823,-2.19198919295,6.53813351329,,stable,retreating,advancing,0,672,2013-2025,-0.83409931600,retreating,37332,34.41950000000,200.00001283300,44073,0.82214961502,0.68526271223,0.71235709403,0.91457795090,1.00000000000,5.10870900000,0.22440901221,3.85752457142,High
1,673,673.00000000000,0.32273241245,0.35380107775,-0.87127301137,1.02483560639,stable,stable,retreating,advancing,0,673,2013-2025,-1.01073962500,retreating,37331,37.11590000000,199.99997352600,37423,0.79827973049,0.67389902361,0.73662128581,0.91705805234,1.00000000000,4.89207300000,0.19803719658,3.85048972458,High
1,674,674.00000000000,-16.91007510550,0.74561217513,-0.95115550930,2.42933332756,retreating,advancing,retreating,advancing,0,674,2013-2025,-1.09346865300,retreating,37711,9.61041000000,200.00006608800,37317,2.60242073290,0.62828109950,0.74798535674,0.72960625710,0.37519940970,6.92322400000,0.44529591479,3.40188746393,High
1,675,675.00000000000,-3.01903025605,1.05917568619,-0.54975191889,2.43435826106,retreating,advancing,retreating,advancing,0,675,2013-2025,-1.22894816500,retreating,37330,35.46590000000,199.99994742700,44073,0.60546286133,0.59177341365,0.76659549663,0.93709189018,1.00000000000,7.12302900000,0.46961883721,3.95481032203,High
1,676,676.00000000000,-9.96988705381,-0.01481339660,-3.23505367594,1.88830796336,retreating,stable,retreating,advancing,0,676,2013-2025,-1.56458524700,retreating,37710,4.04892000000,200.00002536100,44073,1.72241768276,0.71681620291,0.81270027629,0.82103932766,0.15590672852,5.40347500000,0.26029185072,3.36430494494,Moderate
1,677,677.00000000000,-2.04335041160,-0.87396692210,-2.56558724841,1.34096006004,retreating,retreating,retreating,advancing,0,677,2013-2025,-1.58164611600,retreating,37329,35.01850000000,200.00001467700,37422,0.00000000000,0.81684604022,0.81504384215,1.00000000000,1.00000000000,5.51133300000,0.27342176122,4.18888711042,High
1,678,678.00000000000,-7.14414389316,-1.33288088057,-2.07999972930,-0.47760911043,retreating,retreating,retreating,stable,0,678,2013-2025,-1.51951908300,retreating,37709,3.47808000000,199.99995613100,44073,1.53968700000,0.87027664051,0.80650976376,0.84002520209,0.13339817956,4.95518500000,0.20572002874,3.50652241817,High
1,679,679.00000000000,-12.67078951720,-3.11028433941,-2.76762394375,-1.15260956074,retreating,retreating,retreating,retreating,0,679,2013-2025,-1.22791106800,retreating,37328,29.28660000000,199.99997869100,44073,0.00000000000,1.00000000000,0.76645303583,1.00000000000,1.00000000000,5.09517600000,0.22276159543,4.33514203771,Very High
1,680,680.00000000000,-5.28893768243,-3.10636224475,-2.34480770740,-4.43961166749,retreating,retreating,retreating,retreating,0,680,2013-2025,-1.71858949300,retreating,37708,1.25583000000,199.99995138200,37292,0.00000000000,1.00000000000,0.83385506582,1.00000000000,0.04577360521,7.92109300000,0.56676980318,3.94996473939,High
1,681,681.00000000000,-1.90864095488,-1.73918881185,-2.51189081190,-1.85307742817,retreating,retreating,retreating,retreating,0,681,2013-2025,-1.83630865600,retreating,37327,18.90680000000,200.00001775400,37381,0.00000000000,0.91758240724,0.85002555580,1.00000000000,0.74176131119,10.75715000000,0.91201238661,4.54604991062,Very High
1,682,682.00000000000,-3.20322513961,-2.84636108551,-0.64129570875,-6.59188810964,retreating,retreating,retreating,retreating,0,682,2013-2025,-1.36528934800,retreating,37707,0.84242100000,199.99992770400,37381,0.00000000000,1.00000000000,0.78532399994,1.00000000000,0.02947265227,6.69453800000,0.41745721288,3.80804113122,High
1,683,683.00000000000,-0.99681471674,-1.89431326310,-0.19899526486,-2.96809570384,retreating,retreating,stable,retreating,0,683,2013-2025,-1.29559099500,retreating,37326,9.91126000000,199.99997624700,44073,0.90324283854,0.93564329294,0.77574988736,0.90615229553,0.38706209207,11.81353000000,1.00000000000,4.25218870642,Very High
1,684,684.00000000000,-0.08791641540,-2.50265678594,-1.63925373421,-3.00207348666,stable,retreating,retreating,retreating,0,684,2013-2025,-1.23376042000,retreating,37706,0.51414700000,199.99992607400,44073,0.15777370678,1.00000000000,0.76725653192,0.98360717675,0.01652862224,12.96829000000,1.00000000000,4.12226039544,High
1,685,685.00000000000,-5.54443557244,-3.06495412412,-1.33977026158,-4.56889383915,retreating,retreating,retreating,retreating,0,685,2013-2025,-1.51532648200,retreating,37324,4.53108000000,200.00000207600,44073,1.72477073925,1.00000000000,0.80593384723,0.82079484307,0.17491855495,5.58627200000,0.28254433314,3.72165548068,High
1,686,686.00000000000,-2.08935687390,-0.67353233972,0.58371663721,-2.35846370560,retreating,retreating,advancing,retreating,0,686,2013-2025,-1.67068943600,retreating,37324,4.53108000000,199.99999912200,44073,2.00000000000,0.79350977019,0.82727527565,0.79219828717,0.17491855495,7.10329600000,0.46721667396,3.58543006784,High
1,687,687.00000000000,-1.10756064359,-2.22700148237,-1.36848443595,-2.23733449694,retreating,retreating,retreating,retreating,0,687,2013-2025,-1.32218158600,retreating,37323,4.32285000000,200.00006263300,37517,0.17044744999,0.97437763722,0.77940250325,0.98229036397,0.16670794629,5.25819200000,0.24260607140,3.74888400988,High
1,688,688.00000000000,0.78276521679,-3.20175507252,-0.63871098351,-5.28624312879,advancing,retreating,retreating,retreating,0,688,2013-2025,-1.27178394600,retreating,37323,4.32285000000,200.00001082300,44073,0.29405331309,1.00000000000,0.77247963265,0.96944760894,0.16670794629,8.66922600000,0.65784250365,4.01389896750,High
1,689,689.00000000000,-2.29471667018,-0.15742404124,0.69060694246,-0.70855315968,retreating,stable,advancing,retreating,0,689,2013-2025,-1.25568714300,retreating,37322,4.92272000000,199.99991403800,44073,2.25295656737,0.73342012661,0.77026849570,0.76591588318,0.19036114911,13.33942000000,1.00000000000,3.77776655396,High
1,690,690.00000000000,-0.19836505101,-0.31172489831,0.35295046891,-0.62941428354,stable,stable,stable,retreating,0,690,2013-2025,-0.47568894900,stable,36934,16.34920000000,200.00001928100,37244,2.08821003320,0.75138512258,0.66312406263,0.78303318918,0.64091369513,10.78544000000,0.91545622172,3.97536136347,High
1,691,691.00000000000,0.41960698780,0.06475844782,-0.10949605894,0.07247348905,stable,stable,stable,stable,0,691,2013-2025,-0.33776176500,stable,37321,3.78511000000,200.00001631900,37200,1.55441877094,0.70755178344,0.64417769833,0.83849455847,0.14550454472,7.06121400000,0.46209389314,3.33591339193,Moderate
1,692,692.00000000000,-1.91262877884,-0.60076406090,0.13347216622,-0.84452393353,retreating,retreating,stable,retreating,0,692,2013-2025,-0.35208117800,stable,36933,10.41530000000,200.00001931800,37199,1.05469736549,0.78503747871,0.64614468416,0.89041604047,0.40693670279,8.08289000000,0.58646588625,3.71749697837,High
1,693,693.00000000000,2.78800118004,-0.92029573383,-0.46932220209,-1.40527222645,advancing,retreating,stable,retreating,0,693,2013-2025,-1.30441924100,retreating,37320,1.20862000000,200.00002429400,37150,0.85729221243,0.82224002786,0.77696257916,0.91092660493,0.04391208436,4.82560200000,0.18994546226,3.40214141152,High
1,694,694.00000000000,1.58818149447,-0.52563944591,0.23009779529,-0.75619746869,advancing,retreating,stable,retreating,0,694,2013-2025,-1.42375259600,retreating,36932,10.65710000000,200.00003927000,37300,3.20058109832,0.77629084288,0.79335480259,0.66745688286,0.41647098817,4.02978000000,0.09306742235,3.39104909093,Moderate
1,695,695.00000000000,0.63726936020,-1.99535883680,-2.40738774837,-2.35514908250,advancing,retreating,retreating,retreating,0,695,2013-2025,-1.21336695400,retreating,37319,1.87448000000,200.00001486100,37197,3.94831939065,0.94740786353,0.76445518396,0.58976623391,0.07016732318,7.52768700000,0.51887919175,3.53728459783,High
1,696,696.00000000000,-1.61817022159,-1.73547783036,0.14380175936,-2.22836620337,retreating,retreating,stable,retreating,0,696,2013-2025,-1.03905945400,retreating,36931,13.50810000000,200.00001362100,37027,4.41342529515,0.91715034375,0.74051143844,0.54144133211,0.52888752478,15.13804000000,1.00000000000,4.04866725441,High
1,697,697.00000000000,-1.38447853634,-0.83639710449,0.46421044579,-1.56013694116,retreating,retreating,stable,retreating,0,697,2013-2025,-0.41786097600,stable,37318,2.49409000000,199.99993098000,37053,0.73708889599,0.81247184791,0.65518052452,0.92341583245,0.09459889889,9.03871700000,0.70282186316,3.63768808006,High
1,698,698.00000000000,0.05282414741,-0.65100452796,-1.11472628655,-0.49086222588,stable,retreating,retreating,stable,0,698,2013-2025,-0.54070440400,retreating,37317,1.76936000000,200.00008409700,37053,0.58757059712,0.79088689398,0.67205490904,0.93895091176,0.06602237962,5.92103700000,0.32329638200,3.38976174385,Moderate
1,699,699.00000000000,0.15227490440,-0.77067885245,-1.02606610095,-1.02072742027,stable,retreating,retreating,retreating,0,699,2013-2025,-0.94128145600,retreating,36929,17.95900000000,200.00001080200,44073,0.00000000000,0.80482037950,0.72708016610,1.00000000000,0.70438903339,5.90563800000,0.32142181088,3.92759202203,High
1,700,700.00000000000,-1.39180099549,0.18079460095,0.50170535149,0.23840809767,retreating,stable,advancing,stable,0,700,2013-2025,-0.87793462700,retreating,37316,1.23983000000,199.99997145700,44073,0.00000000000,0.69404188424,0.71837853047,1.00000000000,0.04514271488,4.48052800000,0.14793846479,3.23599171814,Moderate
1,701,701.00000000000,-4.07416002991,-0.05913862254,0.34726694397,-0.14889216437,retreating,stable,stable,stable,0,701,2013-2025,-0.59116877900,retreating,36928,9.09786000000,200.00000678900,44073,0.00000000000,0.72197691634,0.67898694669,1.00000000000,0.35498929682,4.23641000000,0.11822117456,3.42861686170,High
1,702,702.00000000000,-4.28618686952,-0.71469292472,0.14191559240,-1.15207686833,retreating,retreating,stable,retreating,0,702,2013-2025,-0.33344666800,stable,37315,0.72762900000,199.99991976900,36934,1.58887758389,0.79830202967,0.64358495514,0.83491425830,0.02494633918,6.60200900000,0.40619335217,3.32544784475,Moderate
1,703,703.00000000000,-3.51232493262,-0.34308825184,-0.39051960026,-0.18650469711,retreating,stable,stable,stable,0,703,2013-2025,-0.76140368100,retreating,36927,3.11157000000,200.00004360500,37026,6.71721091921,0.75503670645,0.70237125989,0.30207603277,0.11894647685,3.64704300000,0.04647558353,2.80968990824,Moderate
1,704,704.00000000000,-1.15222068117,-0.27571486155,0.29864013431,-0.57747335742,retreating,stable,stable,retreating,0,704,2013-2025,-0.54658792500,retreating,36926,0.86468500000,200.00006340400,44073,6.97660933574,0.74719253300,0.67286309876,0.27512431514,0.03035053454,4.42590000000,0.14128841797,2.75358869678,Moderate
1,705,705.00000000000,-1.24390186336,-0.59947201298,0.56609974221,-1.52323032042,retreating,retreating,advancing,retreating,0,705,2013-2025,-0.39545174600,stable,36543,4.71451000000,199.99999040400,36883,1.30987758691,0.78488704769,0.65210228118,0.86390259692,0.18215131133,5.94428000000,0.32612582914,3.39529468085,Moderate
1,706,706.00000000000,-2.74852959646,-0.82503440891,-1.68847466950,-0.20734886577,retreating,retreating,retreating,stable,0,706,2013-2025,-0.74000066200,retreating,36925,0.44836300000,200.00000766800,36883,0.00000000000,0.81114890788,0.69943123470,1.00000000000,0.01393472278,4.61748800000,0.16461105784,3.34802599607,Moderate
1,707,707.00000000000,-3.53562957613,-2.16224933864,-1.85910417292,-1.17804865279,retreating,retreating,retreating,retreating,0,707,2013-2025,-0.35144664600,stable,36542,5.16443000000,200.00005953600,36858,0.00000000000,0.96683865122,0.64605752168,1.00000000000,0.19989191851,3.91190600000,0.07871823111,3.56284433163,High
1,708,708.00000000000,-5.43934848026,-0.65992790218,-1.58140752808,0.10162597439,retreating,retreating,retreating,stable,0,708,2013-2025,-0.86282040200,retreating,36924,0.17392400000,200.00005095900,36858,0.00000000000,0.79192582782,0.71630236532,1.00000000000,0.00311343744,3.86688500000,0.07323767612,3.27730848875,Moderate
1,709,709.00000000000,-5.18008650386,-0.36890564819,-0.47526485661,0.12002011225,retreating,stable,stable,stable,0,709,2013-2025,-1.13523761000,retreating,36541,3.83415000000,200.00000097700,36858,0.18012863230,0.75804258361,0.75372294851,0.98128448084,0.14743822279,3.71399200000,0.05462550636,3.34304192301,Moderate
1,710,710.00000000000,-7.26476787035,-0.40825280387,0.33118094000,-0.33497012389,retreating,stable,stable,stable,0,710,2013-2025,-1.49272032800,retreating,36923,0.76796900000,200.00002209400,44073,2.43515333670,0.76262370847,0.80282855343,0.74698548282,0.02653696845,3.94063400000,0.08221538541,3.16525098161,Moderate
1,711,711.00000000000,-6.23731421948,-1.18505237537,-0.38066362932,-1.07947321924,retreating,retreating,stable,retreating,0,711,2013-2025,-1.55685484200,retreating,36540,4.11546000000,199.99991897000,44073,1.20401363400,0.85306520985,0.81163838939,0.87490195229,0.15853042908,3.74285000000,0.05813848600,3.44265734164,High
1,712,712.00000000000,-4.79613380840,-1.60956393070,-0.01595760304,-1.54661737020,retreating,retreating,stable,retreating,0,712,2013-2025,-1.13217085900,retreating,36539,5.63922000000,199.99998150500,44073,1.62655878299,0.90249039471,0.75330168433,0.83099914944,0.21861316067,5.20104900000,0.23564986532,3.56939629145,High
1,713,713.00000000000,-2.97685220179,-1.06137521504,-0.74117411082,-0.53988971192,retreating,retreating,retreating,retreating,0,713,2013-2025,-1.11330283400,retreating,36921,0.47059400000,199.99999925700,44073,1.88133459930,0.83866568071,0.75070987853,0.80452772393,0.01481130301,4.79941100000,0.18675714535,3.30532038233,Moderate
1,714,714.00000000000,-9.31020840126,-0.59947455458,0.04718444763,-0.06722489717,retreating,retreating,stable,stable,0,714,2013-2025,-1.60237771900,retreating,36538,7.07109000000,200.00004016800,44073,2.73773452322,0.78488734361,0.81789163829,0.71554703840,0.27507260435,4.34846300000,0.13186175625,3.38196224226,Moderate
1,715,715.00000000000,-8.19213741936,-0.76779805681,-1.02229077421,-0.16069698461,retreating,retreating,retreating,stable,0,715,2013-2025,-1.19187729500,retreating,36920,0.40941700000,200.00002240300,44073,1.48346514778,0.80448497319,0.76150325747,0.84586670068,0.01239905986,4.42209700000,0.14082546622,3.27273088384,Moderate
1,716,716.00000000000,-4.30579788849,-1.26976192524,-1.10549758813,-1.56505211760,retreating,retreating,retreating,retreating,0,716,2013-2025,-1.42490258900,retreating,36122,14.26540000000,200.00002081800,36594,0.00000000000,0.86292780395,0.79351277135,1.00000000000,0.55874830716,4.59985300000,0.16246429106,3.85879736586,High
1,717,717.00000000000,-2.28697944192,-0.67917809243,-0.67382792356,-0.55595810825,retreating,retreating,retreating,retreating,0,717,2013-2025,-1.29623253200,retreating,36536,4.31843000000,199.99998185900,36594,1.98605994217,0.79416709593,0.77583801208,0.79364667112,0.16653365213,4.12762700000,0.10497866076,3.32043097069,Moderate
1,718,718.00000000000,-3.81499058912,-1.12882604173,-0.67346567126,-1.17138205633,retreating,retreating,retreating,retreating,0,718,2013-2025,-1.23708002500,retreating,36121,10.31260000000,199.99997281300,36541,2.58426869240,0.84651886995,0.76771252938,0.73149226965,0.40288717448,5.26301300000,0.24319294765,3.57720689581,High
1,719,719.00000000000,-2.23948177379,-2.05181062504,-1.66499408008,-2.00587646261,retreating,retreating,retreating,retreating,0,719,2013-2025,-1.41908314500,retreating,36535,7.99087000000,200.00000025200,36501,3.47004134323,0.95398045274,0.79271338356,0.63945973264,0.31134004143,5.26301300000,0.24319294765,3.60150272975,High
1,720,720.00000000000,-0.21014215322,-5.62559294289,0.00000000000,0.00000000000,stable,retreating,,,0,720,2013-2025,-1.45052266700,retreating,42456,1.82068000000,200.00001679700,44073,2.35629862385,1.00000000000,0.79703207274,0.75517855501,0.06804595925,5.74355100000,0.30169042515,3.60828418662,High
1,721,721.00000000000,1.46048659397,-6.83713515084,0.00000000000,0.00000000000,advancing,retreating,,,0,721,2013-2025,-0.72049054400,retreating,42455,2.18019000000,199.99991761000,44073,0.00000000000,1.00000000000,0.69675122781,1.00000000000,0.08222164451,5.08145500000,0.22109129279,3.65080403758,High
1,722,722.00000000000,-0.32646523184,-6.52384916803,0.00000000000,0.00000000000,stable,retreating,,,0,722,2013-2025,-0.99045842000,retreating,42708,0.61790000000,200.00001679500,44073,0.00000000000,1.00000000000,0.73383535857,1.00000000000,0.02061966293,4.32201900000,0.12864264081,3.58496701007,High
1,723,723.00000000000,-0.26641482933,-2.74497103488,0.00000000000,12.19625998710,stable,retreating,,advancing,0,723,2013-2025,-0.26042629700,retreating,42454,2.58122000000,199.99991761000,44073,0.00000000000,1.00000000000,0.63355451364,1.00000000000,0.09803447744,4.56614600000,0.15836102665,3.57020139724,High
1,724,724.00000000000,0.25743361661,-2.48213569574,0.00000000000,-10.73930362190,stable,retreating,,retreating,0,724,2013-2025,-2.66791305200,retreating,42453,2.09300000000,200.00001679700,44073,0.00000000000,1.00000000000,0.96425887356,1.00000000000,0.07878368751,3.55298600000,0.03502571433,3.76420837863,High
1,725,725.00000000000,-1.83821755440,0.38386872293,0.00000000000,8.86664465722,retreating,stable,,advancing,0,725,2013-2025,5.29117604800,advancing,42453,2.09300000000,200.00002953300,41401,0.00000000000,0.67039829694,0.00000000000,1.00000000000,0.07878368751,4.21525600000,0.11564602829,2.60073449784,Moderate
1,726,726.00000000000,1.47978949278,-2.28442528311,0.00000000000,0.00000000000,advancing,retreating,,,0,726,2013-2025,-2.52585172400,retreating,42079,3.89087000000,200.00002953300,44073,0.00000000000,0.98106339626,0.94474462267,1.00000000000,0.14967472521,8.66706800000,0.65757980318,4.14682506587,High
1,727,727.00000000000,-0.16786746452,-6.51572753939,0.00000000000,11.72366037780,stable,retreating,,advancing,0,727,2013-2025,-6.54338281000,retreating,42079,3.89087000000,200.00002953300,44073,7.42436717622,1.00000000000,1.00000000000,0.22860189205,0.14967472521,12.79254000000,1.00000000000,3.89722809974,High
1,728,728.00000000000,-0.72144103066,0.00000000000,0.00000000000,0.00000000000,retreating,,,,0,728,2013-2025,-0.91484558800,retreating,42078,2.16448000000,200.00002953200,41282,0.00000000000,0.71509150341,0.72344880373,1.00000000000,0.08160218577,12.53870000000,1.00000000000,3.80137985856,High
1,729,729.00000000000,-0.90155190209,0.00000000000,0.00000000000,0.00000000000,retreating,,,,0,729,2013-2025,-1.38437589800,retreating,42078,2.16448000000,200.00002953200,40816,6.89750103119,0.71509150341,0.78794582342,0.28334373574,0.08160218577,8.09053400000,0.58739641561,3.12131391496,Moderate
1,730,730.00000000000,-2.16075323615,0.00000000000,0.00000000000,0.00000000000,retreating,,,,0,730,2013-2025,-1.63928764300,retreating,42077,1.17127000000,199.99991761000,40608,1.98404208351,0.71509150341,0.82296176911,0.79385632836,0.04243935511,8.65780300000,0.65645194414,3.51302862405,High
1,731,731.00000000000,-2.62578193702,0.00000000000,0.00000000000,0.00000000000,retreating,,,,0,731,2013-2025,-1.38362956900,retreating,42077,1.17127000000,200.00001679700,40692,6.51436783878,0.71509150341,0.78784330395,0.32315160255,0.04243935511,5.71256100000,0.29791791012,2.94797829470,Moderate
1,732,732.00000000000,-8.73463064665,0.00000000000,0.00000000000,0.00000000000,retreating,,,,0,732,2013-2025,-1.06859766200,retreating,42076,0.32733600000,199.99991761200,40692,5.51436811378,0.71509150341,0.74456895366,0.42705243039,0.00916255997,5.60843100000,0.28524182138,2.95161378595,Moderate
1,733,733.00000000000,-8.52288989673,0.00000000000,0.00000000000,0.00000000000,retreating,,,,0,733,2013-2025,-1.49507384100,retreating,42076,0.32733600000,200.00001679700,40544,2.33934736464,0.71509150341,0.80315184368,0.75693980536,0.00916255997,11.00268000000,0.94190156426,3.61972850318,High
1,734,734.00000000000,-7.75572107957,0.00000000000,0.00000000000,0.00000000000,retreating,,,,0,734,2013-2025,-1.78548810200,retreating,42075,0.06590400000,200.00001679700,40544,11.18440947710,0.71509150341,0.84304459163,0.00000000000,0.00000000000,13.25314000000,1.00000000000,3.16754679194,Moderate
1,735,735.00000000000,-9.21433692318,0.00000000000,0.00000000000,0.00000000000,retreating,,,,0,735,2013-2025,-1.39450804000,retreating,42075,0.06590400000,200.00001679500,40482,2.30473892076,0.71509150341,0.78933762486,0.76053565232,0.00000000000,15.10204000000,1.00000000000,3.63906011377,High
1,736,736.00000000000,-10.41787579260,0.00000000000,0.00000000000,0.00000000000,retreating,,,,0,736,2013-2025,-1.17482216000,retreating,41683,1.01711000000,200.00001679500,40481,18.67576651750,0.71509150341,0.75916047926,0.00000000000,0.03636073819,13.65331000000,1.00000000000,3.12097059840,Moderate
1,737,737.00000000000,-9.36207461155,0.00000000000,0.00000000000,0.00000000000,retreating,,,,0,737,2013-2025,-1.41675244400,retreating,41682,0.58857900000,200.00001679700,40481,6.25267750473,0.71509150341,0.79239322688,0.35034145237,0.01946351872,11.90823000000,1.00000000000,3.37596051225,Moderate
1,738,738.00000000000,-13.02141232680,0.00000000000,0.00000000000,0.00000000000,retreating,,,,0,738,2013-2025,-1.32241962400,retreating,41682,0.58857900000,200.00005500700,40456,7.88793920450,0.71509150341,0.77943520134,0.18043636130,0.01946351872,13.13838000000,1.00000000000,3.24941072862,Moderate
1,739,739.00000000000,-14.25265400210,0.00000000000,0.00000000000,0.00000000000,retreating,,,,0,739,2013-2025,-1.30095203000,retreating,41681,0.31946400000,199.99998862000,40456,27.88732628660,0.71509150341,0.77648630581,0.00000000000,0.00885216196,8.65699700000,0.65635382709,2.91080401538,Moderate
1,740,740.00000000000,-16.06048819980,0.00000000000,0.00000000000,0.00000000000,retreating,,,,0,740,2013-2025,-0.99445797800,retreating,41681,0.31946400000,200.00000217100,40456,8.44046207584,0.71509150341,0.73438475776,0.12302876178,0.00885216196,7.52367800000,0.51839116294,2.87589965907,Moderate
1,741,741.00000000000,-17.04781569730,0.00000000000,0.00000000000,0.00000000000,retreating,,,,0,741,2013-2025,-0.92202709300,retreating,41680,0.96815900000,200.00000530200,40456,5.44492826672,0.71509150341,0.72443529099,0.43426728997,0.03443057373,0.00000000000,0.00000000000,2.78544343372,Moderate
1,742,742.00000000000,-13.04110471320,0.00000000000,0.00000000000,0.00000000000,retreating,,,,0,742,2013-2025,-0.82589680500,retreating,41680,0.96815900000,199.99997941500,40341,3.77702851150,0.71509150341,0.71123035631,0.60756350295,0.03443057373,0.00000000000,0.00000000000,2.89206066407,Moderate
1,743,743.00000000000,0.00000000000,0.00000000000,0.00000000000,0.00000000000,,,,,0,743,2013-2025,-0.80617474700,retreating,41679,2.37435000000,199.99994259000,40341,3.87353447215,0.71509150341,0.70852123629,0.59753645099,0.08987748257,6.16242400000,0.35268121858,3.13225214587,Moderate
1,744,744.00000000000,-17.00697486500,0.00000000000,0.00000000000,0.00000000000,retreating,,,,0,744,2013-2025,-0.83409931600,retreating,41679,2.37435000000,200.00000383700,40341,0.00000000000,0.71509150341,0.71235709403,1.00000000000,0.08987748257,3.81272000000,0.06664399181,3.23756550222,Moderate
1,745,745.00000000000,-13.03839535890,0.00000000000,0.00000000000,0.28801504958,retreating,,,stable,0,745,2013-2025,-1.01073962500,retreating,42074,1.72604000000,200.00000835400,44073,1.52543370079,0.71509150341,0.73662128581,0.84150613208,0.06431424985,3.98166100000,0.08720973759,3.14537068427,Moderate
1,746,746.00000000000,-13.08101900320,7.42516527700,10.52518595930,6.99500711950,retreating,advancing,advancing,advancing,0,746,2013-2025,-1.09346865300,retreating,42451,0.36305800000,199.99996683300,44073,0.00000000000,0.00000000000,0.74798535674,1.00000000000,0.01057109815,4.22742300000,0.11712715737,2.39325219440,Low
1,747,747.00000000000,-11.48475139230,0.00000000000,13.44636132720,7.58701210460,retreating,,advancing,advancing,0,747,2013-2025,-1.22894816500,retreating,42073,3.55016000000,200.00001746900,44073,0.00000000000,0.71509150341,0.76659549663,1.00000000000,0.13624033069,5.00906600000,0.21227914079,3.40257597054,High
1,748,748.00000000000,-13.35681696830,0.00000000000,0.00000000000,-0.51479364957,retreating,,,retreating,0,748,2013-2025,-1.56458524700,retreating,42450,0.16343300000,199.99999691500,44073,0.00000000000,0.71509150341,0.81270027629,1.00000000000,0.00269977143,3.94395500000,0.08261966171,3.27316176550,Moderate
1,749,749.00000000000,-17.03980923160,0.00000000000,0.00000000000,13.31910088060,retreating,,,advancing,0,749,2013-2025,5.64803922600,advancing,41676,8.26346000000,200.00005275800,44073,0.82218021654,0.71509150341,0.00000000000,0.91457477137,0.32208842570,4.34281300000,0.13117396310,2.77059424093,Moderate
1,750,750.00000000000,-12.94571189400,0.00000000000,0.00000000000,4.57976391266,retreating,,,advancing,0,750,2013-2025,7.61467412100,advancing,42449,0.03993400000,199.99998023800,44073,0.51847760832,0.71509150341,0.00000000000,0.94612973246,0.00000000000,4.92987700000,0.20263920234,2.61591062854,Moderate
1,751,751.00000000000,-5.80331660706,0.00000000000,0.00000000000,3.19012928531,retreating,,,advancing,0,751,2013-2025,9.28009043400,advancing,41675,7.25724000000,200.00002931200,44073,0.48237449820,0.71509150341,0.00000000000,0.94988087652,0.28241258829,6.07331200000,0.34183332057,2.89401843748,Moderate
1,752,752.00000000000,-5.44108609690,0.00000000000,11.86582670400,2.73168593739,retreating,,advancing,advancing,0,752,2013-2025,9.63774202400,advancing,42070,2.89670000000,199.99990553100,44073,0.68327029638,0.71509150341,0.00000000000,0.92900763104,0.11047403211,5.88716900000,0.31917351853,2.74931053112,Moderate
1,753,753.00000000000,-4.88417439892,0.00000000000,7.97853042061,0.75397489839,retreating,,advancing,advancing,0,753,2013-2025,9.03028125500,advancing,41674,9.27045000000,200.00002931200,40520,1.07043551139,0.71509150341,0.00000000000,0.88878083363,0.36179459066,7.84298100000,0.55726097149,3.03570676047,Moderate
1,754,754.00000000000,-4.57293961047,10.28124813830,7.29164592777,0.27040436379,retreating,advancing,advancing,stable,0,754,2013-2025,8.97750853400,advancing,42069,3.47821000000,199.99999250700,44073,0.69602935322,0.00000000000,0.00000000000,0.92768195411,0.13340330310,7.19450000000,0.47831923804,2.00852951772,Low
1,755,755.00000000000,-4.10120410396,8.32951576646,2.94382369846,0.21925802279,retreating,advancing,advancing,stable,0,755,2013-2025,8.89877548000,advancing,41673,9.83047000000,200.00005494700,44073,0.00000000000,0.00000000000,0.00000000000,1.00000000000,0.38387651377,7.01460400000,0.45641990393,2.21488797172,Low
1,756,756.00000000000,-0.51386915621,8.07423887823,-0.60469518564,0.58428037463,retreating,advancing,retreating,advancing,0,756,2013-2025,8.86474299700,advancing,42068,2.92630000000,200.00000625900,40437,0.71214379384,0.00000000000,0.00000000000,0.92600764993,0.11164118251,4.56964500000,0.15878697147,1.80087338894,Low
1,757,757.00000000000,-0.87368547819,7.48039319824,0.87081198402,7.29227851090,retreating,advancing,advancing,advancing,0,757,2013-2025,9.95613062800,advancing,41261,37.87900000000,200.00004220300,44073,5.23809293334,0.00000000000,0.00000000000,0.45575765824,1.00000000000,3.54507400000,0.03406256045,2.01035274387,Low
1,758,758.00000000000,-4.76829998365,7.23821572355,3.81364418428,4.88137241541,retreating,advancing,advancing,advancing,0,758,2013-2025,10.47730393000,advancing,42067,1.33624000000,199.99996173300,44073,3.50783724289,0.00000000000,0.00000000000,0.63553270630,0.04894421715,3.57637300000,0.03787269107,1.48816792259,Very Low
1,759,759.00000000000,-2.03992037456,7.73516190423,4.21305072950,4.76816741798,retreating,advancing,advancing,advancing,0,759,2013-2025,10.61494816000,advancing,41260,18.13930000000,200.00009280600,40640,2.08852605855,0.00000000000,0.00000000000,0.78300035387,0.71149835491,3.89094900000,0.07616706630,2.06195936175,Low
1,760,760.00000000000,-2.69553854794,5.77429263384,0.27431495295,8.81012066424,retreating,advancing,stable,advancing,0,760,2013-2025,11.25063141000,advancing,41670,3.65753000000,199.99996762000,44073,2.44230421092,0.04280007282,0.00000000000,0.74624250086,0.14047399599,4.37759400000,0.13540796908,1.73514408596,Very Low
1,761,761.00000000000,-1.70827816918,5.76311548571,-0.38451855290,0.54842728094,retreating,advancing,stable,advancing,0,761,2013-2025,11.52576150000,advancing,42065,0.01234400000,199.99992255500,44073,3.48407702634,0.04410140986,0.00000000000,0.63800141315,0.00000000000,10.42384000000,0.87143745970,2.00918411450,Low
1,762,762.00000000000,-2.66937676969,7.20308241902,-0.48832721717,8.80549342522,retreating,advancing,stable,advancing,0,762,2013-2025,11.97196182000,advancing,41258,6.14574000000,200.00002272500,44073,2.51701196121,0.00000000000,0.00000000000,0.73848030162,0.23858552278,9.82485500000,0.79852103777,2.14351738325,Low
1,763,763.00000000000,-4.18913870614,6.25836800538,-0.71674012131,5.09824618435,retreating,advancing,retreating,advancing,0,763,2013-2025,0.66768860000,retreating,41668,0.74369800000,200.00003204400,44073,2.48064737751,0.00000000000,0.50606403325,0.74225861301,0.02557994874,5.14251700000,0.22852457168,2.08939939326,Low
1,764,764.00000000000,0.62520716884,4.34560325925,-0.25790717236,0.76568654895,advancing,advancing,stable,advancing,0,764,2013-2025,0.48240212700,stable,41257,3.74374000000,200.00001260800,44073,3.91010016395,0.20914003590,0.53151590513,0.59373724430,0.14387330556,3.41986200000,0.01882009023,2.21353239012,Low
1,765,765.00000000000,1.39749734023,5.15824708633,-1.06802051720,3.36019284260,advancing,advancing,retreating,advancing,0,765,2013-2025,0.37343704800,stable,41667,0.04390600000,199.99994472400,40071,4.82717075065,0.11452524657,0.54648389058,0.49845282495,0.00000000000,0.00000000000,0.00000000000,1.93974427137,Low
1,766,766.00000000000,1.59562288812,2.73578699204,1.54942381355,0.43144282862,advancing,advancing,advancing,stable,0,766,2013-2025,0.19919425200,stable,41256,3.46904000000,199.99995544100,44073,11.06569992950,0.39656830632,0.57041874804,0.00000000000,0.13304172263,0.00000000000,0.00000000000,2.04724059174,Low
1,767,767.00000000000,0.00000000000,2.60598942460,-8.44198134990,0.80096484122,,advancing,retreating,advancing,0,767,2013-2025,0.09468712200,stable,41666,0.09730000000,199.99995715900,44073,11.56071005230,0.41168042443,0.58477436742,0.00000000000,0.00009210982,0.00000000000,0.00000000000,1.98702055206,Low
1,768,768.00000000000,-13.18732785120,1.50144299220,2.56086475144,0.44747248667,retreating,advancing,advancing,stable,0,768,2013-2025,0.20824115900,stable,41255,0.35595900000,199.99998829700,44073,1.06257215878,0.54028095584,0.56917601988,0.88959784270,0.01029118046,1.72187000000,0.00000000000,2.73865849009,Moderate
1,769,769.00000000000,-11.96990751660,-0.52047467024,2.25006768776,-6.79682433897,retreating,retreating,advancing,retreating,0,769,2013-2025,-0.08361044600,stable,41665,0.17264700000,199.99999950400,44073,1.85731270192,0.77568951651,0.60926620854,0.80702361964,0.00306308462,0.00000000000,0.00000000000,2.99180576080,Moderate
1,770,770.00000000000,-15.43136617770,5.24232399461,1.38543758178,5.47449912804,retreating,advancing,advancing,advancing,0,770,2013-2025,-0.44088283900,stable,41254,0.95312500000,199.99998695000,44073,1.92148368243,0.10473630989,0.65834292217,0.80035619981,0.03383777382,0.00000000000,0.00000000000,2.25147959469,Low
1,771,771.00000000000,-16.07823454730,9.10250003530,-2.67955407718,12.08564193840,retreating,advancing,retreating,advancing,0,771,2013-2025,-0.69926778800,retreating,41664,0.19329400000,200.00002374000,44073,4.71515156479,0.00000000000,0.69383596445,0.51009171429,0.00387720768,0.00000000000,0.00000000000,1.93925943672,Low
1,772,772.00000000000,-9.86816753994,6.88812532915,-0.35529073727,9.03581202613,retreating,advancing,stable,advancing,0,772,2013-2025,-0.98901496400,retreating,40848,4.60858000000,199.99999800800,39970,4.54648408240,0.00000000000,0.73363707828,0.52761641016,0.17797443734,0.00000000000,0.00000000000,2.10339329283,Low
1,773,773.00000000000,5.78413524398,5.32368122596,-4.44770416125,9.35511749040,advancing,advancing,retreating,advancing,0,773,2013-2025,-1.04549661000,retreating,41252,1.62011000000,199.99996858700,44073,2.01603348608,0.09526402075,0.74139567821,0.79053239424,0.06013737116,0.00000000000,0.00000000000,2.32200595164,Low
1,774,774.00000000000,5.28584412176,1.03469858528,-1.54240162111,3.83193942325,advancing,advancing,retreating,advancing,0,774,2013-2025,-0.91484558800,retreating,40847,5.86829000000,199.99994985700,40296,1.39343396273,0.59462324241,0.72344880373,0.85522101791,0.22764550894,0.00000000000,0.00000000000,3.05888237990,Moderate
1,775,775.00000000000,3.58160611993,-0.24958522102,0.94640318605,-5.05184482559,advancing,stable,advancing,retreating,0,775,2013-2025,-1.38437589800,retreating,40846,7.61938000000,199.99996055400,40295,1.59140570826,0.74415030177,0.78794582342,0.83465158401,0.29669198046,0.00000000000,0.00000000000,3.32460643285,Moderate
1,776,776.00000000000,-4.74375187876,1.35676787683,-1.99132152184,0.70797176639,retreating,advancing,retreating,advancing,0,776,2013-2025,-1.63928764300,retreating,41250,1.37257000000,199.99998120500,39898,1.46106353726,0.55712524248,0.82296176911,0.84819424720,0.05037672900,0.00000000000,0.00000000000,2.97352480612,Moderate
1,777,777.00000000000,-2.74201348048,0.97263531966,4.85102613128,-1.45830233564,retreating,advancing,advancing,retreating,0,777,2013-2025,-1.38362956900,retreating,40845,7.23833000000,200.00002337400,44073,0.51858519739,0.60184916674,0.78784330395,0.94611855387,0.28166695901,0.00000000000,0.00000000000,3.22076146553,Moderate
1,778,778.00000000000,-15.47370699540,0.00000000000,6.74067583050,11.46383999870,retreating,,advancing,advancing,0,778,2013-2025,-1.06859766200,retreating,41249,0.71457800000,199.99992864800,44073,2.25772681828,0.71509150341,0.74456895366,0.76542025003,0.02443172956,0.00000000000,0.00000000000,3.02094184579,Moderate
1,779,779.00000000000,-9.93499761883,0.00000000000,5.53587370145,13.40901373430,retreating,,advancing,advancing,0,779,2013-2025,-1.49507384100,retreating,40844,4.12224000000,199.99999810200,40187,0.94974883722,0.71509150341,0.80315184368,0.90132028243,0.15879777413,0.00000000000,0.00000000000,3.25451823466,Moderate
1,780,780.00000000000,-0.89481668562,0.00000000000,6.40072798890,0.00000000000,retreating,,advancing,,0,780,2013-2025,-1.78548810200,retreating,41248,0.08813400000,200.00001283000,40155,0.84537885858,0.71509150341,0.84304459163,0.91216441260,0.00000000000,0.00000000000,0.00000000000,3.18781859251,Moderate
1,781,781.00000000000,-6.92944595945,0.00000000000,3.79675207846,0.00000000000,retreating,,advancing,,0,781,2013-2025,-1.39450804000,retreating,40843,4.71079000000,199.99999810200,44073,0.32048327643,0.71509150341,0.78933762486,0.96670151311,0.18200463724,0.00000000000,0.00000000000,3.30301605243,Moderate
1,782,782.00000000000,-0.97211981908,0.00000000000,5.35006257773,0.00000000000,retreating,,advancing,,0,782,2013-2025,-1.17482216000,retreating,41247,0.04871100000,199.99999810200,44073,0.57731666268,0.71509150341,0.75916047926,0.94001630433,0.00000000000,0.00000000000,0.00000000000,3.13545638338,Moderate
1,783,783.00000000000,1.43973309727,0.00000000000,4.05829439267,0.00000000000,advancing,,advancing,,0,783,2013-2025,-1.41675244400,retreating,40842,3.53126000000,199.99998337400,44073,0.97407923459,0.71509150341,0.79239322688,0.89879233331,0.13549509624,0.00000000000,0.00000000000,3.22780858400,Moderate
1,784,784.00000000000,-16.85308904030,6.77404574556,12.16089471070,9.60689229259,retreating,advancing,advancing,advancing,0,784,2013-2025,-1.32241962400,retreating,40841,2.04298000000,200.00008646800,40070,0.35834707413,0.00000000000,0.77943520134,0.96276743210,0.07681137142,0.00000000000,0.00000000000,2.36943350753,Low
1,785,785.00000000000,-16.32516410050,7.61707036702,-0.06936975776,9.18626840032,retreating,advancing,stable,advancing,0,785,2013-2025,-1.30095203000,retreating,40444,7.43774000000,199.99998556500,40036,0.32072233289,0.00000000000,0.77648630581,0.96667667494,0.28952980663,0.00000000000,0.00000000000,2.51423376741,Low
1,786,786.00000000000,0.00000000000,0.00000000000,6.60133232272,12.90014452650,,,advancing,advancing,0,786,2013-2025,-0.99445797800,retreating,40840,1.50837000000,200.00001480700,44073,0.92165650843,0.71509150341,0.73438475776,0.90423909945,0.05573140000,0.00000000000,0.00000000000,3.12796587279,Moderate
1,787,787.00000000000,0.00000000000,0.00000000000,5.22242332772,0.00000000000,,,advancing,,0,787,2013-2025,-0.92202709300,retreating,40443,6.45075000000,199.99995729900,40095,0.53567682485,0.71509150341,0.72443529099,0.94434271914,0.25061223343,0.00000000000,0.00000000000,3.27929825415,Moderate
1,788,788.00000000000,0.00000000000,0.00000000000,-3.12305852584,0.00000000000,,,retreating,,0,788,2013-2025,-0.82589680500,retreating,40442,6.37372000000,199.99992663200,40095,0.96811046339,0.71509150341,0.71123035631,0.89941249375,0.24757490858,0.00000000000,0.00000000000,3.23545612550,Moderate
1,789,789.00000000000,0.00000000000,0.00000000000,0.49976236110,14.93500694130,,,stable,advancing,0,789,2013-2025,-0.80617474700,retreating,40838,1.11790000000,199.99999232400,40095,1.91473213494,0.71509150341,0.70852123629,0.80105769137,0.04033494586,0.00000000000,0.00000000000,3.02534893322,Moderate
1,790,790.00000000000,-14.12967610590,0.00000000000,2.73811834891,0.00000000000,retreating,,advancing,,0,790,2013-2025,-0.83409931600,retreating,40441,4.79057000000,199.99997663800,40095,3.40341534961,0.71509150341,0.71235709403,0.64638223044,0.18515039300,0.00000000000,0.00000000000,3.02190460293,Moderate
1,791,791.00000000000,-3.02204240822,0.00000000000,1.50304659338,0.00000000000,retreating,,advancing,,0,791,2013-2025,-1.01073962500,retreating,40837,0.26038000000,200.00004651700,40095,1.46137218569,0.71509150341,0.73662128581,0.84816217837,0.00652244648,0.00000000000,0.00000000000,3.05827252689,Moderate
1,792,792.00000000000,-6.46609168266,0.00000000000,1.12844209333,0.00000000000,retreating,,advancing,,0,792,2013-2025,-1.09346865300,retreating,40440,2.43682000000,199.99991016100,40095,0.57174151249,0.71509150341,0.74798535674,0.94059556720,0.09234070841,0.00000000000,0.00000000000,3.18914310971,Moderate
1,793,793.00000000000,14.77196949750,0.00000000000,1.66030622221,0.00000000000,advancing,,advancing,,0,793,2013-2025,-1.22894816500,retreating,40439,1.13704000000,200.00001485300,39946,0.05970594791,0.71509150341,0.76659549663,0.99379650088,0.04108964709,0.00000000000,0.00000000000,3.20628764182,Moderate
1,794,794.00000000000,-6.13372591511,0.00000000000,-1.07114595729,0.00000000000,retreating,,retreating,,0,794,2013-2025,-1.56458524700,retreating,40439,1.13704000000,199.99991016100,39969,0.00000000000,0.71509150341,0.81270027629,1.00000000000,0.04108964709,0.00000000000,0.00000000000,3.24969508393,Moderate
1,795,795.00000000000,-12.09348695220,0.00000000000,-0.06620118077,0.00000000000,retreating,,stable,,0,795,2013-2025,-1.58164611600,retreating,40438,0.89203400000,199.99995502900,39763,0.00000000000,0.71509150341,0.81504384215,1.00000000000,0.03142892089,0.00000000000,0.00000000000,3.24511782109,Moderate
1,796,796.00000000000,1.75436365966,9.32063141006,9.28170488292,0.00000000000,advancing,advancing,advancing,,0,796,2013-2025,-1.51951908300,retreating,40438,0.89203400000,200.00003894800,39726,0.00000000000,0.00000000000,0.80650976376,1.00000000000,0.03142892089,0.00000000000,0.00000000000,2.38690496540,Low
1,797,797.00000000000,-4.85159569146,10.22040397100,0.61150690597,0.00000000000,retreating,advancing,advancing,,0,797,2013-2025,-1.22791106800,retreating,40437,0.23956500000,199.99995502900,39749,0.00000000000,0.00000000000,0.76645303583,1.00000000000,0.00570169925,0.00000000000,0.00000000000,2.33536223594,Low
1,798,798.00000000000,-16.34582041610,0.00000000000,3.38117074829,0.00000000000,retreating,,advancing,,0,798,2013-2025,-1.71858949300,retreating,40033,3.17148000000,200.00005390600,39602,0.26634084936,0.71509150341,0.83385506582,0.97232695765,0.12130876437,0.00000000000,0.00000000000,3.30340798599,Moderate
1,799,799.00000000000,-3.84077557655,10.55328847510,0.03541324811,10.03139557930,retreating,advancing,stable,advancing,0,799,2013-2025,-1.83630865600,retreating,40436,0.69585700000,199.99995503100,39682,1.86321174131,0.00000000000,0.85002555580,0.80641070440,0.02369355055,0.00000000000,0.00000000000,2.28699261579,Low
1,800,800.00000000000,-7.89201718245,0.00000000000,2.30116998178,0.00000000000,retreating,,advancing,,0,800,2013-2025,-1.36528934800,retreating,40032,7.78283000000,200.00002399400,44073,2.23132671228,0.71509150341,0.78532399994,0.76816324365,0.30313691595,0.00000000000,0.00000000000,3.24696839754,Moderate
1,801,801.00000000000,0.00000000000,0.00000000000,-4.58203408471,0.00000000000,,,retreating,,0,801,2013-2025,-1.29559099500,retreating,40435,1.46645000000,199.99996084900,39801,2.17100380952,0.71509150341,0.77574988736,0.77443084491,0.05407846809,0.00000000000,0.00000000000,3.07373262616,Moderate
1,802,802.00000000000,0.69201486758,10.10509986050,-3.92528392818,0.00000000000,advancing,advancing,retreating,,0,802,2013-2025,-1.23376042000,retreating,40434,1.62831000000,199.99994673900,39801,3.28804431131,0.00000000000,0.76725653192,0.65836938012,0.06046069905,0.00000000000,0.00000000000,2.14097250597,Low
1,803,803.00000000000,-2.24337796835,0.00000000000,1.54277240030,0.00000000000,retreating,,advancing,,0,803,2013-2025,-1.51532648200,retreating,40030,7.94075000000,199.99993197900,39770,0.00000000000,0.71509150341,0.80593384723,1.00000000000,0.30936378632,0.00000000000,0.00000000000,3.42637003390,High
1,804,804.00000000000,-6.90552814855,0.00000000000,2.62827876743,0.00000000000,retreating,,advancing,,0,804,2013-2025,-1.67068943600,retreating,40433,1.21841000000,200.00007155000,39770,0.00000000000,0.71509150341,0.82727527565,1.00000000000,0.04429811208,3.66591200000,0.04877256920,3.29352913109,Moderate
1,805,805.00000000000,-3.01756504327,9.17561940020,0.70620421186,0.00000000000,retreating,advancing,advancing,,0,805,2013-2025,-1.32218158600,retreating,40029,8.01641000000,199.99999097700,39770,0.00000000000,0.00000000000,0.77940250325,1.00000000000,0.31234709315,7.29580000000,0.49065082154,2.84927864403,Moderate
1,806,806.00000000000,-9.90627107917,0.57789045844,0.29393669242,6.69629255963,retreating,advancing,stable,advancing,0,806,2013-2025,-1.27178394600,retreating,40432,0.29253100000,200.00002827900,39770,1.29221900002,0.64780866417,0.77247963265,0.86573733922,0.00779017913,0.00000000000,0.00000000000,3.02149871060,Moderate
1,807,807.00000000000,0.70165738483,0.00000000000,3.43354350513,0.00000000000,advancing,,advancing,,0,807,2013-2025,-1.25568714300,retreating,40028,4.46173000000,200.00001193100,39721,1.08043113619,0.71509150341,0.77026849570,0.88774227965,0.17218405444,4.77998500000,0.18439235422,3.33707243012,Moderate
1,808,808.00000000000,-1.24869933803,0.00000000000,0.59497915325,0.00000000000,retreating,,advancing,,0,808,2013-2025,-0.47568894900,stable,40431,0.06396100000,199.99997882800,39693,0.00000000000,0.71509150341,0.66312406263,1.00000000000,0.00000000000,3.66591200000,0.04877256920,3.12387788382,Moderate
1,809,809.00000000000,-1.55258987221,8.94625762562,-0.11798451520,0.00000000000,retreating,advancing,stable,,0,809,2013-2025,-0.33776176500,stable,39623,13.30050000000,199.99998999600,39693,0.00000000000,0.00000000000,0.64417769833,1.00000000000,0.52070175351,7.29580000000,0.49065082154,2.87601872889,Moderate
1,810,810.00000000000,1.01415642014,8.20268431507,0.71448767964,0.00000000000,advancing,advancing,advancing,,0,810,2013-2025,-0.35208117800,stable,40026,3.84745000000,199.99999262400,44073,0.00000000000,0.00000000000,0.64614468416,1.00000000000,0.14796264703,4.62260600000,0.16523408888,2.42897803484,Low
1,811,811.00000000000,6.41116463423,10.53298551780,-2.43690389055,14.89386525720,advancing,advancing,retreating,advancing,0,811,2013-2025,-1.30441924100,retreating,39622,9.11489000000,199.99998486000,39647,0.00000000000,0.00000000000,0.77696257916,1.00000000000,0.35566078998,4.57475200000,0.15940866344,2.67791272754,Moderate
1,812,812.00000000000,3.84011940447,0.00000000000,-0.01645120138,0.00000000000,advancing,,stable,,0,812,2013-2025,-1.42375259600,retreating,40025,1.97330000000,200.00009735000,39635,0.00000000000,0.71509150341,0.79335480259,1.00000000000,0.07406385055,9.45283010000,0.75323321824,3.70761382058,High
1,813,813.00000000000,-2.80241812265,0.00000000000,-0.04475466854,0.00000000000,retreating,,stable,,0,813,2013-2025,-1.21336695400,retreating,39621,7.90008000000,199.99999911700,39635,0.00000000000,0.71509150341,0.76445518396,1.00000000000,0.30776014844,3.21286904000,0.00000000000,3.39002269637,Moderate
1,814,814.00000000000,0.00000000000,9.68280407723,0.75194843606,0.00000000000,,advancing,advancing,,0,814,2013-2025,-1.03905945400,retreating,40024,0.84167500000,199.99996618800,39564,0.00000000000,0.00000000000,0.74051143844,1.00000000000,0.02944323661,4.57475200000,0.15940866344,2.42510132163,Low
1,815,815.00000000000,-7.61132765846,7.41694982400,1.12003859390,0.00000000000,retreating,advancing,advancing,,0,815,2013-2025,-0.41786097600,stable,40023,0.72311500000,200.00004604800,39549,0.36349962467,0.00000000000,0.65518052452,0.96223207769,0.02476835043,7.29580000000,0.49065082154,2.52245422988,Low
1,816,816.00000000000,-4.56342138815,3.23735339988,1.52678875469,12.58343199180,retreating,advancing,advancing,advancing,0,816,2013-2025,-0.54070440400,retreating,39619,3.21778000000,199.99998138000,39265,3.25909587725,0.33817175124,0.67205490904,0.66137714722,0.12313440639,4.77998500000,0.18439235422,2.61777432564,Moderate
1,817,817.00000000000,5.57858424788,1.44228702703,1.74339739585,2.28944582019,advancing,advancing,advancing,advancing,0,817,2013-2025,-0.94128145600,retreating,40022,0.48072600000,199.99998946400,39206,4.49669413955,0.54716838794,0.72708016610,0.53278962786,0.01521081409,3.66591200000,0.04877256920,2.67105236488,Moderate
1,818,818.00000000000,0.81438004249,2.92821260193,0.88978227916,5.35207529729,advancing,advancing,advancing,advancing,0,818,2013-2025,-0.87793462700,retreating,39618,3.19246000000,200.00000605500,39487,2.99951060707,0.37416450784,0.71837853047,0.68834827910,0.12213602237,7.29580000000,0.49065082154,2.90139733314,Moderate
1,819,819.00000000000,0.26170520679,2.37288060755,1.65619270916,3.77604078871,stable,advancing,advancing,advancing,0,819,2013-2025,-0.59116877900,retreating,40021,0.21282400000,200.00000605500,39301,0.00000000000,0.43882090207,0.67898694669,1.00000000000,0.00464728657,4.62260600000,0.16523408888,2.88163638634,Moderate
1,820,820.00000000000,-8.51885080833,1.00615587499,1.25838676200,1.16775024820,retreating,advancing,advancing,advancing,0,820,2013-2025,-0.33344666800,stable,39212,3.49233000000,200.00000605500,39486,0.00000000000,0.59794642340,0.64358495514,1.00000000000,0.13396006671,4.57475200000,0.15940866344,3.12534149914,Moderate
1,821,821.00000000000,-4.62049810509,4.81027179213,0.95318484781,10.88799320380,retreating,advancing,advancing,advancing,0,821,2013-2025,-0.76140368100,retreating,39616,0.39198400000,200.00000605500,39486,0.00000000000,0.15503943994,0.70237125989,1.00000000000,0.01171166611,4.70385500000,0.17512479794,2.57455131615,Low
1,822,822.00000000000,-0.47488034695,1.19961339816,-0.47927223939,6.86367830157,stable,advancing,stable,advancing,0,822,2013-2025,-0.54658792500,retreating,39211,3.81249000000,200.00000605500,39392,0.00000000000,0.57542248095,0.67286309876,1.00000000000,0.14658415320,5.05154000000,0.21744964106,3.16683339508,Moderate
1,823,823.00000000000,-0.01427840533,1.28039690564,-0.86240011572,5.76500175439,stable,advancing,retreating,advancing,0,823,2013-2025,-0.39545174600,stable,39615,0.86068800000,199.99998485000,39003,0.92045151760,0.56601698953,0.65210228118,0.90436429903,0.03019292947,4.14298800000,0.10684860601,2.92745523553,Moderate
1,824,824.00000000000,-0.97988909316,0.82419522478,0.67182884589,1.59274026987,retreating,advancing,advancing,advancing,0,824,2013-2025,-0.74000066200,retreating,39210,5.98705000000,199.99997194300,39354,0.12579600317,0.61913180378,0.69943123470,0.98692968754,0.23232828724,10.52768000000,0.88407824578,3.69082576631,High
1,825,825.00000000000,-3.48493861950,0.70060634545,-0.42045246389,3.17431718882,retreating,advancing,stable,advancing,0,825,2013-2025,-0.35144664600,stable,39614,1.46951000000,200.00004478100,39354,2.55127097681,0.63352105451,0.64605752168,0.73492076056,0.05419912496,6.83131400000,0.43410740700,3.10010491464,Moderate
1,826,826.00000000000,-12.53464173750,1.43314667911,0.49492272726,2.84705164098,retreating,advancing,stable,advancing,0,826,2013-2025,-0.86282040200,retreating,38824,7.93643000000,199.99992774800,38892,0.84668276912,0.54823258367,0.71630236532,0.91202893518,0.30919344058,6.38979900000,0.38036032814,3.31990119748,Moderate
1,827,827.00000000000,-2.75054007053,-0.74875785104,0.38903424282,-0.58938570414,retreating,retreating,stable,retreating,0,827,2013-2025,-1.13523761000,retreating,39613,0.63153900000,200.00000723000,39354,0.00000000000,0.80226815322,0.75372294851,1.00000000000,0.02115745536,7.35896600000,0.49834022729,3.58875481459,High
1,828,828.00000000000,-6.27784146735,-0.45023707913,0.59533501539,-1.95113922842,retreating,stable,advancing,retreating,0,828,2013-2025,-1.49272032800,retreating,38823,4.85409000000,200.00006781400,39179,0.00000000000,0.76751186886,0.80282855343,1.00000000000,0.18765503956,11.04064000000,0.94652256041,3.97126235749,High
1,829,829.00000000000,-9.77335655107,0.50164855184,0.63650579989,0.89703525057,retreating,advancing,advancing,advancing,0,829,2013-2025,-1.55685484200,retreating,39207,6.21250000000,200.00006769500,38836,0.11141900000,0.65668538444,0.81163838939,0.98842347048,0.24121790984,6.26023300000,0.36458783113,3.52625707576,High
1,830,830.00000000000,-8.22840446190,-1.39697372270,-0.47036049571,-1.85267671350,retreating,retreating,stable,retreating,0,830,2013-2025,-1.13217085900,retreating,38822,7.29962000000,199.99998053700,39179,1.02545100000,0.87773886511,0.75330168433,0.89345476289,0.28408366880,9.35424900000,0.74123261542,3.93028138396,High
1,831,831.00000000000,-12.99087388050,0.37683442217,-0.40184517764,1.34319833140,retreating,stable,stable,advancing,0,831,2013-2025,-1.11330283400,retreating,39206,6.27579000000,199.99999482400,39179,0.59102400000,0.67121728906,0.75070987853,0.93859210024,0.24371347505,8.12175900000,0.59119753797,3.59553828471,High
1,832,832.00000000000,-2.43621241034,0.33880005214,0.51006474640,0.05242346170,retreating,stable,advancing,stable,0,832,2013-2025,-1.60237771900,retreating,39205,2.47320000000,199.99992842700,39001,0.00000000000,0.67564556844,0.81789163829,1.00000000000,0.09377519447,7.18845500000,0.47758336023,3.52954326737,High
1,833,833.00000000000,-1.60910604538,2.01709847370,1.05310511167,3.31622262154,retreating,advancing,advancing,advancing,0,833,2013-2025,-1.19187729500,retreating,38820,12.82200000000,199.99994255700,39001,0.00000000000,0.48024403299,0.76150325747,1.00000000000,0.50183421331,7.28585000000,0.48943957518,3.53367917827,High
1,834,834.00000000000,-4.08128253032,0.32504009314,0.23771830261,0.44270006176,retreating,stable,stable,stable,0,834,2013-2025,-1.42490258900,retreating,39204,1.55715000000,199.99994473500,39001,0.00965400000,0.67724761792,0.79351277135,0.99899694113,0.05765482160,9.94131000000,0.81269748946,3.68655221331,High
1,835,835.00000000000,-5.33616000639,-0.01017036224,-0.44453988736,0.73221763322,retreating,stable,stable,advancing,0,835,2013-2025,-1.29623253200,retreating,38819,10.61190000000,199.99996773400,38882,0.00000000000,0.71627562203,0.77583801208,1.00000000000,0.41468875048,7.81048100000,0.55330463917,3.80580143430,High
1,836,836.00000000000,-6.31106379156,-0.85319576991,-1.70322787655,1.16652812894,retreating,retreating,retreating,advancing,0,836,2013-2025,-1.23708002500,retreating,39203,1.01290000000,200.00001020300,38835,0.00000000000,0.81442768900,0.76771252938,1.00000000000,0.03619473569,4.77828800000,0.18418577281,3.43684848385,High
1,837,837.00000000000,-13.43658797170,-0.35384461226,-0.25653582164,0.00762778249,retreating,stable,stable,stable,0,837,2013-2025,-1.41908314500,retreating,38818,8.03055000000,199.99999514600,44073,0.00000000000,0.75628905187,0.79271338356,1.00000000000,0.31290464645,5.11806900000,0.22554843592,3.60189456889,High
1,838,838.00000000000,-3.11118003628,0.36379701294,0.28445333553,0.58973979885,retreating,stable,stable,advancing,0,838,2013-2025,-7.45052266700,retreating,39202,0.54707900000,199.99999244900,38798,0.00000000000,0.67273521325,1.00000000000,1.00000000000,0.01782715133,9.21208000000,0.72392591360,3.77703291483,High
1,839,839.00000000000,-3.08800590547,0.19744310845,0.35147985582,0.46740814266,retreating,stable,stable,stable,0,839,2013-2025,-8.72049054400,retreating,38444,13.93860000000,200.00001119100,38741,0.00000000000,0.69210352579,1.00000000000,1.00000000000,0.54586238458,8.76825000000,0.66989702215,4.12672783050,High
1,840,840.00000000000,-2.09090752393,-0.07610196335,-1.69559267508,1.41590021688,retreating,stable,retreating,advancing,0,840,2013-2025,-2.66791305200,retreating,38816,8.36294000000,199.99999124700,38741,0.00000000000,0.72395193032,0.96425887356,1.00000000000,0.32601096559,6.89499900000,0.44185999234,3.84792629160,High
1,841,841.00000000000,1.44605473141,0.00000000000,0.00000000000,0.00000000000,advancing,,,,0,841,2013-2025,-1.30441924100,retreating,42456,1.82068000000,200.00001679700,44073,1.50156134056,0.71509150341,0.77696257916,0.84398649076,0.06804595925,5.11806900000,0.22554843592,3.26688820890,Moderate
1,842,842.00000000000,0.57059041458,0.00000000000,0.00000000000,0.00000000000,advancing,,,,0,842,2013-2025,-1.42375259600,retreating,42456,1.82068000000,200.00001679700,44073,1.61207003832,0.71509150341,0.79335480259,0.83250454242,0.06804595925,9.21208000000,0.72392591360,3.57204036056,High
1,843,843.00000000000,1.43564212197,0.00000000000,0.00000000000,-12.06931706140,advancing,,,retreating,0,843,2013-2025,-1.21336695400,retreating,42457,3.48690000000,200.00001679500,44073,0.04266011467,0.71509150341,0.76445518396,0.99556757755,0.13374595940,8.76825000000,0.66989702215,3.67061721384,High
1,844,844.00000000000,1.96624115200,0.00000000000,0.00000000000,-12.40255950040,advancing,,,retreating,0,844,2013-2025,-1.03905945400,retreating,42457,3.48690000000,199.99991761000,44073,0.00000000000,0.71509150341,0.74051143844,1.00000000000,0.13374595940,6.89499900000,0.44185999234,3.51645685952,High
1,845,845.00000000000,2.96996514984,0.00000000000,0.00000000000,-6.41841525770,advancing,,,retreating,0,845,2013-2025,-0.41786097600,stable,42928,0.07369600000,200.00001679500,44073,0.00000000000,0.71509150341,0.65518052452,1.00000000000,0.00000000000,8.76825000000,0.66989702215,3.48980054819,High
1,846,846.00000000000,4.66415615266,9.70204617655,0.00000000000,0.08831549366,advancing,advancing,,stable,0,846,2013-2025,-0.54070440400,retreating,42458,4.65490000000,199.99991761000,44073,0.00000000000,0.00000000000,0.67205490904,1.00000000000,0.17980085963,5.11806900000,0.22554843592,2.50884031878,Low
1,847,847.00000000000,-2.49434416736,4.10895781739,13.19280750200,-2.94356554245,retreating,advancing,advancing,retreating,0,847,2013-2025,-0.94128145600,retreating,42929,1.32804000000,200.00001679700,44073,1.01010673046,0.23669227697,0.72708016610,0.89504904564,0.04862088456,3.55005600000,0.03466903576,2.56217892477,Low
1,848,848.00000000000,4.97225721935,8.03184372232,0.00000000000,-1.67886991694,advancing,advancing,,retreating,0,848,2013-2025,-0.87793462700,retreating,42712,9.23575000000,200.00001679700,44073,0.11407144291,0.00000000000,0.71837853047,0.98814787939,0.36042637211,3.80644900000,0.06588060227,2.56718060328,Low
1,849,849.00000000000,2.24432545817,4.80259935765,11.87151194590,-4.71281918141,advancing,advancing,advancing,retreating,0,849,2013-2025,-0.59116877900,retreating,42930,2.23722000000,200.00001679700,44073,1.30574742402,0.15593272892,0.67898694669,0.86433172438,0.08447036820,5.07012900000,0.21971254142,2.53971179990,Low
1,850,850.00000000000,0.25105940261,0.00000000000,0.00000000000,2.52569323315,stable,,,advancing,0,850,2013-2025,-0.33344666800,stable,42713,19.06960000000,200.00001679500,44073,1.93189744727,0.71509150341,0.64358495514,0.79927420072,0.74818060081,6.32753000000,0.37278011715,3.67394343626,High
1,851,851.00000000000,0.17766012815,8.76176951506,14.09770935700,-4.18906514173,stable,advancing,advancing,retreating,0,851,2013-2025,-0.76140368100,retreating,42931,2.23817000000,200.00002953200,44073,0.00000000000,0.00000000000,0.70237125989,1.00000000000,0.08450782170,6.79698200000,0.42992805927,2.59243772523,Low
1,852,852.00000000000,0.34708898807,7.17394944302,12.18246772950,-2.20028163549,stable,advancing,advancing,retreating,0,852,2013-2025,-0.54658792500,retreating,42714,19.73680000000,200.00002953200,44073,0.00000000000,0.00000000000,0.67286309876,1.00000000000,0.77448867783,6.90273000000,0.44280111250,3.04426660237,Moderate
1,853,853.00000000000,0.13231687951,7.92609769959,13.35232581620,-3.08452493898,stable,advancing,advancing,retreating,0,853,2013-2025,3.04406194800,advancing,42715,14.02190000000,199.99993034800,44073,0.00000000000,0.00000000000,0.17963356573,1.00000000000,0.54914697400,9.29502900000,0.73402356927,2.64652261476,Moderate
1,854,854.00000000000,-0.29955930730,7.87476649626,12.47845425820,0.01114993092,stable,advancing,advancing,stable,0,854,2013-2025,5.64803922600,advancing,42933,4.08995000000,200.00002953300,41639,0.77821496383,0.00000000000,0.00000000000,0.91914279878,0.15752456188,12.64153000000,1.00000000000,2.33213380525,Low
1,855,855.00000000000,0.36665459292,9.45190399134,10.23561572420,-0.18237041041,stable,advancing,advancing,stable,0,855,2013-2025,7.61467412100,advancing,42716,9.51052000000,199.99993034800,44073,0.05242346170,0.00000000000,0.00000000000,0.99455315743,0.37126070013,9.19648300000,0.72202723929,2.36196976672,Low
1,856,856.00000000000,0.98534928879,8.53748904262,10.59426536460,-1.18028767792,advancing,advancing,advancing,retreating,0,856,2013-2025,6.46490356900,advancing,43094,0.44224800000,200.00001679700,41668,3.31622262154,0.00000000000,0.00000000000,0.65544162956,0.01369360411,5.13440000000,0.22753646247,1.59153383638,Very Low
1,857,857.00000000000,1.42335722985,8.24319289699,10.79611560110,0.61529525023,advancing,advancing,advancing,advancing,0,857,2013-2025,6.56184999200,advancing,42717,15.43560000000,200.00001679500,44073,0.44270006176,0.00000000000,0.00000000000,0.95400308445,0.60488996904,4.63503300000,0.16674686862,2.16009539754,Low
1,858,858.00000000000,1.59247832973,9.66700040369,8.15744387966,4.27713675181,advancing,advancing,advancing,advancing,0,858,2013-2025,7.21344172700,advancing,43095,1.27514000000,200.00001679500,44073,0.73221763322,0.00000000000,0.00000000000,0.92392196083,0.04653500934,4.20138400000,0.11395734392,1.72828514606,Very Low
1,859,859.00000000000,9.92485242347,10.28494183070,9.56904093322,3.68847036192,advancing,advancing,advancing,advancing,0,859,2013-2025,6.20019243000,advancing,42718,33.81800000000,200.00001679500,41939,1.16652812894,0.00000000000,0.00000000000,0.87879672837,1.00000000000,3.95181100000,0.08357599853,2.32772737441,Low
1,860,860.00000000000,6.22578298367,9.21676590747,6.32876068082,2.74254772369,advancing,advancing,advancing,advancing,0,860,2013-2025,6.68402166200,advancing,43096,2.81283000000,200.00001679700,44073,0.00762778249,0.00000000000,0.00000000000,0.99920746687,0.10716699315,4.48262300000,0.14819349606,1.84125073045,Low
1,861,861.00000000000,6.61198990560,10.31271538690,9.72456598467,0.88194986829,advancing,advancing,advancing,advancing,0,861,2013-2025,6.47409145100,advancing,42937,25.09810000000,200.00001679700,41823,0.58973979885,0.00000000000,0.00000000000,0.93872552984,0.98588782660,4.07998900000,0.09917952972,2.36824480020,Low
1,862,862.00000000000,8.70958999237,0.00000000000,12.99842199550,3.03113262142,advancing,,advancing,advancing,0,862,2013-2025,6.73841813800,advancing,43097,3.63153000000,200.00000406100,44073,0.46740814266,0.71509150341,0.00000000000,0.95143589368,0.13944880038,3.89915200000,0.07716564457,2.63905986776,Moderate
1,863,863.00000000000,7.53376295274,7.53725451405,7.97374153379,1.96306521808,advancing,advancing,advancing,advancing,0,863,2013-2025,7.60107772400,advancing,42938,18.67350000000,199.99998129300,44073,1.41590021688,0.00000000000,0.00000000000,0.85288675487,0.73256218954,2.16351500000,0.00000000000,2.07810528219,Low
1,864,864.00000000000,1.17401911970,9.21421920642,9.47748875612,5.01249323109,advancing,advancing,advancing,advancing,0,864,2013-2025,10.45459620000,advancing,43098,2.64864000000,199.99998591700,44073,0.00000000000,0.00000000000,0.00000000000,1.00000000000,0.10069288642,2.97062300000,0.00000000000,1.74847116276,Very Low
1,865,865.00000000000,3.62459795336,8.71244639305,8.48311789958,5.34469369759,advancing,advancing,advancing,advancing,0,865,2013-2025,10.14664643000,advancing,42939,6.47896000000,200.00000306600,41980,0.00000000000,0.00000000000,0.00000000000,1.00000000000,0.25172457613,3.20579200000,0.00000000000,1.85117271177,Low
1,866,866.00000000000,1.43653250573,9.18804264126,6.54733207903,6.51290095916,advancing,advancing,advancing,advancing,0,866,2013-2025,11.16923866000,advancing,43099,1.81624000000,200.00008193900,41981,14.89386525720,0.00000000000,0.00000000000,0.00000000000,0.06787088481,3.75862600000,0.06005895057,1.08218757201,Very Low
1,867,867.00000000000,1.30014650036,7.52665414469,5.60300710648,5.61220723759,advancing,advancing,advancing,advancing,0,867,2013-2025,10.18539767000,advancing,43100,1.23213000000,199.99998666000,44073,0.00000000000,0.00000000000,0.00000000000,1.00000000000,0.04483910084,3.74759600000,0.05871623225,1.74572032792,Very Low
1,868,868.00000000000,0.42331168743,6.14190128386,3.57848625739,5.72033494046,stable,advancing,advancing,advancing,0,868,2013-2025,10.34095163000,advancing,42941,1.95196000000,199.99993082500,42061,0.00000000000,0.00000000000,0.00000000000,1.00000000000,0.07322240178,3.70412600000,0.05342448561,1.76184592458,Very Low
1,869,869.00000000000,1.52607352078,5.60529291047,2.20539514164,5.39818155875,advancing,advancing,advancing,advancing,0,869,2013-2025,10.12674067000,advancing,43101,0.74324300000,199.99997149900,42048,0.00000000000,0.06247643372,0.00000000000,1.00000000000,0.02556200697,3.68001200000,0.05048900876,1.80202252612,Low
1,870,870.00000000000,-0.74530902822,7.64837925423,3.98761524362,5.50735127196,retreating,advancing,advancing,advancing,0,870,2013-2025,10.59760326000,advancing,42942,0.58700000000,199.99999041600,44073,0.00000000000,0.00000000000,0.00000000000,1.00000000000,0.01940125839,3.80142400000,0.06526889243,1.73235419116,Very Low
1,871,871.00000000000,0.68684319076,7.19149592718,2.96289305907,6.81757366178,advancing,advancing,advancing,advancing,0,871,2013-2025,10.37514497000,advancing,42942,0.58700000000,200.00002087800,44073,12.58343199180,0.00000000000,0.00000000000,0.00000000000,0.01940125839,4.50994400000,0.15151937160,1.10410447866,Very Low
1,872,872.00000000000,-1.63864234121,6.30654306269,3.92452423806,5.64041021616,retreating,advancing,advancing,advancing,0,872,2013-2025,10.17941457000,advancing,43102,0.14638900000,199.99997507700,44073,2.28944582019,0.00000000000,0.00000000000,0.76212461857,0.00202771656,5.95929300000,0.32795341121,1.71639563461,Very Low
1,873,873.00000000000,-2.75271900064,6.63215900536,6.98931822874,3.96582849207,retreating,advancing,advancing,advancing,0,873,2013-2025,10.27590394000,advancing,43206,0.03893900000,200.00005903500,44073,5.35207529729,0.00000000000,0.00000000000,0.44391479301,0.00000000000,5.89928200000,0.32064807402,1.49425090366,Very Low
1,874,874.00000000000,-2.03568726842,6.61815285057,5.28647409671,5.93996830946,retreating,advancing,advancing,advancing,0,874,2013-2025,10.03230238000,advancing,42943,0.67585000000,199.99996216500,44073,3.77604078871,0.00000000000,0.00000000000,0.60766612820,0.02290466265,3.71362300000,0.05458058678,1.46153648984,Very Low
1,875,875.00000000000,-0.26257596168,5.60855020466,4.65026737655,4.33325378243,stable,advancing,advancing,advancing,0,875,2013-2025,10.53182080000,advancing,43207,0.47585900000,199.99991752900,42205,1.16775024820,0.06209719229,0.00000000000,0.87866974913,0.01501890484,3.81175600000,0.06652664091,1.72151992808,Very Low
1,876,876.00000000000,-0.84797203784,5.08545833261,4.74626300241,3.17154169087,retreating,advancing,advancing,advancing,0,876,2013-2025,9.78539705300,advancing,43104,4.21098000000,200.00000442300,44073,10.88799320380,0.12299992191,0.00000000000,0.00000000000,0.16229683750,3.46521600000,0.02434118241,1.27133646602,Very Low
1,877,877.00000000000,0.10034237857,5.24035403178,5.31815587000,2.73959531833,stable,advancing,advancing,advancing,0,877,2013-2025,9.38769271600,advancing,43208,1.15647000000,200.00000119300,42291,6.86367830157,0.10496566944,0.00000000000,0.28685794631,0.04185577991,4.12629000000,0.10481590334,1.41132402246,Very Low
1,878,878.00000000000,-0.80914327393,4.76862259403,5.09476035098,3.16689163090,retreating,advancing,advancing,advancing,0,878,2013-2025,9.55874352100,advancing,43105,5.55979000000,200.00006298500,42338,5.76500175439,0.15988858784,0.00000000000,0.40101138048,0.21548118675,5.22357800000,0.23839239488,1.75251780217,Very Low
1,879,879.00000000000,2.14359421499,5.65433701656,6.93119186957,3.73722948193,advancing,advancing,advancing,advancing,0,879,2013-2025,9.01787710500,advancing,43209,2.31463000000,199.99993329100,42380,1.59274026987,0.05676630880,0.00000000000,0.83451292191,0.08752268762,4.62465300000,0.16548327695,1.79382608813,Very Low
1,880,880.00000000000,7.22593066104,5.13376976947,4.59863926774,3.94624704321,advancing,advancing,advancing,advancing,0,880,2013-2025,8.65688828700,advancing,43210,2.30024000000,200.00004753700,42408,3.17431718882,0.11737510047,0.00000000000,0.67018572555,0.08695528210,6.40730200000,0.38249102613,1.88402687044,Low
1,881,881.00000000000,4.67812264656,4.79043869595,3.92748977561,4.72411702790,advancing,advancing,advancing,advancing,0,881,2013-2025,8.31179853500,advancing,43107,7.34354000000,199.99994873700,44073,2.84705164098,0.15734857484,0.00000000000,0.70418889624,0.28581546084,8.38047300000,0.62269164748,2.23406275536,Low
1,882,882.00000000000,0.07108767864,4.71854745046,5.69372130885,3.96604129128,stable,advancing,advancing,advancing,0,882,2013-2025,7.49316189200,advancing,43211,2.59562000000,200.00004753900,42466,0.00000000000,0.16571875476,0.00000000000,1.00000000000,0.09860227780,6.45509000000,0.38830841716,2.17723991736,Low
1,883,883.00000000000,-0.66887738590,3.61072633844,3.21199219067,3.82284366945,retreating,advancing,advancing,advancing,0,883,2013-2025,6.78689745400,advancing,43108,9.57665000000,200.00004753900,44073,0.00000000000,0.29470055175,0.00000000000,1.00000000000,0.37386823101,6.13234300000,0.34901935913,2.49433566914,Low
1,884,884.00000000000,0.90043090726,3.71585693760,4.07967143291,3.03903162397,advancing,advancing,advancing,advancing,0,884,2013-2025,6.43636116000,advancing,43212,5.79496000000,199.99994873700,42206,0.00000000000,0.28246036833,0.00000000000,1.00000000000,0.22475406848,5.26551700000,0.24349776784,2.31505926559,Low
1,885,885.00000000000,3.25957685548,3.72869591323,6.04952953316,2.60803849567,advancing,advancing,advancing,advancing,0,885,2013-2025,4.73724229300,advancing,43109,14.72820000000,200.00004753900,44073,0.00000000000,0.28096554744,0.00000000000,1.00000000000,0.57699677406,5.48615400000,0.27035663840,2.56892079085,Low
1,886,886.00000000000,2.21554505409,3.28543235246,4.82012206551,1.25548981202,advancing,advancing,advancing,advancing,0,886,2013-2025,4.35177204400,advancing,43297,0.89257400000,199.99994873700,44073,0.00000000000,0.33257399756,0.00000000000,1.00000000000,0.03145021411,5.61755900000,0.28635300296,2.26896100447,Low
1,887,887.00000000000,1.62796225960,2.75264766521,2.31315324896,2.13889722156,advancing,advancing,advancing,advancing,0,887,2013-2025,4.22571471300,advancing,43214,8.37656000000,200.00003208900,44073,9.60689229259,0.39460524577,0.01731586223,0.00183566331,0.32654802474,5.44262000000,0.26505710083,1.86663389373,Low
1,888,888.00000000000,-1.00697281897,1.22459560193,0.55107734794,0.70450464775,retreating,advancing,advancing,advancing,0,888,2013-2025,3.71377126000,advancing,43298,1.23686000000,199.99993328900,44073,9.18626840032,0.57251384389,0.08763896227,0.04553884595,0.04502560687,6.13967200000,0.34991154250,2.02731534558,Low
1,889,889.00000000000,-0.37570465856,0.71706316771,-1.68753362078,1.84104868110,stable,advancing,retreating,advancing,0,889,2013-2025,4.01177193000,advancing,43215,7.32203000000,200.00002310800,44073,12.90014452650,0.63160501365,0.04670410744,0.00000000000,0.28496730447,6.26184100000,0.36478357828,2.20395637158,Low
1,890,890.00000000000,1.66177238922,1.26532268255,-1.33008189076,1.92846246150,advancing,advancing,retreating,advancing,0,890,2013-2025,4.03505184200,advancing,43299,1.39327000000,200.00005903500,44073,0.00000000000,0.56777205663,0.04350626289,1.00000000000,0.05119294085,6.59658600000,0.40553319247,2.67076018610,Moderate
1,891,891.00000000000,-0.37274763060,0.81274402700,-1.32612188443,1.98448650650,stable,advancing,retreating,advancing,0,891,2013-2025,3.41472769600,advancing,43216,7.32738000000,200.00004941700,44073,0.00000000000,0.62046504797,0.12871707422,1.00000000000,0.28517826245,7.34157400000,0.49622304170,3.01941796366,Moderate
1,892,892.00000000000,1.25433930914,1.21178210573,-0.93708836345,2.39353264811,advancing,advancing,retreating,advancing,0,892,2013-2025,3.88622035800,advancing,43300,1.98680000000,199.99998323600,42409,14.93500694130,0.57400569826,0.06395049610,0.00000000000,0.07459616221,6.88329700000,0.44043546924,2.05241137446,Low
1,893,893.00000000000,1.88156015607,0.55966390680,-1.65993636958,1.53569892268,advancing,advancing,retreating,advancing,0,893,2013-2025,3.64654733600,advancing,43301,3.95574000000,200.00000762000,44073,0.00000000000,0.64993075171,0.09687317497,1.00000000000,0.15223258131,7.16119800000,0.47426527561,2.92383711392,Moderate
1,894,894.00000000000,4.98567221834,1.99671293331,-2.00563554674,3.58878674706,advancing,advancing,retreating,advancing,0,894,2013-2025,4.29045700900,advancing,43218,11.48070000000,199.99999875100,42590,0.00000000000,0.48261748806,0.00842253830,1.00000000000,0.44894599492,6.66543600000,0.41391453032,2.81510596308,Moderate
1,895,895.00000000000,6.90752333180,1.21671031529,-1.32369586143,2.39723819555,advancing,advancing,retreating,advancing,0,895,2013-2025,3.78886328200,advancing,43302,5.36950000000,199.99994945000,42590,5.47449912804,0.57343191490,0.07732394849,0.43119485215,0.20797794539,6.33880600000,0.37415278187,2.40723850639,Low
1,896,896.00000000000,8.29004266769,1.32029566041,-1.17915844014,2.52275708414,advancing,advancing,retreating,advancing,0,896,2013-2025,3.73384998300,advancing,43219,6.66061000000,199.99999175500,42590,12.08564193840,0.56137164288,0.08488084898,0.00000000000,0.25888714479,5.98799600000,0.33144752217,2.11509274842,Low
1,897,897.00000000000,11.63888868860,1.04918817876,-2.29661319369,2.15080534668,advancing,advancing,retreating,advancing,0,897,2013-2025,3.28710282300,advancing,43373,0.56168700000,200.00003833500,42590,9.03581202613,0.59293624278,0.14624826181,0.06117139208,0.01840315169,4.99946500000,0.21111037936,2.01068206883,Low
1,898,898.00000000000,11.04208312710,0.30638747770,-2.64106068543,1.63803246512,advancing,stable,retreating,advancing,0,898,2013-2025,3.54181593800,advancing,43220,2.08876000000,200.00003833500,42590,9.35511749040,0.67941931138,0.11125960093,0.02799528088,0.07861650049,3.26526100000,0.00000000000,1.97557565266,Low
1,899,899.00000000000,7.37784208504,0.16027529452,-3.24825582930,1.61485224126,advancing,stable,retreating,advancing,0,899,2013-2025,3.35716734600,advancing,43374,0.38993600000,200.00000728100,42590,3.83193942325,0.69643091347,0.13662385030,0.60185821219,0.01163091287,3.72046500000,0.05541348603,2.39530375645,Low
1,900,900.00000000000,0.00000000000,0.61166246423,-2.14946333895,2.08550846230,,advancing,retreating,advancing,0,900,2013-2025,3.43250396800,advancing,43374,0.38993600000,199.99997060000,42590,5.05184482559,0.64387664487,0.12627523704,0.47510899615,0.01163091287,4.45347200000,0.14464484857,2.29131720615,Low
1,901,901.00000000000,4.20487250606,-0.32608315126,-4.80370604906,1.69445484276,advancing,stable,retreating,advancing,0,901,2013-2025,3.10657352200,advancing,43374,0.38993600000,200.00000301400,42590,0.00000000000,0.75305683045,0.17104666488,1.00000000000,0.01163091287,6.16813900000,0.35337692441,2.94146246878,Moderate
1,902,902.00000000000,5.81428401578,0.07097812905,-1.73402525760,1.20266015516,advancing,stable,retreating,advancing,0,902,2013-2025,3.30130420800,advancing,43374,0.38993600000,199.99999209000,42590,0.00000000000,0.70682763614,0.14429748890,1.00000000000,0.01163091287,7.14166900000,0.47188794596,2.93481954090,Moderate
1,903,903.00000000000,13.53397096860,1.05393567162,-2.06752161067,1.89290020162,advancing,advancing,retreating,advancing,0,903,2013-2025,2.53706282800,advancing,43374,0.38993600000,200.00001824000,44073,0.00000000000,0.59238349996,0.24927748760,1.00000000000,0.01163091287,11.91024000000,1.00000000000,3.20473125017,Moderate
1,904,904.00000000000,1.44252354122,0.82179794643,0.19418517810,1.92552308274,advancing,advancing,stable,advancing,0,904,2013-2025,2.42845456500,advancing,43374,0.38993600000,200.00004226800,44073,0.00000000000,0.61941091497,0.26419645902,1.00000000000,0.01163091287,7.74831800000,0.54573733192,2.97701739888,Moderate
1,905,905.00000000000,1.31521628593,0.37657780455,-1.64628495547,1.93070549004,advancing,stable,retreating,advancing,0,905,2013-2025,2.54861148000,advancing,43305,0.32155500000,199.99995221000,44073,3.36019300000,0.67124716663,0.24769110729,0.65087306958,0.00893461090,4.21583900000,0.11571699880,2.52742099149,Low
1,906,906.00000000000,1.17851082952,1.66480826629,-1.54051221098,4.46584594446,advancing,advancing,retreating,advancing,0,906,2013-2025,2.80233885600,advancing,43305,0.32155500000,199.99996827800,44073,0.00000000000,0.52126060464,0.21283785242,1.00000000000,0.00893461090,6.27410800000,0.36627688069,2.70705395790,Moderate
1,907,907.00000000000,-0.77406041455,-0.27388886860,-1.82321211149,0.64229449447,retreating,stable,retreating,advancing,0,907,2013-2025,2.53404698900,advancing,43305,0.32155500000,199.99999640800,44073,0.00000000000,0.74697993564,0.24969175825,1.00000000000,0.00893461090,6.18321700000,0.35521241913,3.00034710481,Moderate
1,908,908.00000000000,-0.84535267923,-0.59666201093,-2.24125317326,0.75995076561,retreating,retreating,retreating,advancing,0,908,2013-2025,2.42908639500,advancing,43305,0.32155500000,199.99997454200,44073,0.00000000000,0.78455988376,0.26410966771,1.00000000000,0.00893461090,4.91884400000,0.20129611881,2.96497268592,Moderate
1,909,909.00000000000,0.78940807225,-0.41790564635,-1.76158894947,0.76011568913,advancing,stable,retreating,advancing,0,909,2013-2025,2.21759476500,advancing,43305,0.32155500000,200.00000494400,44073,0.00000000000,0.76374757311,0.29316121035,1.00000000000,0.00893461090,4.57316500000,0.15921547269,2.93965145982,Moderate
1,910,910.00000000000,0.53606797174,-0.60270068849,-2.44609400046,0.72082095436,advancing,retreating,retreating,advancing,0,910,2013-2025,1.94786751200,advancing,43305,0.32155500000,199.99994911300,42870,0.00000000000,0.78526295709,0.33021228794,1.00000000000,0.00893461090,6.31753100000,0.37156290587,3.12415664262,Moderate
1,911,911.00000000000,0.52061482911,-0.74025150001,-1.94514465905,0.11222852681,advancing,retreating,retreating,stable,0,911,2013-2025,1.76762785000,advancing,43375,0.58721400000,199.99995362700,44073,0.00000000000,0.80127777271,0.35497090475,1.00000000000,0.01940969577,5.98487900000,0.33106807947,3.14708525937,Moderate
1,912,912.00000000000,0.14274492313,-1.15986004270,-2.66007023373,0.01046972098,stable,retreating,retreating,stable,0,912,2013-2025,1.00643844200,advancing,43438,0.01995200000,199.99997866000,44073,0.21925800000,0.85013210784,0.45953166939,0.97721890602,0.00000000000,6.32123300000,0.37201356255,3.28997612093,Moderate
1,913,913.00000000000,0.31337164564,-0.74861282768,-2.72675681986,0.73866513105,stable,retreating,retreating,advancing,0,913,2013-2025,0.26670083900,stable,43376,3.12612000000,200.00000820800,44073,0.58428000000,0.80225126839,0.56114570735,0.93929280761,0.11952019983,4.71014600000,0.17589062214,3.25718007897,Moderate
1,914,914.00000000000,1.82102886026,-0.98711176994,-3.61882951432,0.32673203151,advancing,retreating,retreating,stable,0,914,2013-2025,0.49428460100,stable,43439,0.69030000000,199.99999343600,42920,7.29227900000,0.83001930948,0.52988366938,0.24232596668,0.02347443487,7.81028500000,0.55328077944,2.95083683797,Moderate
1,915,915.00000000000,2.70410088863,-0.39531799192,-2.17899981900,0.87434133308,advancing,stable,retreating,advancing,0,915,2013-2025,0.29528152500,stable,43377,5.07182000000,200.00000820900,44073,0.00000000000,0.76111772951,0.55721972210,1.00000000000,0.19624023964,6.94903700000,0.44843821652,3.46187315477,High
1,916,916.00000000000,2.96270186428,-0.70483921120,-2.42608404746,0.62504782865,advancing,retreating,retreating,advancing,0,916,2013-2025,-0.06062092800,stable,43440,1.51166000000,200.00000820900,44073,0.00000000000,0.79715477794,0.60610825396,1.00000000000,0.05586112412,5.72708200000,0.29968559940,3.36160312566,Moderate
1,917,917.00000000000,1.38677861181,-0.93771350089,-2.75118568152,1.03030012913,advancing,retreating,retreating,advancing,0,917,2013-2025,-0.02106994000,stable,43378,6.98215000000,200.00000820900,42963,5.09824618435,0.82426794994,0.60067533345,0.47028785523,0.27156564416,6.29391400000,0.36868793047,3.21712603173,Moderate
1,918,918.00000000000,2.94719667049,-0.64658419553,-2.72212138323,1.21885844470,advancing,retreating,retreating,advancing,0,918,2013-2025,0.06725973800,stable,43441,3.11551000000,199.99999343400,44073,0.76568654895,0.79037224192,0.58854192936,0.92044451182,0.11910183744,5.16786800000,0.23161063263,3.28666150491,Moderate
1,919,919.00000000000,4.37829064770,-1.00422322848,-3.08180848215,0.54134374412,advancing,retreating,retreating,advancing,0,919,2013-2025,0.59742178700,advancing,43379,7.99473000000,200.00000820800,44073,3.00000000000,0.83201156856,0.51571623232,0.68829743076,0.31149224329,4.60364400000,0.16292578201,3.20606501160,Moderate
1,920,920.00000000000,3.49614135674,-1.01846323243,-3.09820707991,0.93518566325,advancing,retreating,retreating,advancing,0,920,2013-2025,0.13190679700,stable,43380,9.43715000000,200.00000820800,44073,0.43144282862,0.83366950889,0.57966168767,0.95517272061,0.36836768031,5.35746700000,0.25469114496,3.53760130969,High
1,921,921.00000000000,1.39453139906,-1.14800838264,-2.75388457000,0.15891821986,advancing,retreating,retreating,stable,0,921,2013-2025,0.58368582300,advancing,43443,3.54441000000,200.00000820800,44073,0.80096484122,0.84875223847,0.51760307268,0.91677906704,0.13601360726,6.29407100000,0.36870704260,3.38710101965,Moderate
1,922,922.00000000000,0.06946786227,-0.76607562731,-2.36790095094,0.87436696663,stable,retreating,retreating,advancing,0,922,2013-2025,0.69076088000,advancing,43505,0.46693600000,199.99996388600,44073,0.44747248667,0.80428443354,0.50289471006,0.95350722541,0.01466706613,7.11729200000,0.46892045325,3.32426976967,Moderate
1,923,923.00000000000,1.12623120469,-0.93947809604,-2.67187085271,0.53640760085,advancing,retreating,retreating,advancing,0,923,2013-2025,0.79359688800,advancing,43506,1.11631000000,200.00001272500,44073,0.00000000000,0.82447339887,0.48876864431,1.00000000000,0.04027225072,5.93574400000,0.32508671367,3.29901385101,Moderate
1,924,924.00000000000,4.61795569195,-0.87949890765,-2.54069635912,1.05733624770,advancing,retreating,retreating,advancing,0,924,2013-2025,1.14181013000,advancing,43445,4.46810000000,199.99997539900,43011,0.00000000000,0.81749012023,0.44093634074,1.00000000000,0.17243522981,4.40284000000,0.13848124802,3.22795383779,Moderate
1,925,925.00000000000,9.64435960430,-0.45407492687,-1.79617513547,-0.24617470738,advancing,stable,retreating,stable,0,925,2013-2025,0.40260017600,stable,43507,2.09278000000,200.00000230900,44073,0.00000000000,0.76795870318,0.54247789820,1.00000000000,0.07877501981,6.55168400000,0.40006712374,3.34858435797,Moderate
1,926,926.00000000000,-0.76604266038,-0.82537097940,-2.25788474831,0.70258616187,retreating,retreating,retreating,advancing,0,926,2013-2025,0.37250520600,stable,43446,12.01570000000,199.99996113300,42964,0.00000000000,0.81118809423,0.54661189303,1.00000000000,0.47004137924,9.40575000000,0.74750200221,3.87806328042,High
1,927,927.00000000000,0.22246447391,-0.43720918008,-2.45075387329,1.60355148379,stable,stable,retreating,advancing,0,927,2013-2025,0.24571580700,stable,43508,3.22787000000,200.00007902800,44073,0.00000000000,0.76599505191,0.56402831576,1.00000000000,0.12353225584,13.95906000000,1.00000000000,3.75496011414,High
1,928,928.00000000000,4.10182595724,-0.73060583934,-2.04835909937,0.89209853162,advancing,retreating,retreating,advancing,0,928,2013-2025,-0.12385864600,stable,43447,18.18500000000,199.99999634200,43051,0.00000000000,0.80015474424,0.61479490156,1.00000000000,0.71330033465,9.80043800000,0.79554867573,4.11713324498,High
1,929,929.00000000000,0.46999211925,-0.25659973267,-1.66088571435,1.26565117041,stable,stable,retreating,advancing,0,929,2013-2025,-0.01921645100,stable,43509,5.05348000000,200.00005705000,44073,13.31910088060,0.74496698987,0.60042072898,0.00000000000,0.19551709750,7.28933000000,0.48986320707,2.82373788811,Moderate
1,930,930.00000000000,1.35418317421,0.13068363284,-1.96943173884,2.06226433160,advancing,stable,retreating,advancing,0,930,2013-2025,-0.29193256500,stable,43448,31.43380000000,199.99995488200,44073,4.57976391266,0.69987622216,0.63788237138,0.52415860730,1.00000000000,18.15936000000,1.00000000000,4.01148057300,High
1,931,931.00000000000,3.95763621961,1.02682000615,-0.96394081010,4.17997811882,advancing,advancing,retreating,advancing,0,931,2013-2025,-0.59776342100,retreating,43562,0.57590500000,200.00003020900,44073,3.19012928531,0.59554053247,0.67989281953,0.66854283518,0.01896377676,16.86989000000,1.00000000000,3.35410662635,Moderate
1,932,932.00000000000,0.59705469775,0.43762004796,-0.82628829008,2.69439496593,advancing,stable,retreating,advancing,0,932,2013-2025,-1.06211546100,retreating,43449,36.87980000000,200.00004051600,44073,2.73168593739,0.66414011824,0.74367852628,0.71617549165,1.00000000000,11.68833000000,1.00000000000,4.18945282236,High
1,933,933.00000000000,0.35943693393,0.15654274756,-0.40566257528,1.58223344783,stable,stable,stable,advancing,0,933,2013-2025,-1.74360317900,retreating,43563,1.31568000000,200.00006365800,44073,0.75397489839,0.69686548780,0.83729107019,0.92166136234,0.04813352369,13.77796000000,1.00000000000,3.80042786264,High
1,934,934.00000000000,0.87500896594,-0.09251654637,-0.88928314120,1.00640238778,advancing,stable,retreating,advancing,0,934,2013-2025,-1.88925254700,retreating,43512,19.32630000000,199.99992651900,44073,0.27040436379,0.72586305332,0.85729819211,0.97190475502,0.75830244740,9.79632300000,0.79504774319,4.24605004031,Very High
1,935,935.00000000000,0.31441426169,0.59907460892,1.25732462435,-0.55838767881,stable,advancing,advancing,retreating,0,935,2013-2025,-2.52664729800,retreating,43564,1.75542000000,200.00003781400,44073,0.00000000000,0.64534222824,0.94485390667,1.00000000000,0.06547271845,9.06875000000,0.70647787942,3.71949124847,High
1,936,936.00000000000,1.29039971429,-1.32142213435,0.44565712833,-2.72265638879,advancing,retreating,stable,retreating,0,936,2013-2025,-2.63276099300,retreating,43513,9.31513000000,200.00000113400,44073,0.58428037463,0.86894251746,0.95943021182,0.93929276869,0.36355637182,5.54862400000,0.27796131778,3.90227148204,High
1,937,937.00000000000,-0.96939286825,0.06171706991,2.32292859997,-0.44406706140,retreating,stable,advancing,stable,0,937,2013-2025,-2.50067400800,retreating,43514,7.96681000000,199.99994251100,44073,2.00000000000,0.70790588608,0.94128608632,0.79219828717,0.31039135099,6.08426800000,0.34316703063,3.59816235013,High
1,938,938.00000000000,-0.79198187977,0.22124575369,0.70575633051,0.38289307048,retreating,stable,advancing,stable,0,938,2013-2025,-2.85800996700,retreating,43566,3.68857000000,199.99999986200,44073,4.88137241541,0.68933222281,0.99037153169,0.49282122556,0.14169791891,6.67649100000,0.41526029197,3.34275034050,Moderate
1,939,939.00000000000,-1.18922545294,-0.95720257959,0.47250512883,-0.74311167550,retreating,retreating,stable,retreating,0,939,2013-2025,-3.61754331900,retreating,43515,8.76188000000,200.00007794700,44073,4.76816741798,0.82653703145,1.00000000000,0.50458332174,0.34174139893,4.56308300000,0.15798815754,3.50387277200,High
1,940,940.00000000000,-1.33549552196,-1.47608795539,0.70564577758,-3.75208895032,retreating,retreating,advancing,retreating,0,940,2013-2025,-4.15889328900,retreating,43614,0.42083700000,199.99997985700,44073,8.81012066424,0.88695000559,1.00000000000,0.08462091787,0.01284935620,10.67130000000,0.90156158263,3.51268724259,High
1,941,941.00000000000,-0.95145678683,-2.01605464085,-1.40920602096,-3.15067083346,retreating,retreating,retreating,retreating,0,941,2013-2025,-4.49658229000,retreating,43516,5.52369000000,199.99990140900,43161,0.54842728094,0.94981744209,1.00000000000,0.94301793583,0.21405774684,10.04710000000,0.82557565548,4.26243961359,Very High
1,942,942.00000000000,-1.02689521601,-2.78173055594,-1.52452250193,-4.17336488338,retreating,retreating,retreating,retreating,0,942,2013-2025,-4.34891576300,retreating,43615,0.72600700000,199.99996024400,43169,8.80549342522,1.00000000000,1.00000000000,0.08510169196,0.02488238196,9.74865200000,0.78924459495,3.58833592724,High
1,943,943.00000000000,-0.09761720507,-1.19310068516,-0.72424474339,-1.23769731688,stable,retreating,retreating,retreating,0,943,2013-2025,-4.94030688800,retreating,43569,1.37727000000,199.99997985600,43179,0.00000000000,0.85400226138,1.00000000000,1.00000000000,0.05056205051,9.84679700000,0.80119210988,4.06136015131,High
1,944,944.00000000000,1.38048131212,-1.04630707250,-1.66817560480,-0.05406453053,advancing,retreating,retreating,stable,0,944,2013-2025,-5.38337156500,retreating,43616,0.32999900000,199.99996024400,43194,12.19625998710,0.83691132156,1.00000000000,0.00000000000,0.00926756304,8.43608500000,0.62946147987,3.22990330345,Moderate
1,945,945.00000000000,0.09839049120,-0.75515902653,-1.91092946979,0.78761858874,stable,retreating,retreating,advancing,0,945,2013-2025,-5.73307761900,retreating,43570,0.42055900000,199.99996024400,44073,0.00000000000,0.80301343160,1.00000000000,1.00000000000,0.01283839466,5.10949300000,0.22450445112,3.62901876264,High
1,946,946.00000000000,1.29175589512,0.20804512642,0.74435079229,0.14067490794,advancing,stable,advancing,stable,0,946,2013-2025,-5.83230663600,retreating,43617,0.14156500000,199.99997985400,44073,0.00000000000,0.69086915021,1.00000000000,1.00000000000,0.00183750360,5.94635900000,0.32637891268,3.54921113881,High
1,947,947.00000000000,1.57945219550,-0.46759943095,-0.65074963909,-0.12653178022,advancing,stable,retreating,stable,0,947,2013-2025,-6.16903610500,retreating,43571,0.83888200000,199.99996024400,44073,0.00000000000,0.76953333903,1.00000000000,1.00000000000,0.02933310883,6.36501300000,0.37734304652,3.69209701536,High
1,948,948.00000000000,1.58205820970,-0.64404736672,-1.26254651897,0.74584090589,advancing,retreating,retreating,advancing,0,948,2013-2025,-6.47127228700,retreating,43618,0.52349600000,199.99996024400,44073,0.00000000000,0.79007688309,1.00000000000,1.00000000000,0.01689725815,4.80336900000,0.18723896576,3.59402500588,High
1,949,949.00000000000,2.30045851701,-0.25509207131,-0.89022969055,0.53608186910,advancing,stable,retreating,advancing,0,949,2013-2025,-6.72076870500,retreating,43572,2.34870000000,200.00007791300,44073,0.00000000000,0.74479145533,1.00000000000,1.00000000000,0.08886608759,10.46894000000,0.87692763162,4.00288735037,High
1,950,950.00000000000,5.13819873679,-0.21749631981,-0.34265485720,-0.09056838166,advancing,stable,stable,stable,0,950,2013-2025,-7.45320801300,retreating,43656,0.48398800000,200.00005830200,44073,6.53813351329,0.74041424358,1.00000000000,0.32068232861,0.01533943594,7.34430600000,0.49655561709,3.25752112000,Moderate
1,951,951.00000000000,2.47542590722,-0.61950359931,-0.06752597939,-0.31400545913,advancing,retreating,stable,stable,0,951,2013-2025,-7.66779813600,retreating,43620,6.67922000000,200.00005830200,44073,1.02483560639,0.78721929247,1.00000000000,0.89351870281,0.25962094765,6.96279000000,0.45011241462,3.84099336912,High
1,952,952.00000000000,2.70990046088,-0.87078690776,-1.05026672349,0.03321204563,advancing,retreating,retreating,stable,0,952,2013-2025,-8.36115744900,retreating,43657,1.03281000000,200.00007791300,44073,2.42933332756,0.81647579636,1.00000000000,0.74759018675,0.03697979739,5.91854900000,0.32299350955,3.54890989261,High
1,953,953.00000000000,0.36242498919,-0.83647772608,-1.78307022850,0.10914934007,stable,retreating,retreating,stable,0,953,2013-2025,-8.67760706200,retreating,43621,4.99736000000,200.00005830200,44073,2.43435826106,0.81248123455,1.00000000000,0.74706809186,0.19330425735,6.46192800000,0.38914082948,3.68979036426,High
1,954,954.00000000000,1.30915669125,-0.53358961584,-1.35156333920,0.33001868919,advancing,retreating,retreating,stable,0,954,2013-2025,-8.92924621000,retreating,43622,19.80030000000,199.99996024400,44073,1.88830796336,0.77721646814,1.00000000000,0.80380318543,0.77699257231,9.10166500000,0.71048473105,4.27611955098,Very High
1,955,955.00000000000,1.14791397116,-0.75207340118,-2.50101905552,0.53001489267,advancing,retreating,retreating,advancing,0,955,2013-2025,-8.65774710000,retreating,43659,6.58001000000,199.99997985500,44073,1.34096006004,0.80265417729,1.00000000000,0.86067310134,0.25570903087,4.93529200000,0.20329838817,3.68627735378,High
1,956,956.00000000000,1.85418054522,-0.38484860919,-1.32411290318,0.75216758305,advancing,stable,retreating,advancing,0,956,2013-2025,-9.64302331000,retreating,43623,26.80960000000,199.99996024200,44073,0.00000000000,0.75989879643,1.00000000000,1.00000000000,1.00000000000,5.34509500000,0.25318506055,4.26619060408,Very High
1,957,957.00000000000,2.42688011374,-0.56771782516,-1.34847395411,0.35581614123,advancing,retreating,retreating,stable,0,957,2013-2025,-9.77017911900,retreating,43660,11.39140000000,199.99996024400,44073,8.86664465722,0.78118995963,1.00000000000,0.07874802659,0.44542487686,5.95642200000,0.32760391489,3.33261597524,Moderate
1,958,958.00000000000,11.98214912280,-0.69613703007,-1.78457736854,0.18549974699,advancing,retreating,retreating,stable,0,958,2013-2025,-9.77956812400,retreating,43624,10.62040000000,199.99996024400,44073,0.00000000000,0.79614159725,1.00000000000,1.00000000000,0.41502391420,5.91450500000,0.32250122007,3.95312549443,High
1,959,959.00000000000,1.00570412446,1.93349988845,2.65323908546,0.43984680938,advancing,advancing,advancing,stable,0,959,2013-2025,-10.12472823000,retreating,43697,0.85028700000,199.99996024400,44073,11.72366037780,0.48997727930,1.00000000000,0.00000000000,0.02978281409,3.02463300000,0.00000000000,2.45332527595,Low
1,960,960.00000000000,11.66411868300,1.00344850194,0.55507658434,0.51921197390,advancing,advancing,advancing,advancing,0,960,2013-2025,-9.92183703800,retreating,43625,13.72680000000,199.99996024400,44073,0.28801504958,0.59826163841,1.00000000000,0.97007498969,0.53751100566,12.04192000000,1.00000000000,4.18708982655,High
1,961,961.00000000000,1.27171707805,0.81657004853,2.78256671260,0.38646901143,advancing,advancing,advancing,stable,0,961,2013-2025,-9.71894584300,retreating,43698,1.02855000000,199.99997985600,44073,6.99500711950,0.62001959055,1.00000000000,0.27321276965,0.03681182538,5.34509500000,0.25318506055,2.95055107371,Moderate
