TransectID,epoch,rate_m_yr,status
0,2013-2015,-5.427116504307456,retreating
1,2013-2015,-3.294254436142336,retreating
2,2013-2015,-6.937576090390641,retreating
3,2013-2015,-5.687476706672927,retreating
4,2013-2015,-8.707970509768309,retreating
5,2013-2015,-11.526082526485661,retreating
6,2013-2015,-11.545074317640665,retreating
7,2013-2015,-11.669275146383328,retreating
8,2013-2015,-6.734523172441177,retreating
9,2013-2015,-9.052493936691407,retreating
10,2013-2015,-6.281593940343479,retreating
11,2013-2015,-5.32096638895435,retreating
12,2013-2015,-5.032824350560097,retreating
13,2013-2015,-4.892806758589962,retreating
14,2013-2015,-3.5447358299282006,retreating
15,2013-2015,-7.685947528976001,retreating
16,2013-2015,-2.801961727924605,retreating
17,2013-2015,-4.830033275057988,retreating
18,2013-2015,-5.43224566145522,retreating
19,2013-2015,-5.210079240230053,retreating
20,2013-2015,-4.326548332452736,retreating
21,2013-2015,-3.139660011042866,retreating
22,2013-2015,-3.0710956842274966,retreating
23,2013-2015,-3.3247322037226574,retreating
24,2013-2015,-2.935157224770843,retreating
25,2013-2015,-2.2845691853046293,retreating
26,2013-2015,-3.9833778244769826,retreating
27,2013-2015,-3.4889822291875645,retreating
28,2013-2015,-2.1630714151352297,retreating
29,2013-2015,-3.74666843543992,retreating
30,2013-2015,-3.673408581079871,retreating
31,2013-2015,-3.9856103630123294,retreating
32,2013-2015,-3.529440810786524,retreating
33,2013-2015,-2.826380697636913,retreating
34,2013-2015,-3.157589961529895,retreating
35,2013-2015,-2.6489427912920145,retreating
36,2013-2015,-2.0962710267389086,retreating
37,2013-2015,-3.166769641643533,retreating
38,2013-2015,-1.965182872837737,retreating
39,2013-2015,-2.312190923972263,retreating
40,2013-2015,-2.435843920075128,retreating
41,2013-2015,-0.5828161841599916,retreating
42,2013-2015,-2.635596246931264,retreating
43,2013-2015,-2.78631165744539,retreating
44,2013-2015,-4.522631468994598,retreating
45,2013-2015,-3.8340097411533187,retreating
46,2013-2015,-3.0650631184192707,retreating
47,2013-2015,-2.3001304559971323,retreating
48,2013-2015,-2.9739854225312885,retreating
49,2013-2015,-3.4990786560912532,retreating
50,2013-2015,-3.816896922715485,retreating
51,2013-2015,-4.780036552649529,retreating
52,2013-2015,-5.542178891933953,retreating
53,2013-2015,-3.152455200734492,retreating
54,2013-2015,-4.668537896728564,retreating
55,2013-2015,-3.9132955378997627,retreating
56,2013-2015,-5.0608488409942165,retreating
57,2013-2015,-3.4544693694019575,retreating
58,2013-2015,-4.5602929438509126,retreating
59,2013-2015,-6.237699610136698,retreating
60,2013-2015,-7.110172204613869,retreating
61,2013-2015,-4.478020574641693,retreating
62,2013-2015,-5.160683440513193,retreating
63,2013-2015,-5.8561079539285785,retreating
64,2013-2015,-4.838683921150516,retreating
65,2013-2015,-5.138334099239703,retreating
66,2013-2015,-2.345880782968572,retreating
67,2013-2015,-3.434961093820777,retreating
68,2013-2015,-2.511346994887863,retreating
69,2013-2015,-1.891523208006252,retreating
70,2013-2015,-5.111419006918186,retreating
71,2013-2015,-4.146938708006183,retreating
72,2013-2015,-4.630194064370285,retreating
73,2013-2015,-4.152585510833699,retreating
74,2013-2015,-3.1691353224539136,retreating
75,2013-2015,-2.359815411844403,retreating
76,2013-2015,-2.37308850519259,retreating
77,2013-2015,-5.146346058834116,retreating
78,2013-2015,-5.495982455642263,retreating
79,2013-2015,-4.2941950186890345,retreating
80,2013-2015,-3.922744656006913,retreating
81,2013-2015,-3.400435001653044,retreating
82,2013-2015,-2.883476838398098,retreating
83,2013-2015,-4.292684381016484,retreating
84,2013-2015,-4.602142226772257,retreating
85,2013-2015,-4.4650912808793075,retreating
86,2013-2015,-3.4389766991318185,retreating
87,2013-2015,-1.7718847349552338,retreating
88,2013-2015,-5.115021740599677,retreating
89,2013-2015,-2.0327508437527544,retreating
90,2013-2015,-1.2991806133605015,retreating
91,2013-2015,-1.6279507581193418,retreating
92,2013-2015,-2.732739748313235,retreating
93,2013-2015,-1.0802758025480084,retreating
94,2013-2015,-1.2661199112833903,retreating
95,2013-2015,-2.467253603726104,retreating
96,2013-2015,-2.70109603652617,retreating
97,2013-2015,-0.811030450207231,retreating
98,2013-2015,-2.4833786196249,retreating
99,2013-2015,-3.1790571416314357,retreating
100,2013-2015,-12.3361832323748,retreating
101,2013-2015,4.445306093045197,advancing
103,2013-2015,-0.841133466339322,retreating
104,2013-2015,0.7939724416872731,advancing
105,2013-2015,-2.6746670001790105,retreating
106,2013-2015,-4.643696361662355,retreating
107,2013-2015,0.6629889938005076,advancing
108,2013-2015,0.8082371381787148,advancing
109,2013-2015,1.5361466230176053,advancing
110,2013-2015,2.3896905228379577,advancing
111,2013-2015,1.6700442833405713,advancing
112,2013-2015,1.862744309885397,advancing
113,2013-2015,-0.2942869851269154,stable
114,2013-2015,1.9668086879790683,advancing
115,2013-2015,2.7775332799645893,advancing
116,2013-2015,-0.10319938605297185,stable
117,2013-2015,2.4544205321728736,advancing
118,2013-2015,-0.7251632284068326,retreating
119,2013-2015,-0.9257112217786748,retreating
120,2013-2015,-0.5989342554973212,retreating
121,2013-2015,-3.692374083893201,retreating
122,2013-2015,-2.4500961407787596,retreating
123,2013-2015,-2.591402790480595,retreating
124,2013-2015,-4.139365207497499,retreating
125,2013-2015,-2.2763592892964635,retreating
126,2013-2015,-2.187160547967628,retreating
127,2013-2015,-8.268227493940277,retreating
128,2013-2015,-4.984399922048704,retreating
129,2013-2015,-4.3484517463226,retreating
130,2013-2015,-1.1199783730065807,retreating
131,2013-2015,-4.122344064668594,retreating
132,2013-2015,-1.7853928021177374,retreating
133,2013-2015,-2.1532965447685988,retreating
134,2013-2015,-2.290910201865709,retreating
135,2013-2015,-4.858006390358828,retreating
136,2013-2015,-2.8997081530774085,retreating
137,2013-2015,-1.968132500995555,retreating
138,2013-2015,-0.8464527016758348,retreating
139,2013-2015,-3.9384871163025137,retreating
140,2013-2015,-4.409836915514429,retreating
141,2013-2015,-7.8214992713482525,retreating
142,2013-2015,-9.250232463645844,retreating
143,2013-2015,-2.49979022808638,retreating
144,2013-2015,-1.0270187582947872,retreating
145,2013-2015,-11.72776220185973,retreating
146,2013-2015,-3.773229056062803,retreating
147,2013-2015,-7.535155811690518,retreating
148,2013-2015,-7.380763831375276,retreating
149,2013-2015,-5.02906427305178,retreating
150,2013-2015,-7.487202799461524,retreating
151,2013-2015,-4.474333044904048,retreating
152,2013-2015,-2.300804864837959,retreating
153,2013-2015,-4.494296124039259,retreating
154,2013-2015,-3.1681562766679314,retreating
155,2013-2015,-4.412364835911831,retreating
156,2013-2015,-6.446250986708402,retreating
157,2013-2015,-3.2829060501022997,retreating
158,2013-2015,-3.6575742380457643,retreating
159,2013-2015,-1.0497396880192205,retreating
160,2013-2015,0.22268103284475302,stable
161,2013-2015,-1.74294010827969,retreating
162,2013-2015,-3.1208333562111332,retreating
163,2013-2015,-2.7069996721538603,retreating
164,2013-2015,-3.912254371332289,retreating
165,2013-2015,-10.436374881823259,retreating
166,2013-2015,-3.1609532271451632,retreating
167,2013-2015,-1.629539925284755,retreating
168,2013-2015,-3.9994058152109764,retreating
169,2013-2015,-2.1777598465817842,retreating
170,2013-2015,-1.6634601522226582,retreating
171,2013-2015,-1.230302440938621,retreating
172,2013-2015,-0.9254262850687887,retreating
173,2013-2015,-0.17935854812822105,stable
174,2013-2015,1.426810309299742,advancing
175,2013-2015,-0.6417184173637415,retreating
176,2013-2015,-0.4923906990858725,stable
177,2013-2015,-0.2570188076872123,stable
178,2013-2015,-3.188265268040123,retreating
179,2013-2015,1.3406970428083138,advancing
180,2013-2015,1.3878413456826222,advancing
181,2013-2015,1.0975847027589205,advancing
182,2013-2015,2.073922486986069,advancing
183,2013-2015,1.824947700917693,advancing
184,2013-2015,1.707456812653797,advancing
185,2013-2015,1.9517843404649595,advancing
186,2013-2015,1.3944238066852452,advancing
187,2013-2015,0.921259791393823,advancing
188,2013-2015,-0.07868804559643727,stable
189,2013-2015,-0.6283079476422931,retreating
190,2013-2015,-0.23277502562125818,stable
191,2013-2015,-0.903663760880297,retreating
192,2013-2015,-0.7104551004344628,retreating
193,2013-2015,-0.016234802523455036,stable
194,2013-2015,-1.4270598952192601,retreating
195,2013-2015,0.03180438851596226,stable
196,2013-2015,2.311712842259187,advancing
197,2013-2015,0.497664141442014,stable
198,2013-2015,-0.026106354777245856,stable
199,2013-2015,2.0140446748710072,advancing
200,2013-2015,-1.8931814864035352,retreating
201,2013-2015,-1.3902529640081798,retreating
202,2013-2015,-3.6503116952359465,retreating
203,2013-2015,-1.3774356359900777,retreating
204,2013-2015,-0.651014903737219,retreating
205,2013-2015,-1.5241718773857371,retreating
206,2013-2015,-3.1770949582280275,retreating
207,2013-2015,-2.312718407545728,retreating
208,2013-2015,-1.3173909650200137,retreating
209,2013-2015,-3.3027933692938674,retreating
210,2013-2015,-0.9382234088138985,retreating
211,2013-2015,-0.7215324490587067,retreating
212,2013-2015,11.801666313501899,advancing
213,2013-2015,-3.0816011867960933,retreating
214,2013-2015,-2.617222194879407,retreating
215,2013-2015,-3.305738440454662,retreating
216,2013-2015,-1.616831425447797,retreating
217,2013-2015,-1.9960860149518391,retreating
218,2013-2015,8.912229872244055,advancing
219,2013-2015,-2.699600161016324,retreating
220,2013-2015,-2.940328002949804,retreating
221,2013-2015,-2.2976462509940747,retreating
222,2013-2015,-1.39369902047311,retreating
223,2013-2015,-0.7532706203046122,retreating
224,2013-2015,-2.6449827242875195,retreating
225,2013-2015,-1.383448346567315,retreating
226,2013-2015,-7.9162098933165,retreating
227,2013-2015,-6.175711301679081,retreating
228,2013-2015,-0.2903168941701683,stable
229,2013-2015,-7.12006043504723,retreating
230,2013-2015,-2.9166697663630234,retreating
231,2013-2015,-3.030003592846145,retreating
232,2013-2015,0.331830755464694,stable
233,2013-2015,1.9405014480163705,advancing
234,2013-2015,-2.6627683907596973,retreating
235,2013-2015,-2.5552538064758483,retreating
236,2013-2015,-1.5910224589538853,retreating
237,2013-2015,-1.8212225516849956,retreating
238,2013-2015,4.216541702057593,advancing
239,2013-2015,6.776196084062689,advancing
240,2013-2015,-2.3092023016726486,retreating
241,2013-2015,-1.7540555213972178,retreating
242,2013-2015,-0.7510949849449268,retreating
243,2013-2015,-2.2231217575914743,retreating
244,2013-2015,-1.2353003019512498,retreating
245,2013-2015,-1.0872496575375987,retreating
246,2013-2015,-1.8284404658773883,retreating
247,2013-2015,-1.7833628549026055,retreating
248,2013-2015,-2.382099425645946,retreating
249,2013-2015,-3.920355967497623,retreating
250,2013-2015,-6.802770099796264,retreating
251,2013-2015,-10.62979089790553,retreating
252,2013-2015,-6.659624619534198,retreating
253,2013-2015,-3.659461683724402,retreating
254,2013-2015,-5.494013834695476,retreating
255,2013-2015,-3.813530384901142,retreating
256,2013-2015,-3.682437890727159,retreating
257,2013-2015,-5.18871247370844,retreating
258,2013-2015,-4.750373287985937,retreating
259,2013-2015,-1.3973374668864904,retreating
260,2013-2015,-4.876367024221063,retreating
261,2013-2015,-3.8831807410877,retreating
262,2013-2015,-4.2643394997517,retreating
263,2013-2015,-9.420798556376255,retreating
264,2013-2015,-7.610351233135174,retreating
265,2013-2015,-5.044125143333556,retreating
266,2013-2015,-3.628773718616261,retreating
267,2013-2015,-2.966377357828179,retreating
268,2013-2015,-2.3088589041800027,retreating
269,2013-2015,-3.1142450126624297,retreating
270,2013-2015,-2.3488551108108116,retreating
271,2013-2015,-3.798390782083633,retreating
272,2013-2015,-4.313784619334493,retreating
273,2013-2015,-3.4798537838062447,retreating
274,2013-2015,-4.551558484454909,retreating
275,2013-2015,-4.894448441655024,retreating
276,2013-2015,-4.405001174519256,retreating
277,2013-2015,-7.3545911455306,retreating
278,2013-2015,-4.478484245634986,retreating
279,2013-2015,-2.070645219190584,retreating
280,2013-2015,-5.855358678601801,retreating
281,2013-2015,-4.25834610358511,retreating
282,2013-2015,-5.1086385512507535,retreating
283,2013-2015,-6.758926099828884,retreating
284,2013-2015,-4.207342276996631,retreating
285,2013-2015,-2.79971959960539,retreating
286,2013-2015,-4.040492889114247,retreating
287,2013-2015,-3.2606487218527134,retreating
288,2013-2015,-3.630054265038395,retreating
289,2013-2015,-3.9932948740297265,retreating
290,2013-2015,-5.381995479357585,retreating
291,2013-2015,-4.5623214454360905,retreating
292,2013-2015,-3.994064290026749,retreating
293,2013-2015,-4.948267492680023,retreating
294,2013-2015,-4.733193221539512,retreating
295,2013-2015,-6.673648395130954,retreating
296,2013-2015,-8.209834022946797,retreating
297,2013-2015,-7.302835468321132,retreating
298,2013-2015,-6.630601912481739,retreating
299,2013-2015,-7.457631814042152,retreating
300,2013-2015,-5.353362840846863,retreating
301,2013-2015,-3.8255020847912764,retreating
302,2013-2015,-5.293295696008461,retreating
303,2013-2015,-4.099000858074048,retreating
304,2013-2015,-4.675177411902213,retreating
305,2013-2015,-3.467042251342994,retreating
306,2013-2015,-1.2794264746580093,retreating
307,2013-2015,-1.3325500674592523,retreating
308,2013-2015,-1.4733973742011708,retreating
309,2013-2015,3.0427074348647127,advancing
310,2013-2015,1.316884501470474,advancing
311,2013-2015,2.6284180130785324,advancing
312,2013-2015,2.290784115482245,advancing
313,2013-2015,3.8992420236823286,advancing
314,2013-2015,2.7489127739336747,advancing
315,2013-2015,4.982472415741434,advancing
316,2013-2015,5.107871314639695,advancing
317,2013-2015,2.4432699286711195,advancing
318,2013-2015,1.8143612731879482,advancing
319,2013-2015,2.737295590851385,advancing
320,2013-2015,1.1993122003857815,advancing
321,2013-2015,2.892055159406256,advancing
322,2013-2015,1.349916597133145,advancing
323,2013-2015,3.167401066143214,advancing
324,2013-2015,3.974530199902818,advancing
325,2013-2015,4.18459816767425,advancing
326,2013-2015,13.374662350410418,advancing
327,2013-2015,6.320573247205833,advancing
328,2013-2015,7.4262598964985385,advancing
329,2013-2015,2.9135112858355074,advancing
330,2013-2015,3.0300740891406766,advancing
331,2013-2015,3.5144333472062224,advancing
332,2013-2015,8.540992319210183,advancing
334,2013-2015,14.956341980784536,advancing
336,2013-2015,8.737055297707101,advancing
337,2013-2015,10.5578203520707,advancing
338,2013-2015,3.6013331229214716,advancing
339,2013-2015,2.0960682093369845,advancing
340,2013-2015,3.731111396121272,advancing
341,2013-2015,1.4096966808461422,advancing
342,2013-2015,3.6309299609363825,advancing
343,2013-2015,4.962863100603391,advancing
344,2013-2015,1.598327049200427,advancing
345,2013-2015,2.2263593518128824,advancing
346,2013-2015,8.560844262668303,advancing
347,2013-2015,2.872553298497386,advancing
348,2013-2015,3.961382807697796,advancing
349,2013-2015,4.197959862551411,advancing
350,2013-2015,0.6806702354171084,advancing
351,2013-2015,2.5768165119353705,advancing
352,2013-2015,5.911570244929928,advancing
353,2013-2015,4.5054582912674475,advancing
354,2013-2015,4.807163435259837,advancing
355,2013-2015,4.093600272327193,advancing
356,2013-2015,13.257870067286328,advancing
357,2013-2015,3.9462252934150692,advancing
358,2013-2015,3.8356912312913853,advancing
359,2013-2015,4.679614401115336,advancing
363,2013-2015,10.696120590497197,advancing
364,2013-2015,2.329375216693885,advancing
365,2013-2015,4.930210585737016,advancing
366,2013-2015,3.426241366085014,advancing
367,2013-2015,4.798936380421332,advancing
370,2013-2015,4.413238276257787,advancing
371,2013-2015,3.9247973084417707,advancing
372,2013-2015,3.6429815604435247,advancing
373,2013-2015,1.7016075335449887,advancing
374,2013-2015,3.395366579315644,advancing
375,2013-2015,1.9739493348903747,advancing
376,2013-2015,1.615934464090914,advancing
377,2013-2015,3.7300914944963774,advancing
378,2013-2015,3.181369062887089,advancing
379,2013-2015,-4.154423900947581,retreating
380,2013-2015,-0.05700410494411604,stable
381,2013-2015,-0.639889658392996,retreating
382,2013-2015,-0.49545648304633555,stable
383,2013-2015,2.292699927468944,advancing
384,2013-2015,6.210379470182453,advancing
385,2013-2015,2.4961613790608395,advancing
386,2013-2015,11.363893654298003,advancing
388,2013-2015,13.521950719811999,advancing
389,2013-2015,6.391886873238816,advancing
390,2013-2015,4.650893373255778,advancing
391,2013-2015,3.004065654099021,advancing
392,2013-2015,1.7569659629072145,advancing
393,2013-2015,2.31648654340721,advancing
394,2013-2015,4.045030391191093,advancing
395,2013-2015,1.354007886598756,advancing
396,2013-2015,1.340352325333101,advancing
397,2013-2015,1.497024277374918,advancing
398,2013-2015,7.069801434100062,advancing
399,2013-2015,8.345479904747668,advancing
400,2013-2015,5.602966005844177,advancing
401,2013-2015,-0.5905302627204044,retreating
402,2013-2015,2.0505520197030824,advancing
403,2013-2015,4.47376658274846,advancing
404,2013-2015,6.070672931231488,advancing
405,2013-2015,14.828357901998197,advancing
406,2013-2015,7.016898320773194,advancing
407,2013-2015,5.409219116924303,advancing
408,2013-2015,1.5877774239577989,advancing
409,2013-2015,5.21220122339184,advancing
410,2013-2015,3.51619502411062,advancing
411,2013-2015,3.6279516875893414,advancing
412,2013-2015,1.5572042010092442,advancing
413,2013-2015,2.4985007110344073,advancing
414,2013-2015,6.057176534347435,advancing
415,2013-2015,6.800862727626828,advancing
416,2013-2015,2.8621805044531383,advancing
417,2013-2015,8.055306516670605,advancing
418,2013-2015,6.521842637721344,advancing
419,2013-2015,4.690885200758704,advancing
420,2013-2015,4.602410313427083,advancing
421,2013-2015,3.1754448108339925,advancing
422,2013-2015,0.6047831305396607,advancing
423,2013-2015,-0.7888921240396791,retreating
424,2013-2015,-1.195815498921966,retreating
425,2013-2015,-2.4269525601944357,retreating
426,2013-2015,-0.10512139724119215,stable
427,2013-2015,5.755253791819141,advancing
428,2013-2015,-2.091515052885359,retreating
429,2013-2015,-1.7012205531435838,retreating
430,2013-2015,-4.949400936258021,retreating
431,2013-2015,0.581506632077915,advancing
432,2013-2015,1.3562529143469186,advancing
433,2013-2015,3.622430956889961,advancing
434,2013-2015,3.177119146321252,advancing
435,2013-2015,4.62988677434588,advancing
437,2013-2015,12.468838604796542,advancing
438,2013-2015,4.561278896629711,advancing
440,2013-2015,8.236618900218753,advancing
441,2013-2015,11.70741076262412,advancing
442,2013-2015,-0.7225115846941113,retreating
443,2013-2015,-2.5332487617728603,retreating
444,2013-2015,-4.2108808523942995,retreating
445,2013-2015,1.491935868139789,advancing
446,2013-2015,4.182618129787443,advancing
447,2013-2015,0.9992563937177689,advancing
448,2013-2015,4.010450166471369,advancing
449,2013-2015,-0.3504907503468609,stable
450,2013-2015,-1.2379117769095944,retreating
451,2013-2015,-3.758502121473455,retreating
452,2013-2015,3.3752902427671443,advancing
453,2013-2015,-0.43791469512106546,stable
454,2013-2015,-2.259039236315091,retreating
455,2013-2015,0.44396781639493393,stable
456,2013-2015,0.43756794459557996,stable
457,2013-2015,3.969624736509531,advancing
458,2013-2015,-2.7240550499012275,retreating
459,2013-2015,-1.957980407456488,retreating
460,2013-2015,3.0215658405432384,advancing
461,2013-2015,-2.448358252209494,retreating
462,2013-2015,-1.1698805812937254,retreating
463,2013-2015,-1.4868039668766482,retreating
464,2013-2015,-0.7627688742909222,retreating
465,2013-2015,6.1792687961275785,advancing
466,2013-2015,1.390552093878076,advancing
467,2013-2015,2.5369078286798614,advancing
468,2013-2015,-0.5167819844425353,retreating
469,2013-2015,4.910996532434515,advancing
470,2013-2015,-0.1968497230177382,stable
471,2013-2015,-1.997855951678974,retreating
472,2013-2015,10.709278939761566,advancing
473,2013-2015,-0.2751378136546754,stable
474,2013-2015,-2.3983076400622303,retreating
475,2013-2015,-5.9925935651182325,retreating
477,2013-2015,3.2286440235609253,advancing
478,2013-2015,6.41098603865012,advancing
479,2013-2015,2.012059420439755,advancing
480,2013-2015,4.796979024760776,advancing
481,2013-2015,-1.4070168885780174,retreating
482,2013-2015,1.213346525778287,advancing
483,2013-2015,7.820950116725469,advancing
484,2013-2015,4.1337133891721844,advancing
485,2013-2015,3.8867868283551545,advancing
486,2013-2015,1.7913016411373233,advancing
487,2013-2015,0.9690769000180306,advancing
489,2013-2015,5.8463009241789665,advancing
490,2013-2015,-0.1084040775870217,stable
491,2013-2015,-4.771141303443885,retreating
492,2013-2015,-4.433206180958963,retreating
493,2013-2015,0.6233896290945218,advancing
494,2013-2015,-0.27000103334291886,stable
495,2013-2015,0.26420564579288797,stable
496,2013-2015,5.357054802026052,advancing
497,2013-2015,-0.02295222708864092,stable
498,2013-2015,-1.114688676133289,retreating
499,2013-2015,-1.2115499214849268,retreating
500,2013-2015,-1.1714344079786665,retreating
501,2013-2015,-5.213846850561193,retreating
502,2013-2015,-1.616016090624016,retreating
503,2013-2015,0.3944850493668909,stable
504,2013-2015,-2.8173825194079734,retreating
505,2013-2015,-9.103079112814111,retreating
506,2013-2015,-4.244425683158566,retreating
507,2013-2015,-3.5981941450842383,retreating
508,2013-2015,-2.4669208882573224,retreating
509,2013-2015,-1.4424995010578787,retreating
510,2013-2015,-2.523208781731818,retreating
511,2013-2015,-5.567510139115994,retreating
512,2013-2015,-5.082277868674343,retreating
513,2013-2015,0.9309966216382861,advancing
514,2013-2015,2.0638020672874573,advancing
618,2013-2015,-1.6493562477183212,retreating
619,2013-2015,-1.9800763950378797,retreating
620,2013-2015,-2.6910787738863786,retreating
621,2013-2015,-2.2021977432095374,retreating
622,2013-2015,-4.504972178647478,retreating
623,2013-2015,-3.018744118220044,retreating
624,2013-2015,-4.38533242541291,retreating
625,2013-2015,-2.499902389653352,retreating
626,2013-2015,-3.9566117620619283,retreating
627,2013-2015,-1.9353592622573061,retreating
628,2013-2015,-1.7721322306997203,retreating
629,2013-2015,-2.6930045046368303,retreating
630,2013-2015,-2.8285597001778195,retreating
631,2013-2015,-1.1777920927460326,retreating
632,2013-2015,-2.9746174473789484,retreating
633,2013-2015,-1.2291077458831818,retreating
634,2013-2015,-1.0260069847968272,retreating
635,2013-2015,-2.1804879088634506,retreating
636,2013-2015,-2.3959254518247532,retreating
637,2013-2015,-3.193002247420667,retreating
638,2013-2015,-4.502750679509089,retreating
639,2013-2015,-2.021367098964622,retreating
640,2013-2015,-3.549655401971707,retreating
641,2013-2015,-1.8431858997249382,retreating
642,2013-2015,-2.4731818630755225,retreating
643,2013-2015,0.17137224980053908,stable
644,2013-2015,-0.5639581994008047,retreating
645,2013-2015,-1.751721695556529,retreating
646,2013-2015,-4.171146718678058,retreating
647,2013-2015,-3.6571068319679405,retreating
648,2013-2015,-5.912441449824884,retreating
649,2013-2015,-4.841402792241547,retreating
650,2013-2015,-5.363475465932547,retreating
651,2013-2015,-3.047084986905956,retreating
652,2013-2015,-2.1082138045075003,retreating
653,2013-2015,-0.8194225322334912,retreating
654,2013-2015,-0.3408904216197346,stable
655,2013-2015,-3.7699306534735544,retreating
656,2013-2015,-2.136829796916584,retreating
657,2013-2015,-0.6340868335838381,retreating
658,2013-2015,-1.1685010432002905,retreating
659,2013-2015,0.8065516996171713,advancing
660,2013-2015,-0.1714503605194432,stable
661,2013-2015,0.700539092499853,advancing
662,2013-2015,-1.732266321173167,retreating
663,2013-2015,-0.2414754090798207,stable
664,2013-2015,-4.772739317909641,retreating
665,2013-2015,-3.620894897694449,retreating
666,2013-2015,-2.63814065148157,retreating
667,2013-2015,-4.690361346744904,retreating
668,2013-2015,-6.643931233384961,retreating
669,2013-2015,-5.710849716578702,retreating
670,2013-2015,-0.7892262954036501,retreating
671,2013-2015,-1.3496632000073678,retreating
673,2013-2015,0.3227324124464536,stable
674,2013-2015,-16.910075105520544,retreating
675,2013-2015,-3.0190302560512032,retreating
676,2013-2015,-9.96988705380711,retreating
677,2013-2015,-2.043350411599765,retreating
678,2013-2015,-7.144143893158635,retreating
679,2013-2015,-12.670789517186048,retreating
680,2013-2015,-5.2889376824250105,retreating
681,2013-2015,-1.9086409548830248,retreating
682,2013-2015,-3.2032251396064755,retreating
683,2013-2015,-0.9968147167439623,retreating
684,2013-2015,-0.0879164153963871,stable
685,2013-2015,-5.54443557243755,retreating
686,2013-2015,-2.0893568739018367,retreating
687,2013-2015,-1.1075606435850647,retreating
688,2013-2015,0.7827652167874934,advancing
689,2013-2015,-2.2947166701799833,retreating
690,2013-2015,-0.19836505100857144,stable
691,2013-2015,0.41960698779562633,stable
692,2013-2015,-1.9126287788446272,retreating
693,2013-2015,2.788001180042197,advancing
694,2013-2015,1.5881814944654142,advancing
695,2013-2015,0.637269360195072,advancing
696,2013-2015,-1.6181702215898595,retreating
697,2013-2015,-1.3844785363411272,retreating
698,2013-2015,0.052824147413031305,stable
699,2013-2015,0.15227490439553104,stable
700,2013-2015,-1.3918009954928876,retreating
701,2013-2015,-4.074160029912578,retreating
702,2013-2015,-4.286186869520294,retreating
703,2013-2015,-3.5123249326239545,retreating
704,2013-2015,-1.1522206811739204,retreating
705,2013-2015,-1.243901863355833,retreating
706,2013-2015,-2.748529596457153,retreating
707,2013-2015,-3.535629576128805,retreating
708,2013-2015,-5.439348480261835,retreating
709,2013-2015,-5.180086503861819,retreating
710,2013-2015,-7.264767870354549,retreating
711,2013-2015,-6.237314219481038,retreating
712,2013-2015,-4.796133808401397,retreating
713,2013-2015,-2.976852201794911,retreating
714,2013-2015,-9.310208401261386,retreating
715,2013-2015,-8.192137419358438,retreating
716,2013-2015,-4.305797888494949,retreating
717,2013-2015,-2.286979441918395,retreating
718,2013-2015,-3.814990589124103,retreating
719,2013-2015,-2.239481773790523,retreating
720,2013-2015,-0.21014215321824325,stable
721,2013-2015,1.4604865939749825,advancing
722,2013-2015,-0.3264652318346262,stable
723,2013-2015,-0.2664148293319923,stable
724,2013-2015,0.2574336166096161,stable
725,2013-2015,-1.8382175543977246,retreating
726,2013-2015,1.4797894927821456,advancing
727,2013-2015,-0.16786746452426934,stable
728,2013-2015,-0.7214410306556035,retreating
729,2013-2015,-0.9015519020860491,retreating
730,2013-2015,-2.160753236151663,retreating
731,2013-2015,-2.6257819370228415,retreating
732,2013-2015,-8.73463064665015,retreating
733,2013-2015,-8.522889896729355,retreating
734,2013-2015,-7.755721079573613,retreating
735,2013-2015,-9.214336923180035,retreating
736,2013-2015,-10.417875792605908,retreating
737,2013-2015,-9.36207461154737,retreating
738,2013-2015,-13.021412326787761,retreating
739,2013-2015,-14.252654002126938,retreating
740,2013-2015,-16.060488199834786,retreating
741,2013-2015,-17.047815697253412,retreating
742,2013-2015,-13.041104713197178,retreating
744,2013-2015,-17.00697486495525,retreating
745,2013-2015,-13.038395358933318,retreating
746,2013-2015,-13.081019003182755,retreating
747,2013-2015,-11.4847513923336,retreating
748,2013-2015,-13.35681696827811,retreating
749,2013-2015,-17.039809231587974,retreating
750,2013-2015,-12.945711894037387,retreating
751,2013-2015,-5.803316607059703,retreating
752,2013-2015,-5.441086096904821,retreating
753,2013-2015,-4.884174398921516,retreating
754,2013-2015,-4.572939610470762,retreating
755,2013-2015,-4.101204103958912,retreating
756,2013-2015,-0.513869156209544,retreating
757,2013-2015,-0.8736854781928687,retreating
758,2013-2015,-4.7682999836544315,retreating
759,2013-2015,-2.0399203745624344,retreating
760,2013-2015,-2.695538547943907,retreating
761,2013-2015,-1.7082781691768778,retreating
762,2013-2015,-2.669376769693235,retreating
763,2013-2015,-4.189138706144802,retreating
764,2013-2015,0.6252071688388261,advancing
765,2013-2015,1.397497340228095,advancing
766,2013-2015,1.5956228881219512,advancing
768,2013-2015,-13.18732785123074,retreating
769,2013-2015,-11.969907516606614,retreating
770,2013-2015,-15.431366177708373,retreating
771,2013-2015,-16.078234547331714,retreating
772,2013-2015,-9.868167539937554,retreating
773,2013-2015,5.784135243983542,advancing
774,2013-2015,5.28584412175552,advancing
775,2013-2015,3.5816061199334333,advancing
776,2013-2015,-4.743751878760521,retreating
777,2013-2015,-2.742013480481521,retreating
778,2013-2015,-15.473706995374693,retreating
779,2013-2015,-9.934997618831892,retreating
780,2013-2015,-0.8948166856156352,retreating
781,2013-2015,-6.929445959450642,retreating
782,2013-2015,-0.972119819082425,retreating
783,2013-2015,1.4397330972729525,advancing
784,2013-2015,-16.853089040331167,retreating
785,2013-2015,-16.32516410052483,retreating
790,2013-2015,-14.12967610586611,retreating
791,2013-2015,-3.022042408220637,retreating
792,2013-2015,-6.466091682657337,retreating
793,2013-2015,14.771969497469867,advancing
794,2013-2015,-6.133725915108866,retreating
795,2013-2015,-12.093486952224604,retreating
796,2013-2015,1.754363659663521,advancing
797,2013-2015,-4.851595691464826,retreating
798,2013-2015,-16.3458204161216,retreating
799,2013-2015,-3.8407755765500005,retreating
800,2013-2015,-7.892017182452653,retreating
802,2013-2015,0.6920148675772081,advancing
803,2013-2015,-2.243377968350929,retreating
804,2013-2015,-6.905528148554769,retreating
805,2013-2015,-3.0175650432676857,retreating
806,2013-2015,-9.906271079171539,retreating
807,2013-2015,0.7016573848339493,advancing
808,2013-2015,-1.2486993380347329,retreating
809,2013-2015,-1.5525898722148022,retreating
810,2013-2015,1.0141564201368318,advancing
811,2013-2015,6.411164634233591,advancing
812,2013-2015,3.8401194044699745,advancing
813,2013-2015,-2.802418122649711,retreating
815,2013-2015,-7.611327658457297,retreating
816,2013-2015,-4.563421388149532,retreating
817,2013-2015,5.57858424787772,advancing
818,2013-2015,0.8143800424882581,advancing
819,2013-2015,0.2617052067939444,stable
820,2013-2015,-8.518850808325364,retreating
821,2013-2015,-4.620498105090366,retreating
822,2013-2015,-0.4748803469532824,stable
823,2013-2015,-0.014278405332510603,stable
824,2013-2015,-0.9798890931569599,retreating
825,2013-2015,-3.484938619495523,retreating
826,2013-2015,-12.534641737486899,retreating
827,2013-2015,-2.7505400705310383,retreating
828,2013-2015,-6.277841467351871,retreating
829,2013-2015,-9.773356551068732,retreating
830,2013-2015,-8.228404461900816,retreating
831,2013-2015,-12.990873880463408,retreating
832,2013-2015,-2.436212410336399,retreating
833,2013-2015,-1.6091060453766213,retreating
834,2013-2015,-4.081282530323984,retreating
835,2013-2015,-5.33616000638847,retreating
836,2013-2015,-6.311063791562362,retreating
837,2013-2015,-13.43658797167923,retreating
838,2013-2015,-3.1111800362806856,retreating
839,2013-2015,-3.0880059054692577,retreating
840,2013-2015,-2.0909075239276165,retreating
841,2013-2015,1.446054731409018,advancing
842,2013-2015,0.5705904145802813,advancing
843,2013-2015,1.4356421219700304,advancing
844,2013-2015,1.9662411519991074,advancing
845,2013-2015,2.969965149836055,advancing
846,2013-2015,4.664156152655056,advancing
847,2013-2015,-2.49434416736193,retreating
848,2013-2015,4.9722572193536525,advancing
849,2013-2015,2.2443254581679533,advancing
850,2013-2015,0.2510594026082874,stable
851,2013-2015,0.17766012814606832,stable
852,2013-2015,0.34708898806680166,stable
853,2013-2015,0.1323168795133803,stable
854,2013-2015,-0.2995593073001157,stable
855,2013-2015,0.3666545929182481,stable
856,2013-2015,0.9853492887854458,advancing
857,2013-2015,1.4233572298507122,advancing
858,2013-2015,1.5924783297281189,advancing
859,2013-2015,9.924852423465534,advancing
860,2013-2015,6.2257829836699505,advancing
861,2013-2015,6.611989905604349,advancing
862,2013-2015,8.709589992365391,advancing
863,2013-2015,7.533762952739,advancing
864,2013-2015,1.1740191197003462,advancing
865,2013-2015,3.624597953357839,advancing
866,2013-2015,1.43653250573441,advancing
867,2013-2015,1.300146500359204,advancing
868,2013-2015,0.42331168742553316,stable
869,2013-2015,1.5260735207838863,advancing
870,2013-2015,-0.7453090282229231,retreating
871,2013-2015,0.6868431907582031,advancing
872,2013-2015,-1.6386423412056823,retreating
873,2013-2015,-2.7527190006405036,retreating
874,2013-2015,-2.035687268418644,retreating
875,2013-2015,-0.262575961682847,stable
876,2013-2015,-0.8479720378413459,retreating
877,2013-2015,0.10034237857072596,stable
878,2013-2015,-0.8091432739277185,retreating
879,2013-2015,2.143594214991498,advancing
880,2013-2015,7.225930661039296,advancing
881,2013-2015,4.6781226465575685,advancing
882,2013-2015,0.0710876786434992,stable
883,2013-2015,-0.6688773859026155,retreating
884,2013-2015,0.9004309072597853,advancing
885,2013-2015,3.259576855479171,advancing
886,2013-2015,2.2155450540926163,advancing
887,2013-2015,1.627962259597118,advancing
888,2013-2015,-1.0069728189681593,retreating
889,2013-2015,-0.37570465855747215,stable
890,2013-2015,1.6617723892201302,advancing
891,2013-2015,-0.37274763059649124,stable
892,2013-2015,1.2543393091360682,advancing
893,2013-2015,1.8815601560724204,advancing
894,2013-2015,4.985672218344947,advancing
895,2013-2015,6.907523331801976,advancing
896,2013-2015,8.290042667690157,advancing
897,2013-2015,11.638888688609875,advancing
898,2013-2015,11.042083127060693,advancing
899,2013-2015,7.3778420850390365,advancing
901,2013-2015,4.204872506062257,advancing
902,2013-2015,5.814284015781335,advancing
903,2013-2015,13.533970968615133,advancing
904,2013-2015,1.442523541223552,advancing
905,2013-2015,1.3152162859337169,advancing
906,2013-2015,1.1785108295194062,advancing
907,2013-2015,-0.7740604145470389,retreating
908,2013-2015,-0.8453526792322577,retreating
909,2013-2015,0.7894080722455283,advancing
910,2013-2015,0.5360679717420327,advancing
911,2013-2015,0.5206148291084206,advancing
912,2013-2015,0.14274492312630596,stable
913,2013-2015,0.31337164564309966,stable
914,2013-2015,1.821028860258913,advancing
915,2013-2015,2.704100888633173,advancing
916,2013-2015,2.962701864283623,advancing
917,2013-2015,1.3867786118051793,advancing
918,2013-2015,2.9471966704904604,advancing
919,2013-2015,4.378290647704823,advancing
920,2013-2015,3.49614135674019,advancing
921,2013-2015,1.394531399064487,advancing
922,2013-2015,0.06946786226696933,stable
923,2013-2015,1.126231204690495,advancing
924,2013-2015,4.617955691954558,advancing
925,2013-2015,9.64435960430132,advancing
926,2013-2015,-0.766042660374919,retreating
927,2013-2015,0.22246447390680568,stable
928,2013-2015,4.101825957240708,advancing
929,2013-2015,0.46999211924650774,stable
930,2013-2015,1.354183174208728,advancing
931,2013-2015,3.9576362196064605,advancing
932,2013-2015,0.5970546977498271,advancing
933,2013-2015,0.35943693392574466,stable
934,2013-2015,0.8750089659353643,advancing
935,2013-2015,0.31441426169241793,stable
936,2013-2015,1.2903997142886012,advancing
937,2013-2015,-0.9693928682450537,retreating
938,2013-2015,-0.7919818797651375,retreating
939,2013-2015,-1.1892254529371298,retreating
940,2013-2015,-1.3354955219555145,retreating
941,2013-2015,-0.9514567868305552,retreating
942,2013-2015,-1.0268952160123002,retreating
943,2013-2015,-0.09761720506767502,stable
944,2013-2015,1.3804813121151154,advancing
945,2013-2015,0.09839049120367883,stable
946,2013-2015,1.2917558951199997,advancing
947,2013-2015,1.5794521954976992,advancing
948,2013-2015,1.5820582097035576,advancing
949,2013-2015,2.300458517006807,advancing
950,2013-2015,5.13819873678881,advancing
951,2013-2015,2.4754259072160494,advancing
952,2013-2015,2.709900460875329,advancing
953,2013-2015,0.36242498918787175,stable
954,2013-2015,1.3091566912493995,advancing
955,2013-2015,1.1479139711608632,advancing
956,2013-2015,1.8541805452158455,advancing
957,2013-2015,2.426880113742856,advancing
958,2013-2015,11.982149122839369,advancing
959,2013-2015,1.0057041244629366,advancing
960,2013-2015,11.66411868302707,advancing
961,2013-2015,1.2717170780536646,advancing
0,2013-2025,-1.381816514488948,retreating
1,2013-2025,-0.9039935790772294,retreating
2,2013-2025,-1.3429049625186544,retreating
3,2013-2025,-0.7175282029344555,retreating
4,2013-2025,-1.0994663606694643,retreating
5,2013-2025,-0.8709695564287745,retreating
6,2013-2025,-0.9024783696728664,retreating
7,2013-2025,-0.9633119174844197,retreating
8,2013-2025,-0.8615471248060138,retreating
9,2013-2025,-0.2199128495694672,stable
10,2013-2025,-0.33601711727146644,stable
11,2013-2025,-0.8564849230128955,retreating
12,2013-2025,-0.5595465345070565,retreating
13,2013-2025,-0.8461835209685857,retreating
14,2013-2025,-1.1836635903707573,retreating
15,2013-2025,-1.4895171744667175,retreating
16,2013-2025,-2.6050147313351353,retreating
17,2013-2025,-1.7637944204671991,retreating
18,2013-2025,-0.7730117288341116,retreating
19,2013-2025,-0.4441928183174674,stable
20,2013-2025,-0.9677474848029053,retreating
21,2013-2025,-1.2458182114084075,retreating
22,2013-2025,-1.0591412187340636,retreating
23,2013-2025,-0.5039776097621338,retreating
24,2013-2025,-0.7889409077217838,retreating
25,2013-2025,-0.5208808217849585,retreating
26,2013-2025,-0.9160042489450673,retreating
27,2013-2025,-1.2241049770865298,retreating
28,2013-2025,-1.26493270112032,retreating
29,2013-2025,-0.9964072126516439,retreating
30,2013-2025,-1.2703206720472,retreating
31,2013-2025,-1.5095520515221619,retreating
32,2013-2025,-1.2916456035657298,retreating
33,2013-2025,-1.7545300608764327,retreating
34,2013-2025,-1.09493141640184,retreating
35,2013-2025,-0.4834528651370683,stable
36,2013-2025,-0.7229428270630527,retreating
37,2013-2025,-0.7440587323430604,retreating
38,2013-2025,-1.0442169769911738,retreating
39,2013-2025,-0.8627061199854604,retreating
40,2013-2025,-1.016487994916551,retreating
41,2013-2025,-1.087529093042695,retreating
42,2013-2025,-0.6681686933436213,retreating
43,2013-2025,-0.6550486531960956,retreating
44,2013-2025,-0.7892684189919938,retreating
45,2013-2025,-1.2120286553034147,retreating
46,2013-2025,-1.3480635969948125,retreating
47,2013-2025,-0.9922092955663673,retreating
48,2013-2025,-1.4544148688469092,retreating
49,2013-2025,-1.5097289327046357,retreating
50,2013-2025,-1.6600724571713987,retreating
51,2013-2025,-1.3771664390348062,retreating
52,2013-2025,-0.9412103373947918,retreating
53,2013-2025,-1.3394009760706809,retreating
54,2013-2025,-2.003436327153585,retreating
55,2013-2025,-2.0841598907644903,retreating
56,2013-2025,-1.578826196326135,retreating
57,2013-2025,-0.6778776738632748,retreating
58,2013-2025,-0.3104345577151925,stable
59,2013-2025,-0.7656638109964444,retreating
60,2013-2025,-0.6316261972872954,retreating
61,2013-2025,-0.6072488379074396,retreating
62,2013-2025,-0.14153434166275752,stable
63,2013-2025,-0.7733939194553442,retreating
64,2013-2025,-0.8558629513384115,retreating
65,2013-2025,-0.3766211141378331,stable
66,2013-2025,-1.2549038132316004,retreating
67,2013-2025,-1.1617116711800193,retreating
68,2013-2025,-0.5740559376759276,retreating
69,2013-2025,-1.9302723732787295,retreating
70,2013-2025,-2.4215649225041216,retreating
71,2013-2025,-1.8639973188588774,retreating
72,2013-2025,-1.4395749043520274,retreating
73,2013-2025,-2.397367739852527,retreating
74,2013-2025,-1.0538188931997619,retreating
75,2013-2025,-0.7954689515746058,retreating
76,2013-2025,-1.7128979237799782,retreating
77,2013-2025,-3.2002111676655853,retreating
78,2013-2025,-1.6987416226627385,retreating
79,2013-2025,-0.9110154460743044,retreating
80,2013-2025,-0.9498076339237482,retreating
81,2013-2025,-3.1828142031334017,retreating
82,2013-2025,-2.628691485260274,retreating
83,2013-2025,-2.2396418431306726,retreating
84,2013-2025,-2.5127078691121376,retreating
85,2013-2025,-0.8452101644263053,retreating
86,2013-2025,-1.1516470396472875,retreating
87,2013-2025,-1.4642790990707566,retreating
88,2013-2025,-0.8667989623843073,retreating
89,2013-2025,-0.6584213928090702,retreating
90,2013-2025,-1.2541420553754357,retreating
91,2013-2025,-0.04697706428838351,stable
92,2013-2025,-0.7044687820694842,retreating
93,2013-2025,-0.43322869203175746,stable
94,2013-2025,-0.5133166029937601,retreating
95,2013-2025,-0.996074633988927,retreating
96,2013-2025,-1.435195474619325,retreating
97,2013-2025,-0.12798603052425223,stable
98,2013-2025,-0.8945021010801297,retreating
99,2013-2025,0.3671794688262801,stable
100,2013-2025,-1.482445367967973,retreating
101,2013-2025,-1.3327084352672602,retreating
102,2013-2025,0.8366866535551722,advancing
103,2013-2025,-3.1997584473211167,retreating
104,2013-2025,-0.26290709986163563,stable
105,2013-2025,-1.3504680497322628,retreating
106,2013-2025,-1.5035570881758433,retreating
107,2013-2025,-0.8886559701114873,retreating
108,2013-2025,-0.7855812954424383,retreating
109,2013-2025,-0.4544433294958157,stable
110,2013-2025,-0.46935128325756736,stable
111,2013-2025,-0.5771261103376437,retreating
112,2013-2025,-0.5589400774549537,retreating
113,2013-2025,-0.3416733222620676,stable
114,2013-2025,-0.46866395758056384,stable
115,2013-2025,-0.1823419406610229,stable
116,2013-2025,-0.023296380605387246,stable
117,2013-2025,-1.0067396112886846,retreating
118,2013-2025,-0.4945089730144171,stable
119,2013-2025,-0.5362408972974042,retreating
120,2013-2025,-0.7013106482943479,retreating
121,2013-2025,-0.691601027422266,retreating
122,2013-2025,-0.6291172924625772,retreating
123,2013-2025,-0.674826706825181,retreating
124,2013-2025,-0.39751535383850034,stable
125,2013-2025,-0.7053389107988832,retreating
126,2013-2025,-0.7294072689737608,retreating
127,2013-2025,-0.5366770300519987,retreating
128,2013-2025,-1.9892173838277172,retreating
129,2013-2025,-5.87079032997211,retreating
130,2013-2025,-5.131965150969307,retreating
131,2013-2025,-0.616572259104762,retreating
132,2013-2025,-0.4436523189799069,stable
133,2013-2025,-0.6574745964683282,retreating
134,2013-2025,-0.6591024512367983,retreating
135,2013-2025,-0.6823260838902182,retreating
136,2013-2025,-0.7580608528912237,retreating
137,2013-2025,-0.5106844467728215,retreating
138,2013-2025,-0.7243415169808203,retreating
139,2013-2025,-0.4381062379702657,stable
140,2013-2025,-0.3723594464770635,stable
141,2013-2025,-0.2963392735004084,stable
142,2013-2025,-0.34089388270646137,stable
143,2013-2025,-0.3551877481340072,stable
144,2013-2025,-0.7079076806824385,retreating
145,2013-2025,-1.1372811601100543,retreating
146,2013-2025,-0.6850920111908295,retreating
147,2013-2025,-0.6565461746516139,retreating
148,2013-2025,-0.5307358257135137,retreating
149,2013-2025,-0.6148342319867316,retreating
150,2013-2025,-0.35225555547200693,stable
151,2013-2025,-0.7801192566347083,retreating
152,2013-2025,-1.2760317439104552,retreating
153,2013-2025,-1.5836945341798123,retreating
154,2013-2025,-1.7474340409680642,retreating
155,2013-2025,-1.4694111788036566,retreating
156,2013-2025,-1.6003550968468923,retreating
157,2013-2025,-1.487460669865599,retreating
158,2013-2025,-1.3786284594852283,retreating
159,2013-2025,-1.0686147656295695,retreating
160,2013-2025,-1.5663941935616505,retreating
161,2013-2025,-1.4854685685938003,retreating
162,2013-2025,-1.84911279496103,retreating
163,2013-2025,-1.524824614586934,retreating
164,2013-2025,-1.1021768281460609,retreating
165,2013-2025,-1.1656806804185258,retreating
166,2013-2025,-1.468021485606144,retreating
167,2013-2025,-1.7689588740254174,retreating
168,2013-2025,-2.146371272292413,retreating
169,2013-2025,-0.7451226671642786,retreating
170,2013-2025,-1.2422800683436492,retreating
171,2013-2025,-1.262823900944263,retreating
172,2013-2025,-2.7058892567780983,retreating
173,2013-2025,-2.650968306471415,retreating
174,2013-2025,-2.2834627270667363,retreating
175,2013-2025,-2.0367787909856907,retreating
176,2013-2025,-2.0749321350748136,retreating
177,2013-2025,-1.471811759998084,retreating
178,2013-2025,-1.3370943499589982,retreating
179,2013-2025,-1.5524727759447638,retreating
180,2013-2025,-2.010054965469541,retreating
181,2013-2025,-1.654000662036426,retreating
182,2013-2025,-1.716273515864798,retreating
183,2013-2025,-1.568352699739439,retreating
184,2013-2025,-1.7092613482014638,retreating
185,2013-2025,-1.6795048187231347,retreating
186,2013-2025,-1.622251295766889,retreating
187,2013-2025,-1.878973269370125,retreating
188,2013-2025,-1.5558386458423563,retreating
189,2013-2025,-2.4424395309440747,retreating
190,2013-2025,-1.7029668816472665,retreating
191,2013-2025,-3.205392709302224,retreating
192,2013-2025,-1.792465410333771,retreating
193,2013-2025,-1.6557189525497384,retreating
194,2013-2025,-5.05741142533616,retreating
195,2013-2025,-1.0893392700145272,retreating
196,2013-2025,-0.9802296648552895,retreating
197,2013-2025,-2.169224438026919,retreating
198,2013-2025,-1.648618919398482,retreating
199,2013-2025,-3.7004245594868346,retreating
200,2013-2025,-4.74726449713013,retreating
201,2013-2025,-2.2176275400865397,retreating
202,2013-2025,-2.622613113292912,retreating
203,2013-2025,-1.3587208130950552,retreating
204,2013-2025,-1.4195742779433083,retreating
205,2013-2025,-1.1073872508365106,retreating
206,2013-2025,-0.16119824381971318,stable
207,2013-2025,-0.23458106697457232,stable
208,2013-2025,-0.16178729322202734,stable
209,2013-2025,-0.11231055917415395,stable
210,2013-2025,0.01146674745369379,stable
211,2013-2025,0.019115730306546643,stable
212,2013-2025,-0.16974752429793108,stable
213,2013-2025,-0.060281265842766954,stable
214,2013-2025,-0.0983733476978984,stable
215,2013-2025,-0.33632029394337676,stable
216,2013-2025,-0.05090148744993567,stable
217,2013-2025,0.1534925336652017,stable
218,2013-2025,-0.30492961674582647,stable
219,2013-2025,-0.17996382460963087,stable
220,2013-2025,-0.547738406895364,retreating
221,2013-2025,0.11921194345634892,stable
222,2013-2025,0.2492841530990882,stable
223,2013-2025,0.2588184301104703,stable
224,2013-2025,0.4868883089513944,stable
225,2013-2025,-1.4367477155095982,retreating
226,2013-2025,-0.5279906419811623,retreating
227,2013-2025,-0.7831561643353431,retreating
228,2013-2025,-0.07947220788759321,stable
229,2013-2025,-0.6849425109755283,retreating
230,2013-2025,-0.76858565093958,retreating
231,2013-2025,-0.8703830273148642,retreating
232,2013-2025,-0.5293469630111798,retreating
233,2013-2025,-0.45761083315618134,stable
234,2013-2025,-0.35161676090543587,stable
235,2013-2025,-0.32061906641334836,stable
236,2013-2025,-0.28378726623332906,stable
237,2013-2025,-0.36002089687058697,stable
238,2013-2025,-0.33063124748010864,stable
239,2013-2025,-0.1735115244589231,stable
240,2013-2025,-0.31057633604359225,stable
241,2013-2025,-0.16269360304679767,stable
242,2013-2025,-0.1343236146092655,stable
243,2013-2025,-0.23366292731100996,stable
244,2013-2025,0.27645660926651716,stable
245,2013-2025,-0.02922442336115598,stable
246,2013-2025,0.18154409439082309,stable
247,2013-2025,-0.3140324747509544,stable
248,2013-2025,-0.36124630428047566,stable
249,2013-2025,-0.5485036557456641,retreating
250,2013-2025,-0.1844964992790356,stable
251,2013-2025,-0.2153026858153251,stable
252,2013-2025,-0.5737612912801526,retreating
253,2013-2025,-0.07994944399791287,stable
254,2013-2025,0.01735300121315968,stable
255,2013-2025,0.07065373784546061,stable
256,2013-2025,-0.09571322996770554,stable
257,2013-2025,-0.28075556107886634,stable
258,2013-2025,-0.8480854511078096,retreating
259,2013-2025,-0.6124964530874867,retreating
260,2013-2025,0.11695776545321694,stable
261,2013-2025,0.6506354259884871,advancing
262,2013-2025,-0.8430637885323217,retreating
263,2013-2025,0.06028620917287829,stable
264,2013-2025,-0.692196506630711,retreating
265,2013-2025,-0.5108684093637281,retreating
266,2013-2025,-0.7256227408604853,retreating
267,2013-2025,-0.23914308256782812,stable
268,2013-2025,-0.5030030644599672,retreating
269,2013-2025,-0.8381962756512975,retreating
270,2013-2025,-0.30602953000388183,stable
271,2013-2025,-0.43368122907620504,stable
272,2013-2025,-0.4039129724808599,stable
273,2013-2025,-0.11699307829062844,stable
274,2013-2025,0.03650292128741722,stable
275,2013-2025,-0.4450502359681927,stable
276,2013-2025,-0.6924038734875215,retreating
277,2013-2025,-0.27367486209821806,stable
278,2013-2025,-0.998428763702123,retreating
279,2013-2025,-0.6455784664238542,retreating
280,2013-2025,-0.4115751359045694,stable
281,2013-2025,-0.03848886491741031,stable
282,2013-2025,-0.8950977065081075,retreating
283,2013-2025,-1.0855512632889017,retreating
284,2013-2025,-0.0007700101263900734,stable
285,2013-2025,0.11314626986104799,stable
286,2013-2025,-1.5486488320322922,retreating
287,2013-2025,0.09926001933555699,stable
288,2013-2025,-6.412579554045766,retreating
289,2013-2025,-7.190127775802503,retreating
290,2013-2025,-0.6522723967278852,retreating
291,2013-2025,-0.16508888868763943,stable
292,2013-2025,-0.3127297151479424,stable
293,2013-2025,-0.5168246141914977,retreating
294,2013-2025,-0.45618561168491545,stable
295,2013-2025,-0.9196353323424181,retreating
296,2013-2025,-0.6059566277401403,retreating
297,2013-2025,-1.1414962634348567,retreating
298,2013-2025,-1.1961880406404206,retreating
299,2013-2025,0.2504133860975237,stable
300,2013-2025,-0.9530058158687372,retreating
301,2013-2025,-0.5590336057056655,retreating
302,2013-2025,-0.6084732903595674,retreating
303,2013-2025,-1.3548019199258743,retreating
304,2013-2025,-2.340335584077609,retreating
305,2013-2025,-1.7250730682148396,retreating
306,2013-2025,-3.972222991450978,retreating
307,2013-2025,-1.0939906342484098,retreating
308,2013-2025,-1.1570295946587414,retreating
309,2013-2025,-0.27282487632395636,stable
310,2013-2025,-0.57107181935181,retreating
311,2013-2025,-0.8238159057592702,retreating
312,2013-2025,-0.2783741342383831,stable
313,2013-2025,-0.3467269591307544,stable
314,2013-2025,-0.5929694076969372,retreating
315,2013-2025,-0.7302003616760442,retreating
316,2013-2025,-0.5239156105191805,retreating
317,2013-2025,-0.6769552604355752,retreating
318,2013-2025,-1.1436819042193354,retreating
319,2013-2025,-1.0089679233046782,retreating
320,2013-2025,-0.5235622021764521,retreating
321,2013-2025,-0.2809977664816015,stable
322,2013-2025,-0.220523138196315,stable
323,2013-2025,0.0655298154781605,stable
324,2013-2025,-0.08671391468392922,stable
325,2013-2025,-0.09785831556003247,stable
326,2013-2025,-0.06430169647133487,stable
327,2013-2025,0.09641658026323714,stable
328,2013-2025,-0.3044881477270739,stable
329,2013-2025,0.3367718493596045,stable
330,2013-2025,0.6509285700564245,advancing
331,2013-2025,0.08607244183134508,stable
332,2013-2025,0.3413001652701007,stable
333,2013-2025,2.1763129595787243,advancing
334,2013-2025,1.3080713430584372,advancing
335,2013-2025,1.3989674669761143,advancing
336,2013-2025,0.3234164886073642,stable
337,2013-2025,2.2892071949900963,advancing
338,2013-2025,2.0083132229882845,advancing
339,2013-2025,2.663755912716585,advancing
340,2013-2025,0.8932981899101258,advancing
341,2013-2025,1.2515196950853784,advancing
342,2013-2025,1.9072084533786096,advancing
343,2013-2025,2.1758964435125905,advancing
344,2013-2025,2.1180676263813902,advancing
345,2013-2025,2.4850590374727988,advancing
346,2013-2025,1.6619494957791159,advancing
347,2013-2025,1.2376299191505544,advancing
348,2013-2025,2.3479667862433438,advancing
349,2013-2025,1.324246907999363,advancing
350,2013-2025,0.6641124239186396,advancing
351,2013-2025,0.17820102567679708,stable
352,2013-2025,0.6771359846299131,advancing
353,2013-2025,2.0926912459497817,advancing
354,2013-2025,1.9715516259452357,advancing
355,2013-2025,1.5982538800901005,advancing
356,2013-2025,2.332811140054656,advancing
357,2013-2025,1.880427527582559,advancing
358,2013-2025,2.3252506302125457,advancing
359,2013-2025,2.351814061599974,advancing
360,2013-2025,0.3027785243809919,stable
361,2013-2025,2.74959417294469,advancing
362,2013-2025,4.635245464703614,advancing
363,2013-2025,0.28119885486477386,stable
364,2013-2025,1.346433646378231,advancing
365,2013-2025,1.0059592162979816,advancing
366,2013-2025,1.4329661145820694,advancing
367,2013-2025,1.1622095982747993,advancing
368,2013-2025,0.8986449062343309,advancing
369,2013-2025,0.772008632716721,advancing
370,2013-2025,1.0830066311800022,advancing
371,2013-2025,0.6845241122481065,advancing
372,2013-2025,0.7947375259384201,advancing
373,2013-2025,1.0044229722671845,advancing
374,2013-2025,1.0547468061887564,advancing
375,2013-2025,0.9417903838809463,advancing
376,2013-2025,1.57522603288195,advancing
377,2013-2025,2.406302793414546,advancing
378,2013-2025,1.445417460460738,advancing
379,2013-2025,0.4471757720784376,stable
380,2013-2025,-0.07039543486097727,stable
381,2013-2025,-0.39609781178312475,stable
382,2013-2025,-0.4172084792976109,stable
383,2013-2025,-0.20953810282797974,stable
384,2013-2025,1.227073157350386,advancing
385,2013-2025,1.3747293510980692,advancing
386,2013-2025,1.3162719595210108,advancing
387,2013-2025,0.4648163137237915,stable
388,2013-2025,1.075196332541572,advancing
389,2013-2025,1.69922338496344,advancing
390,2013-2025,1.9161500405014964,advancing
391,2013-2025,4.873892306844151,advancing
392,2013-2025,1.5288860672637918,advancing
393,2013-2025,0.9653180288179722,advancing
394,2013-2025,2.462906451201282,advancing
395,2013-2025,3.5075039919240565,advancing
396,2013-2025,4.933848193637309,advancing
397,2013-2025,2.778777556651511,advancing
398,2013-2025,1.9444855337002043,advancing
399,2013-2025,2.1105861109061066,advancing
400,2013-2025,3.172522351892818,advancing
401,2013-2025,2.4597322416778518,advancing
402,2013-2025,2.5573997395533037,advancing
403,2013-2025,2.9639581866200384,advancing
404,2013-2025,3.210261013560327,advancing
405,2013-2025,5.328250711457414,advancing
406,2013-2025,5.5219267866711,advancing
407,2013-2025,3.3418568605417853,advancing
408,2013-2025,2.270598444502846,advancing
409,2013-2025,2.4030537952836886,advancing
410,2013-2025,3.2681369182049895,advancing
411,2013-2025,4.431844301401323,advancing
412,2013-2025,2.5720890867379795,advancing
413,2013-2025,2.2349177407030227,advancing
414,2013-2025,4.137369681183913,advancing
415,2013-2025,4.75770919622189,advancing
416,2013-2025,3.917229525259428,advancing
417,2013-2025,2.04361028578265,advancing
418,2013-2025,0.8966397051605226,advancing
419,2013-2025,-0.057176635233540295,stable
420,2013-2025,0.4512123518064582,stable
421,2013-2025,2.6220602166514944,advancing
422,2013-2025,4.071320979767425,advancing
423,2013-2025,2.7241052944228015,advancing
424,2013-2025,2.8266936955753694,advancing
425,2013-2025,2.449388861883538,advancing
426,2013-2025,2.116124945928492,advancing
427,2013-2025,1.4434493598469837,advancing
428,2013-2025,1.3565259987190248,advancing
429,2013-2025,3.9539470210105243,advancing
430,2013-2025,3.276502569409485,advancing
431,2013-2025,1.959256149555391,advancing
432,2013-2025,1.7448963715809973,advancing
433,2013-2025,1.3921636407736508,advancing
434,2013-2025,2.903972585186602,advancing
435,2013-2025,2.7819427487635147,advancing
436,2013-2025,1.7737610888339115,advancing
437,2013-2025,-0.21169711041624165,stable
438,2013-2025,1.374266390221718,advancing
439,2013-2025,1.5792625060302807,advancing
440,2013-2025,3.4932258775323675,advancing
441,2013-2025,2.413926265288056,advancing
442,2013-2025,1.561203103465016,advancing
443,2013-2025,0.9262286986149578,advancing
444,2013-2025,3.802418780313555,advancing
445,2013-2025,2.7657664971695883,advancing
446,2013-2025,1.2046846939951221,advancing
447,2013-2025,0.8264675651231802,advancing
448,2013-2025,3.5043664982980203,advancing
449,2013-2025,2.960194742328403,advancing
450,2013-2025,2.944231884682731,advancing
451,2013-2025,4.444608237062409,advancing
452,2013-2025,2.0183966456213955,advancing
453,2013-2025,1.3262805078618665,advancing
454,2013-2025,0.2083811021641294,stable
455,2013-2025,2.7646885554073886,advancing
456,2013-2025,2.8525842777182104,advancing
457,2013-2025,1.3013643400073973,advancing
458,2013-2025,2.1701901272945934,advancing
459,2013-2025,4.506723799717812,advancing
460,2013-2025,2.4822914913206224,advancing
461,2013-2025,5.655095718437541,advancing
462,2013-2025,0.5378246398439808,advancing
463,2013-2025,2.4946562129744922,advancing
464,2013-2025,1.361803474388882,advancing
465,2013-2025,1.01920688939693,advancing
466,2013-2025,2.7294002314414962,advancing
467,2013-2025,1.5393955587608148,advancing
468,2013-2025,1.1831408659717921,advancing
469,2013-2025,2.280801324451715,advancing
470,2013-2025,1.8507654296141605,advancing
471,2013-2025,5.816635798239939,advancing
472,2013-2025,0.3928164342309972,stable
473,2013-2025,1.2862996314885957,advancing
474,2013-2025,2.578927754242433,advancing
475,2013-2025,2.9378280840571884,advancing
476,2013-2025,2.6352709193950616,advancing
477,2013-2025,2.2677664972036364,advancing
478,2013-2025,5.168208645302026,advancing
479,2013-2025,5.33546124539476,advancing
480,2013-2025,4.5394258743837135,advancing
481,2013-2025,4.298538583754471,advancing
482,2013-2025,4.793003958507971,advancing
483,2013-2025,0.7312177991403443,advancing
484,2013-2025,4.1201601557368885,advancing
485,2013-2025,4.273238485093681,advancing
486,2013-2025,5.940450744677131,advancing
487,2013-2025,3.3137611769878914,advancing
488,2013-2025,3.731550102245735,advancing
489,2013-2025,1.570116086419788,advancing
490,2013-2025,7.306726240304243,advancing
491,2013-2025,4.858145854745383,advancing
492,2013-2025,1.064678192599955,advancing
493,2013-2025,0.99381515853354,advancing
494,2013-2025,0.7270066272929441,advancing
495,2013-2025,1.149336437522731,advancing
496,2013-2025,1.64582898152402,advancing
497,2013-2025,1.2234054445102271,advancing
498,2013-2025,4.516117390107222,advancing
499,2013-2025,8.560668849256803,advancing
500,2013-2025,0.9132210872006644,advancing
501,2013-2025,-0.09430874502783923,stable
502,2013-2025,-0.15333914571627347,stable
503,2013-2025,-0.7597360072674072,retreating
504,2013-2025,0.48159439945861726,stable
505,2013-2025,3.47763934652309,advancing
506,2013-2025,1.7108302943170444,advancing
507,2013-2025,2.3910418126650455,advancing
508,2013-2025,0.26368906934985653,stable
509,2013-2025,1.2001326598350859,advancing
510,2013-2025,1.3343678934604606,advancing
511,2013-2025,0.31233492925929324,stable
512,2013-2025,2.4598539462270015,advancing
513,2013-2025,4.099512422216009,advancing
514,2013-2025,4.004441106847137,advancing
515,2013-2025,-0.23887086894819443,stable
516,2013-2025,-0.6772490484918559,retreating
517,2013-2025,1.1889524736140462,advancing
518,2013-2025,-0.2714629083033769,stable
519,2013-2025,-1.4226615246674479,retreating
520,2013-2025,-2.718966051375406,retreating
521,2013-2025,-4.535354105292233,retreating
522,2013-2025,-3.6570395351026184,retreating
523,2013-2025,-1.1974613723505674,retreating
524,2013-2025,-0.4440563551535198,stable
525,2013-2025,-0.3924490850971577,stable
526,2013-2025,0.2702693928993393,stable
527,2013-2025,1.8837490227235256,advancing
528,2013-2025,-0.9703142677125478,retreating
529,2013-2025,0.25464695249947955,stable
530,2013-2025,-1.2705897092734513,retreating
531,2013-2025,0.08037998773392492,stable
532,2013-2025,-1.028891229066115,retreating
533,2013-2025,-2.048120965149479,retreating
534,2013-2025,-0.5546570830098071,retreating
535,2013-2025,0.816211081090384,advancing
536,2013-2025,0.40673139269823233,stable
537,2013-2025,2.0712304689667698,advancing
538,2013-2025,1.728603408521558,advancing
539,2013-2025,1.6805586068532319,advancing
540,2013-2025,1.5392550329198358,advancing
541,2013-2025,3.6589042301676287,advancing
542,2013-2025,2.9054582045962483,advancing
543,2013-2025,-1.8543547112430145,retreating
544,2013-2025,-4.43651332706232,retreating
545,2013-2025,-3.8621226988819877,retreating
546,2013-2025,-2.4470712525880853,retreating
547,2013-2025,-2.2277606867931694,retreating
548,2013-2025,-1.9607422306163027,retreating
549,2013-2025,-0.3682578824531151,stable
550,2013-2025,0.67934116674657,advancing
551,2013-2025,1.3983342658889635,advancing
552,2013-2025,1.7351735443917327,advancing
553,2013-2025,1.7500460143168075,advancing
554,2013-2025,1.419638941167061,advancing
555,2013-2025,-0.12968545022915173,stable
556,2013-2025,0.038843477654908976,stable
557,2013-2025,0.9385530568753581,advancing
558,2013-2025,1.0084821437504834,advancing
559,2013-2025,-0.4546199093763565,stable
560,2013-2025,0.5679669483795724,advancing
561,2013-2025,-0.7467609190905684,retreating
562,2013-2025,0.21741881766032065,stable
563,2013-2025,-1.4768356564924976,retreating
564,2013-2025,-2.7189309078061443,retreating
565,2013-2025,-2.106170640257298,retreating
566,2013-2025,-1.6817399022410084,retreating
567,2013-2025,0.48274063154852564,stable
568,2013-2025,-0.23436571216138002,stable
569,2013-2025,1.2379300965339446,advancing
570,2013-2025,0.3536568577910371,stable
571,2013-2025,1.7611206055187592,advancing
572,2013-2025,0.44648635161519346,stable
573,2013-2025,-0.5213862078408431,retreating
574,2013-2025,-0.6097268157452983,retreating
575,2013-2025,0.09972928690277907,stable
576,2013-2025,-0.21265604824030154,stable
577,2013-2025,-0.5027414090519696,retreating
578,2013-2025,-0.6840153880575789,retreating
579,2013-2025,-1.6719497115064899,retreating
580,2013-2025,-1.9464259862724362,retreating
581,2013-2025,-0.09525568670594789,stable
582,2013-2025,-2.5293581380476082,retreating
583,2013-2025,-3.924114228837694,retreating
584,2013-2025,-4.819019480330894,retreating
585,2013-2025,-3.0407043975987498,retreating
586,2013-2025,-2.1051668240370756,retreating
587,2013-2025,-3.0855357759863993,retreating
588,2013-2025,-2.0359065093523787,retreating
589,2013-2025,-1.1409973119214254,retreating
590,2013-2025,-2.3206187548377604,retreating
591,2013-2025,-1.3292875816431744,retreating
592,2013-2025,-2.7667782640581464,retreating
593,2013-2025,-1.792599607947194,retreating
594,2013-2025,-0.9444278528464372,retreating
595,2013-2025,-1.3971850553799388,retreating
596,2013-2025,-0.048148006495997084,stable
597,2013-2025,-1.3236510130983388,retreating
598,2013-2025,-1.128596104599525,retreating
599,2013-2025,-1.165833267460038,retreating
600,2013-2025,-2.609382692606739,retreating
601,2013-2025,-0.5373261781602937,retreating
602,2013-2025,-1.1791142473293297,retreating
603,2013-2025,-1.292731300223744,retreating
604,2013-2025,-2.2042849491641174,retreating
605,2013-2025,-0.9389096677748042,retreating
606,2013-2025,-0.9862235470256341,retreating
607,2013-2025,-1.671314841988711,retreating
608,2013-2025,-1.9821356677321553,retreating
609,2013-2025,-2.885766687266311,retreating
610,2013-2025,-3.3023194231968276,retreating
611,2013-2025,-3.652844100096913,retreating
612,2013-2025,-0.11834725894858783,stable
613,2013-2025,-1.865785372131851,retreating
614,2013-2025,-1.1160314670205391,retreating
615,2013-2025,-1.3215247468612996,retreating
616,2013-2025,-1.0486766848574443,retreating
617,2013-2025,-1.8500001619787638,retreating
618,2013-2025,0.1052573969534589,stable
619,2013-2025,-0.19923584550992618,stable
620,2013-2025,0.14152527971905698,stable
621,2013-2025,0.15863867667853013,stable
622,2013-2025,-0.17114820675027279,stable
623,2013-2025,-0.34814351948829936,stable
624,2013-2025,-0.18096402988387436,stable
625,2013-2025,-0.9350343013715028,retreating
626,2013-2025,-0.235849501439341,stable
627,2013-2025,-0.08706112864355627,stable
628,2013-2025,-0.9163485064035422,retreating
629,2013-2025,-0.9138493991138997,retreating
630,2013-2025,-0.5178244905159667,retreating
631,2013-2025,-0.8600404407685289,retreating
632,2013-2025,-0.5699809137749979,retreating
633,2013-2025,-0.4089333877831981,stable
634,2013-2025,0.2304726498851549,stable
635,2013-2025,-0.3875399362854317,stable
636,2013-2025,-0.2955911210479503,stable
637,2013-2025,-0.41621678625409186,stable
638,2013-2025,-0.10566786401655695,stable
639,2013-2025,-0.23746458278212673,stable
640,2013-2025,0.27779626697056364,stable
641,2013-2025,0.40044038854661684,stable
642,2013-2025,0.5575390889589624,advancing
643,2013-2025,1.1533978741372881,advancing
644,2013-2025,0.7136034319710582,advancing
645,2013-2025,0.5848396428334284,advancing
646,2013-2025,0.6586192753442177,advancing
647,2013-2025,0.6511952655026955,advancing
648,2013-2025,0.34669520517671204,stable
649,2013-2025,-0.03871167265317092,stable
650,2013-2025,0.6187777269421955,advancing
651,2013-2025,0.06528689256705072,stable
652,2013-2025,-0.10893297988637378,stable
653,2013-2025,-0.15806160523032536,stable
654,2013-2025,-0.07077167811274437,stable
655,2013-2025,-0.47233083619232125,stable
656,2013-2025,-1.5357478719889959,retreating
657,2013-2025,-0.655739061709311,retreating
658,2013-2025,-0.9047785464269509,retreating
659,2013-2025,-1.4471120998079048,retreating
660,2013-2025,-1.3145827148194003,retreating
661,2013-2025,-0.8344407689958715,retreating
662,2013-2025,0.06517221385564062,stable
663,2013-2025,-0.035922948593353286,stable
664,2013-2025,-0.08119372072586464,stable
665,2013-2025,-0.30417012764968676,stable
666,2013-2025,-0.00813674583939103,stable
667,2013-2025,-0.2593293231512205,stable
668,2013-2025,-0.3539819799949066,stable
669,2013-2025,-0.9903652213370884,retreating
670,2013-2025,-0.7529899588605748,retreating
671,2013-2025,-2.3574029373089953,retreating
672,2013-2025,0.2561986682343252,stable
673,2013-2025,0.35380107774664005,stable
674,2013-2025,0.7456121751270934,advancing
675,2013-2025,1.05917568618928,advancing
676,2013-2025,-0.014813396595122073,stable
677,2013-2025,-0.8739669221014457,retreating
678,2013-2025,-1.332880880568915,retreating
679,2013-2025,-3.1102843394107307,retreating
680,2013-2025,-3.1063622447533694,retreating
681,2013-2025,-1.7391888118535357,retreating
682,2013-2025,-2.8463610855088386,retreating
683,2013-2025,-1.8943132630954302,retreating
684,2013-2025,-2.5026567859367743,retreating
685,2013-2025,-3.064954124117518,retreating
686,2013-2025,-0.6735323397156998,retreating
687,2013-2025,-2.2270014823702797,retreating
688,2013-2025,-3.201755072516947,retreating
689,2013-2025,-0.15742404124052858,stable
690,2013-2025,-0.3117248983081746,stable
691,2013-2025,0.06475844781807366,stable
692,2013-2025,-0.6007640609013678,retreating
693,2013-2025,-0.9202957338252035,retreating
694,2013-2025,-0.5256394459089638,retreating
695,2013-2025,-1.9953588367996842,retreating
696,2013-2025,-1.7354778303600253,retreating
697,2013-2025,-0.8363971044878602,retreating
698,2013-2025,-0.6510045279633186,retreating
699,2013-2025,-0.7706788524498016,retreating
700,2013-2025,0.18079460095272562,stable
701,2013-2025,-0.05913862254074692,stable
702,2013-2025,-0.7146929247221632,retreating
703,2013-2025,-0.343088251842597,stable
704,2013-2025,-0.27571486154572294,stable
705,2013-2025,-0.5994720129794556,retreating
706,2013-2025,-0.8250344089121495,retreating
707,2013-2025,-2.162249338637248,retreating
708,2013-2025,-0.6599279021833722,retreating
709,2013-2025,-0.3689056481850051,stable
710,2013-2025,-0.4082528038706202,stable
711,2013-2025,-1.1850523753703106,retreating
712,2013-2025,-1.6095639307023577,retreating
713,2013-2025,-1.061375215041328,retreating
714,2013-2025,-0.5994745545789788,retreating
715,2013-2025,-0.7677980568108226,retreating
716,2013-2025,-1.26976192524276,retreating
717,2013-2025,-0.6791780924301265,retreating
718,2013-2025,-1.1288260417276628,retreating
719,2013-2025,-2.051810625037506,retreating
720,2013-2025,-5.62559294289165,retreating
721,2013-2025,-6.837135150836249,retreating
722,2013-2025,-6.523849168032453,retreating
723,2013-2025,-2.7449710348815333,retreating
724,2013-2025,-2.4821356957370098,retreating
725,2013-2025,0.38386872292637875,stable
726,2013-2025,-2.2844252831142686,retreating
727,2013-2025,-6.515727539394029,retreating
746,2013-2025,7.4251652770033285,advancing
754,2013-2025,10.281248138264532,advancing
755,2013-2025,8.329515766461627,advancing
756,2013-2025,8.074238878227472,advancing
757,2013-2025,7.480393198241005,advancing
758,2013-2025,7.238215723551372,advancing
759,2013-2025,7.735161904231601,advancing
760,2013-2025,5.774292633839182,advancing
761,2013-2025,5.763115485711734,advancing
762,2013-2025,7.203082419017704,advancing
763,2013-2025,6.258368005382655,advancing
764,2013-2025,4.345603259253246,advancing
765,2013-2025,5.158247086326303,advancing
766,2013-2025,2.735786992036627,advancing
767,2013-2025,2.6059894246027535,advancing
768,2013-2025,1.5014429922027244,advancing
769,2013-2025,-0.5204746702418113,retreating
770,2013-2025,5.2423239946097775,advancing
771,2013-2025,9.10250003530234,advancing
772,2013-2025,6.888125329145733,advancing
773,2013-2025,5.323681225960279,advancing
774,2013-2025,1.0346985852842476,advancing
775,2013-2025,-0.24958522101623884,stable
776,2013-2025,1.3567678768261224,advancing
777,2013-2025,0.9726353196627183,advancing
784,2013-2025,6.774045745563328,advancing
785,2013-2025,7.617070367021461,advancing
796,2013-2025,9.320631410060667,advancing
797,2013-2025,10.220403971038927,advancing
799,2013-2025,10.553288475134522,advancing
802,2013-2025,10.105099860530084,advancing
805,2013-2025,9.17561940019932,advancing
806,2013-2025,0.5778904584432568,advancing
809,2013-2025,8.946257625619843,advancing
810,2013-2025,8.2026843150704,advancing
811,2013-2025,10.532985517803182,advancing
814,2013-2025,9.682804077229363,advancing
815,2013-2025,7.416949823997177,advancing
816,2013-2025,3.2373533998848227,advancing
817,2013-2025,1.442287027026508,advancing
818,2013-2025,2.9282126019319192,advancing
819,2013-2025,2.3728806075508766,advancing
820,2013-2025,1.006155874993414,advancing
821,2013-2025,4.810271792129927,advancing
822,2013-2025,1.1996133981614838,advancing
823,2013-2025,1.280396905636166,advancing
824,2013-2025,0.8241952247754645,advancing
825,2013-2025,0.7006063454517863,advancing
826,2013-2025,1.4331466791097582,advancing
827,2013-2025,-0.7487578510444198,retreating
828,2013-2025,-0.4502370791316893,stable
829,2013-2025,0.5016485518437047,advancing
830,2013-2025,-1.396973722700626,retreating
831,2013-2025,0.3768344221729012,stable
832,2013-2025,0.33880005214079756,stable
833,2013-2025,2.0170984736972732,advancing
834,2013-2025,0.3250400931394397,stable
835,2013-2025,-0.010170362241170048,stable
836,2013-2025,-0.8531957699128379,retreating
837,2013-2025,-0.3538446122637602,stable
838,2013-2025,0.363797012937167,stable
839,2013-2025,0.19744310844581667,stable
840,2013-2025,-0.07610196334536304,stable
846,2013-2025,9.702046176553404,advancing
847,2013-2025,4.108957817391208,advancing
848,2013-2025,8.031843722322094,advancing
849,2013-2025,4.802599357647921,advancing
851,2013-2025,8.76176951506102,advancing
852,2013-2025,7.173949443020725,advancing
853,2013-2025,7.926097699592773,advancing
854,2013-2025,7.874766496258753,advancing
855,2013-2025,9.451903991340696,advancing
856,2013-2025,8.53748904261848,advancing
857,2013-2025,8.243192896989727,advancing
858,2013-2025,9.667000403694413,advancing
859,2013-2025,10.284941830738298,advancing
860,2013-2025,9.216765907471801,advancing
861,2013-2025,10.312715386914844,advancing
863,2013-2025,7.537254514045472,advancing
864,2013-2025,9.214219206423007,advancing
865,2013-2025,8.712446393053442,advancing
866,2013-2025,9.188042641258468,advancing
867,2013-2025,7.526654144693993,advancing
868,2013-2025,6.141901283858118,advancing
869,2013-2025,5.6052929104683145,advancing
870,2013-2025,7.648379254231745,advancing
871,2013-2025,7.191495927182114,advancing
872,2013-2025,6.306543062686044,advancing
873,2013-2025,6.63215900536465,advancing
874,2013-2025,6.618152850568438,advancing
875,2013-2025,5.608550204660748,advancing
876,2013-2025,5.085458332606408,advancing
877,2013-2025,5.2403540317816315,advancing
878,2013-2025,4.7686225940290745,advancing
879,2013-2025,5.654337016555333,advancing
880,2013-2025,5.133769769469759,advancing
881,2013-2025,4.790438695949845,advancing
882,2013-2025,4.718547450458633,advancing
883,2013-2025,3.610726338441209,advancing
884,2013-2025,3.7158569376019273,advancing
885,2013-2025,3.728695913227703,advancing
886,2013-2025,3.28543235246163,advancing
887,2013-2025,2.7526476652143597,advancing
888,2013-2025,1.2245956019305098,advancing
889,2013-2025,0.7170631677057964,advancing
890,2013-2025,1.2653226825467256,advancing
891,2013-2025,0.8127440270029623,advancing
892,2013-2025,1.2117821057323335,advancing
893,2013-2025,0.5596639068010646,advancing
894,2013-2025,1.996712933313425,advancing
895,2013-2025,1.2167103152908452,advancing
896,2013-2025,1.3202956604086704,advancing
897,2013-2025,1.0491881787557746,advancing
898,2013-2025,0.3063874777000704,stable
899,2013-2025,0.16027529451498304,stable
900,2013-2025,0.6116624642272641,advancing
901,2013-2025,-0.32608315126356613,stable
902,2013-2025,0.07097812904827945,stable
903,2013-2025,1.053935671622364,advancing
904,2013-2025,0.8217979464269627,advancing
905,2013-2025,0.37657780454561196,stable
906,2013-2025,1.664808266290505,advancing
907,2013-2025,-0.2738888686024129,stable
908,2013-2025,-0.5966620109277726,retreating
909,2013-2025,-0.4179056463525027,stable
910,2013-2025,-0.6027006884939679,retreating
911,2013-2025,-0.7402515000106472,retreating
912,2013-2025,-1.159860042703196,retreating
913,2013-2025,-0.7486128276785087,retreating
914,2013-2025,-0.9871117699398856,retreating
915,2013-2025,-0.39531799192069483,stable
916,2013-2025,-0.7048392111959461,retreating
917,2013-2025,-0.9377135008850996,retreating
918,2013-2025,-0.6465841955304029,retreating
919,2013-2025,-1.0042232284758255,retreating
920,2013-2025,-1.018463232431589,retreating
921,2013-2025,-1.1480083826354832,retreating
922,2013-2025,-0.7660756273113595,retreating
923,2013-2025,-0.9394780960428203,retreating
924,2013-2025,-0.8794989076484644,retreating
925,2013-2025,-0.45407492686564177,stable
926,2013-2025,-0.8253709794027402,retreating
927,2013-2025,-0.4372091800776928,stable
928,2013-2025,-0.7306058393427328,retreating
929,2013-2025,-0.2565997326712579,stable
930,2013-2025,0.13068363283982856,stable
931,2013-2025,1.0268200061526305,advancing
932,2013-2025,0.43762004795716347,stable
933,2013-2025,0.15654274755775022,stable
934,2013-2025,-0.0925165463662021,stable
935,2013-2025,0.5990746089210488,advancing
936,2013-2025,-1.3214221343523698,retreating
937,2013-2025,0.06171706990844547,stable
938,2013-2025,0.2212457536864503,stable
939,2013-2025,-0.9572025795908534,retreating
940,2013-2025,-1.4760879553892807,retreating
941,2013-2025,-2.016054640852784,retreating
942,2013-2025,-2.781730555938068,retreating
943,2013-2025,-1.1931006851587398,retreating
944,2013-2025,-1.0463070724996262,retreating
945,2013-2025,-0.7551590265251567,retreating
946,2013-2025,0.2080451264232734,stable
947,2013-2025,-0.4675994309486424,stable
948,2013-2025,-0.644047366721872,retreating
949,2013-2025,-0.2550920713143796,stable
950,2013-2025,-0.21749631980852008,stable
951,2013-2025,-0.6195035993090462,retreating
952,2013-2025,-0.8707869077629794,retreating
953,2013-2025,-0.8364777260844374,retreating
954,2013-2025,-0.5335896158395181,retreating
955,2013-2025,-0.7520734011764941,retreating
956,2013-2025,-0.3848486091850371,stable
957,2013-2025,-0.5677178251599041,retreating
958,2013-2025,-0.6961370300658476,retreating
959,2013-2025,1.9334998884496892,advancing
960,2013-2025,1.0034485019351957,advancing
961,2013-2025,0.81657004852956,advancing
0,2015-2020,0.36921944681008395,stable
1,2015-2020,0.1593582295447036,stable
2,2015-2020,-2.256070924141763,retreating
3,2015-2020,-1.8040389520965248,retreating
4,2015-2020,-1.636020552891019,retreating
5,2015-2020,1.3795953473068268,advancing
6,2015-2020,1.9846874196805504,advancing
7,2015-2020,1.8470282501982678,advancing
8,2015-2020,1.8633392237701485,advancing
9,2015-2020,3.6986713039283687,advancing
10,2015-2020,2.139738637472955,advancing
11,2015-2020,1.1990515762803937,advancing
12,2015-2020,1.636686516638334,advancing
13,2015-2020,1.6021204371265743,advancing
14,2015-2020,1.2531843862681673,advancing
15,2015-2020,1.011711959461003,advancing
16,2015-2020,1.0025123908784963,advancing
17,2015-2020,1.4122606197850358,advancing
18,2015-2020,1.1081080351676271,advancing
19,2015-2020,0.5901169733555247,advancing
20,2015-2020,0.8721692034219859,advancing
21,2015-2020,1.4140611218624588,advancing
22,2015-2020,1.2941187920218349,advancing
23,2015-2020,1.4825627562980976,advancing
24,2015-2020,1.006682395610549,advancing
25,2015-2020,0.8305449629660048,advancing
26,2015-2020,0.9437456819685843,advancing
27,2015-2020,0.5336555082983598,advancing
28,2015-2020,-0.11659396732918972,stable
29,2015-2020,-0.4123010080118377,stable
30,2015-2020,-0.019711350277631864,stable
31,2015-2020,0.19309755848959834,stable
32,2015-2020,0.39745236385399757,stable
33,2015-2020,0.399425943605921,stable
34,2015-2020,0.7694954622856235,advancing
35,2015-2020,0.6447022096570182,advancing
36,2015-2020,0.676847053821386,advancing
37,2015-2020,1.7749881614173177,advancing
38,2015-2020,1.3187714352473077,advancing
39,2015-2020,1.7763176462494412,advancing
40,2015-2020,1.800607907470272,advancing
41,2015-2020,1.138224417126913,advancing
42,2015-2020,0.9897552481102583,advancing
43,2015-2020,0.9051149588942959,advancing
44,2015-2020,-1.6811462546476137,retreating
45,2015-2020,1.2799662942825318,advancing
46,2015-2020,0.9129674646634764,advancing
47,2015-2020,0.35994899856261964,stable
48,2015-2020,0.7328937730935671,advancing
49,2015-2020,0.7976013747441295,advancing
50,2015-2020,-1.7316957464593163,retreating
51,2015-2020,1.0805038618344258,advancing
52,2015-2020,1.6705959050937815,advancing
53,2015-2020,1.3402912538322322,advancing
54,2015-2020,2.2397376332523415,advancing
55,2015-2020,0.3172597709102192,stable
56,2015-2020,0.38187001818103095,stable
57,2015-2020,0.8590173027226043,advancing
58,2015-2020,1.2823757452114766,advancing
59,2015-2020,1.4736639875512734,advancing
60,2015-2020,0.6501095894971394,advancing
61,2015-2020,0.7728863161821385,advancing
62,2015-2020,-0.285050104520115,stable
63,2015-2020,0.7111494422709315,advancing
64,2015-2020,-0.8166856528852446,retreating
65,2015-2020,-1.750438891586958,retreating
66,2015-2020,-0.056531316784914284,stable
67,2015-2020,0.1442492892367081,stable
68,2015-2020,0.7072675247479923,advancing
69,2015-2020,0.782382894679721,advancing
70,2015-2020,1.4282700833031454,advancing
71,2015-2020,1.667298838561628,advancing
72,2015-2020,1.5341396155924207,advancing
73,2015-2020,0.8078824612002691,advancing
74,2015-2020,0.5611657319267904,advancing
75,2015-2020,0.2614505738074342,stable
76,2015-2020,-1.3761552160330965,retreating
77,2015-2020,-9.13760745302109,retreating
78,2015-2020,-0.6090864744553444,retreating
79,2015-2020,1.190311034481101,advancing
80,2015-2020,1.2587404343000201,advancing
81,2015-2020,0.9722839759141895,advancing
82,2015-2020,1.2675568873827645,advancing
83,2015-2020,0.9327012660857111,advancing
84,2015-2020,1.5589081723979659,advancing
85,2015-2020,1.0640737292346505,advancing
86,2015-2020,3.2815468199576743,advancing
87,2015-2020,1.3279074512287923,advancing
88,2015-2020,0.7715281741172408,advancing
89,2015-2020,0.7537494242734838,advancing
90,2015-2020,0.2709364906208517,stable
91,2015-2020,1.0937541283101995,advancing
92,2015-2020,1.8552450970725256,advancing
93,2015-2020,0.9875945672785376,advancing
94,2015-2020,1.5194197825316418,advancing
95,2015-2020,1.5930239982030723,advancing
96,2015-2020,0.9378778340719497,advancing
97,2015-2020,1.6871188223036178,advancing
98,2015-2020,0.35978640778719506,stable
99,2015-2020,1.7234842840777267,advancing
100,2015-2020,-5.73752088043695,retreating
101,2015-2020,1.6307242837966442,advancing
102,2015-2020,-0.4320441655478725,stable
103,2015-2020,-5.924147949788605,retreating
104,2015-2020,-2.414818562129242,retreating
105,2015-2020,-0.5457741438770385,retreating
106,2015-2020,-1.390841079525098,retreating
107,2015-2020,0.9074817645098116,advancing
108,2015-2020,0.7420572398147354,advancing
109,2015-2020,1.3305020741580191,advancing
110,2015-2020,0.8185431481500881,advancing
111,2015-2020,0.5264695212270977,advancing
112,2015-2020,0.4908558579180912,stable
113,2015-2020,0.3554738379913073,stable
114,2015-2020,0.1490662916695218,stable
115,2015-2020,-0.1285259150679528,stable
116,2015-2020,0.2150079351197378,stable
117,2015-2020,0.25245141063870397,stable
118,2015-2020,0.3032178029911432,stable
119,2015-2020,-0.48938432782975405,stable
120,2015-2020,-0.8695119395022914,retreating
121,2015-2020,-0.5918055627125157,retreating
122,2015-2020,0.3376760340976214,stable
123,2015-2020,0.8945822067356144,advancing
124,2015-2020,0.6353231841236943,advancing
125,2015-2020,0.7001673358686538,advancing
126,2015-2020,0.4277066112390081,stable
127,2015-2020,-0.03802236138986008,stable
128,2015-2020,0.8677238424725856,advancing
129,2015-2020,0.5645113246030236,advancing
130,2015-2020,0.5804551703689299,advancing
131,2015-2020,0.9997529242617667,advancing
132,2015-2020,1.1593175212837468,advancing
133,2015-2020,0.7599545775011882,advancing
134,2015-2020,0.43661401608968137,stable
135,2015-2020,0.3422542599831947,stable
136,2015-2020,0.665683354878599,advancing
137,2015-2020,0.5449702047409842,advancing
138,2015-2020,0.9676956262708563,advancing
139,2015-2020,0.8645763420713662,advancing
140,2015-2020,0.9471469612835609,advancing
141,2015-2020,0.6378724844416211,advancing
142,2015-2020,0.6086578944385537,advancing
143,2015-2020,0.7044700474286903,advancing
144,2015-2020,0.5119943805584566,advancing
145,2015-2020,0.20631097070059026,stable
146,2015-2020,1.0568333956699225,advancing
147,2015-2020,0.9491302571654887,advancing
148,2015-2020,0.8164211433584684,advancing
149,2015-2020,0.7866327718623055,advancing
150,2015-2020,1.0499109371700752,advancing
151,2015-2020,0.22557135430028474,stable
152,2015-2020,-0.30651069098437433,stable
153,2015-2020,-0.02579691176033,stable
154,2015-2020,0.3075779255438695,stable
155,2015-2020,0.16982687400427138,stable
156,2015-2020,0.8245845764471483,advancing
157,2015-2020,0.9992524630198516,advancing
158,2015-2020,1.0238783713528363,advancing
159,2015-2020,0.0727846396889384,stable
160,2015-2020,-0.2406470984715403,stable
161,2015-2020,0.1767396438514421,stable
162,2015-2020,0.45333066048276177,stable
163,2015-2020,1.1552586716898885,advancing
164,2015-2020,1.3794792603845631,advancing
165,2015-2020,1.3998179872754377,advancing
166,2015-2020,0.8805721874391981,advancing
167,2015-2020,1.4430395035835946,advancing
168,2015-2020,2.162049646263314,advancing
169,2015-2020,0.4777203358620545,stable
170,2015-2020,1.0801168494340196,advancing
171,2015-2020,0.6343689324006949,advancing
172,2015-2020,0.14646119451473688,stable
173,2015-2020,1.237867242236194,advancing
174,2015-2020,-0.14975523677819874,stable
175,2015-2020,0.043064531560592804,stable
176,2015-2020,-0.4126858785829131,stable
177,2015-2020,-0.05122214964279719,stable
178,2015-2020,0.3747544681923633,stable
179,2015-2020,0.30503331507772846,stable
180,2015-2020,0.008312941192992983,stable
181,2015-2020,-0.06139323415153225,stable
182,2015-2020,-0.32012623870410967,stable
183,2015-2020,0.08036926584968637,stable
184,2015-2020,-0.2557636052264361,stable
185,2015-2020,-0.43428379524103533,stable
186,2015-2020,-0.576821830446984,retreating
187,2015-2020,0.025386589845643806,stable
188,2015-2020,-0.24435364962234796,stable
189,2015-2020,-0.43084296031326885,stable
190,2015-2020,-0.3105123029228376,stable
191,2015-2020,-0.3751948992625941,stable
192,2015-2020,0.3812447806675882,stable
193,2015-2020,0.5480764112446074,advancing
194,2015-2020,-3.1444362696478145,retreating
195,2015-2020,-0.43544323831619547,stable
196,2015-2020,-0.9315030421323359,retreating
197,2015-2020,0.02993105480188435,stable
198,2015-2020,0.14897355043887453,stable
199,2015-2020,1.0451064147113605,advancing
200,2015-2020,0.4202858264975505,stable
201,2015-2020,0.3717234532388718,stable
202,2015-2020,0.43526216626817715,stable
203,2015-2020,0.814704117006077,advancing
204,2015-2020,0.3174917583459546,stable
205,2015-2020,0.322817053541702,stable
206,2015-2020,0.26094747045908673,stable
207,2015-2020,-1.1195682267804905,retreating
208,2015-2020,0.003263279156552299,stable
209,2015-2020,0.45773455799605756,stable
210,2015-2020,-0.03384782850262943,stable
211,2015-2020,-0.6488360967784097,retreating
212,2015-2020,1.0582214175222313,advancing
213,2015-2020,0.3083724025529184,stable
214,2015-2020,-0.12499176566444715,stable
215,2015-2020,0.13493172910816625,stable
216,2015-2020,0.3495662314991089,stable
217,2015-2020,0.5278606880165639,advancing
218,2015-2020,0.6237026492419273,advancing
219,2015-2020,-0.06177512131233252,stable
220,2015-2020,-0.4140192379230259,stable
221,2015-2020,-0.2399912934025225,stable
222,2015-2020,0.6791561659894284,advancing
223,2015-2020,0.17533748398111898,stable
224,2015-2020,0.5631604018268065,advancing
225,2015-2020,-0.37540034890910395,stable
226,2015-2020,0.344459399268594,stable
227,2015-2020,-0.2928883327564141,stable
228,2015-2020,0.1735923893937325,stable
229,2015-2020,-0.030210702871267127,stable
230,2015-2020,-0.5059639630321472,retreating
231,2015-2020,-0.3065373779558376,stable
232,2015-2020,-0.5188009828110924,retreating
233,2015-2020,-1.0059195988514473,retreating
234,2015-2020,-1.482200970700439,retreating
235,2015-2020,0.30828441099040094,stable
236,2015-2020,-0.4175332426750657,stable
237,2015-2020,-1.012746813041835,retreating
238,2015-2020,-0.13512238168759685,stable
239,2015-2020,0.3185429310198939,stable
240,2015-2020,-0.484794542642232,stable
241,2015-2020,0.7014253251229527,advancing
242,2015-2020,0.6164935354094512,advancing
243,2015-2020,0.16545694143138295,stable
244,2015-2020,1.276466963610858,advancing
245,2015-2020,0.043402675676964736,stable
246,2015-2020,1.0938816123082342,advancing
247,2015-2020,0.8249697832985412,advancing
248,2015-2020,1.079969880665658,advancing
249,2015-2020,-0.7991002310602047,retreating
250,2015-2020,-0.18872716468879527,stable
251,2015-2020,0.7592007864895427,advancing
252,2015-2020,-0.8047688868245523,retreating
253,2015-2020,-0.42904767401308175,stable
254,2015-2020,0.4877764906843775,stable
255,2015-2020,-0.700345165144449,retreating
256,2015-2020,-0.4799475479902867,stable
257,2015-2020,0.005780444812826443,stable
258,2015-2020,-0.44035680280994305,stable
259,2015-2020,-4.755720257738046,retreating
260,2015-2020,-1.549942818046314,retreating
261,2015-2020,-0.46598133777599804,stable
262,2015-2020,-3.4079057142186793,retreating
263,2015-2020,-1.153988139410645,retreating
264,2015-2020,-4.599494754005292,retreating
265,2015-2020,-0.959654620061902,retreating
266,2015-2020,-0.4482193997079744,stable
267,2015-2020,-0.2891082254922436,stable
268,2015-2020,-0.6107102498486001,retreating
269,2015-2020,0.2615560709221394,stable
270,2015-2020,0.6473372964031787,advancing
271,2015-2020,0.5450318075644535,advancing
272,2015-2020,1.0874458778705216,advancing
273,2015-2020,0.4324247461673301,stable
274,2015-2020,0.9329397069311792,advancing
275,2015-2020,0.8907014695476096,advancing
276,2015-2020,0.6857965581489234,advancing
277,2015-2020,0.611044780611532,advancing
278,2015-2020,0.6142031993699915,advancing
279,2015-2020,0.4462407579598982,stable
280,2015-2020,0.40987231104064514,stable
281,2015-2020,1.049831664589405,advancing
282,2015-2020,0.7184518073947359,advancing
283,2015-2020,-0.17597657272805559,stable
284,2015-2020,0.8941034144501117,advancing
285,2015-2020,0.5073535446533238,advancing
286,2015-2020,0.5397506534108165,advancing
287,2015-2020,0.5092085738906855,advancing
288,2015-2020,0.1010172627808194,stable
289,2015-2020,-0.9777874428457753,retreating
290,2015-2020,-0.41840615245674034,stable
291,2015-2020,0.34522686305077255,stable
292,2015-2020,-0.012048532427190438,stable
293,2015-2020,0.19588277944015972,stable
294,2015-2020,-0.7451119753632771,retreating
295,2015-2020,-0.5165496772889763,retreating
296,2015-2020,-1.141902116937907,retreating
297,2015-2020,-1.3259988279211292,retreating
298,2015-2020,0.2114210562769168,stable
299,2015-2020,-0.3172116618565862,stable
300,2015-2020,2.2461451969627197,advancing
301,2015-2020,0.03438127517492092,stable
302,2015-2020,0.1348314178602429,stable
303,2015-2020,-1.2530682896380725,retreating
304,2015-2020,-2.3178818290797447,retreating
305,2015-2020,0.7928958938942915,advancing
306,2015-2020,-1.0605847009782292,retreating
307,2015-2020,-0.8397485706372656,retreating
308,2015-2020,0.2740748512293796,stable
309,2015-2020,-0.8707058317822607,retreating
310,2015-2020,-0.3471306503042761,stable
311,2015-2020,0.15510031751150963,stable
312,2015-2020,-0.5185100186625015,retreating
313,2015-2020,-0.10631885874957223,stable
314,2015-2020,0.4445824057388312,stable
315,2015-2020,-0.11030047280840503,stable
316,2015-2020,0.5584779596078041,advancing
317,2015-2020,0.23978996767766486,stable
318,2015-2020,0.15102277650224472,stable
319,2015-2020,0.6548912986139388,advancing
320,2015-2020,0.6537730405956784,advancing
321,2015-2020,0.335354938772254,stable
322,2015-2020,1.0305694668117413,advancing
323,2015-2020,0.44906520803549793,stable
324,2015-2020,0.39147031154821066,stable
325,2015-2020,0.4208692989289443,stable
326,2015-2020,-0.0919886524405657,stable
327,2015-2020,0.1593392813753347,stable
328,2015-2020,0.18877439287123113,stable
329,2015-2020,0.46444484644911344,stable
330,2015-2020,-0.3231219941151469,stable
331,2015-2020,-0.21234855138593334,stable
332,2015-2020,1.6312442876705435,advancing
333,2015-2020,3.888158784353782,advancing
334,2015-2020,0.018795341732231085,stable
335,2015-2020,0.12305387288376124,stable
336,2015-2020,0.35699337976046164,stable
337,2015-2020,3.0632018472842937,advancing
338,2015-2020,-0.014065032419862337,stable
339,2015-2020,0.35133653099406925,stable
340,2015-2020,-0.021129057856278066,stable
341,2015-2020,0.27113867163231514,stable
342,2015-2020,-0.06807593602759779,stable
343,2015-2020,1.3066777694029406,advancing
344,2015-2020,0.054725943632225764,stable
345,2015-2020,-1.3355068463956348,retreating
346,2015-2020,-0.14813010249828393,stable
347,2015-2020,-0.3119298497880155,stable
348,2015-2020,0.7271536417745312,advancing
349,2015-2020,-0.2867394634340751,stable
350,2015-2020,0.6334910355422025,advancing
351,2015-2020,-2.649070161476866,retreating
352,2015-2020,0.26634084935959784,stable
353,2015-2020,1.8632117413117175,advancing
354,2015-2020,2.2313267122826463,advancing
355,2015-2020,2.171003809519426,advancing
356,2015-2020,3.288044311310068,advancing
357,2015-2020,-0.15508829551866243,stable
358,2015-2020,-0.616024796808938,retreating
359,2015-2020,0.49178733037782335,stable
360,2015-2020,-0.05902512714950729,stable
361,2015-2020,1.2922190000248084,advancing
362,2015-2020,1.0804311361881882,advancing
363,2015-2020,-0.5600815008298813,retreating
364,2015-2020,0.6781022067217493,advancing
365,2015-2020,0.4186076160934068,stable
366,2015-2020,0.0067498451521032805,stable
367,2015-2020,-0.015015260132631793,stable
368,2015-2020,-0.0784454821612598,stable
369,2015-2020,0.058222072292000035,stable
370,2015-2020,-0.4578843129329085,stable
371,2015-2020,-0.6569297071054563,retreating
372,2015-2020,0.2303630979976802,stable
373,2015-2020,-0.2055636816736981,stable
374,2015-2020,-0.2538660679420717,stable
375,2015-2020,-0.45565412559005825,stable
376,2015-2020,-0.7102963108707774,retreating
377,2015-2020,-0.23539702997497153,stable
378,2015-2020,-1.0513256087199805,retreating
379,2015-2020,-1.7084448372321583,retreating
380,2015-2020,-1.675548816833101,retreating
381,2015-2020,-0.707085830375809,retreating
382,2015-2020,-1.242423246893714,retreating
383,2015-2020,-0.5316142478125532,retreating
384,2015-2020,1.226486189168487,advancing
385,2015-2020,0.30792367713818236,stable
386,2015-2020,0.13800477650021215,stable
387,2015-2020,-0.6732425615998274,retreating
388,2015-2020,-0.40654471007452464,stable
389,2015-2020,1.1088317924275395,advancing
390,2015-2020,0.40775439744205755,stable
391,2015-2020,1.283534166510883,advancing
392,2015-2020,1.814354412821054,advancing
393,2015-2020,0.7551685420630535,advancing
394,2015-2020,0.921980543131814,advancing
395,2015-2020,1.1835407047783866,advancing
396,2015-2020,1.3818267933790445,advancing
397,2015-2020,-0.2842084232662959,stable
398,2015-2020,0.5172270856354191,advancing
399,2015-2020,0.9930587174576362,advancing
400,2015-2020,0.9920014462770638,advancing
401,2015-2020,1.4037825623488018,advancing
402,2015-2020,1.8977587723492118,advancing
403,2015-2020,1.6267122744473064,advancing
404,2015-2020,0.46653469108894385,stable
405,2015-2020,-1.5403058850343219,retreating
406,2015-2020,-1.3210253480465937,retreating
407,2015-2020,0.278571941788971,stable
408,2015-2020,1.3264695844617171,advancing
409,2015-2020,3.7453312701117287,advancing
410,2015-2020,0.494951594606595,stable
411,2015-2020,1.181500275226807,advancing
412,2015-2020,3.1781308897457734,advancing
413,2015-2020,2.632964116081322,advancing
414,2015-2020,6.363399286289956,advancing
415,2015-2020,6.487593802611907,advancing
416,2015-2020,8.092961280757093,advancing
417,2015-2020,-0.4844355922491431,stable
418,2015-2020,4.333108590565699,advancing
419,2015-2020,-0.09448314259109523,stable
420,2015-2020,0.0664522035347692,stable
421,2015-2020,0.863846692040093,advancing
422,2015-2020,2.574830043726236,advancing
423,2015-2020,2.628075198449075,advancing
424,2015-2020,2.9268962867905284,advancing
425,2015-2020,0.5392686276419237,advancing
426,2015-2020,0.5334792959978638,advancing
427,2015-2020,3.503295087194585,advancing
428,2015-2020,-0.7792673698572572,retreating
429,2015-2020,0.9380232067070127,advancing
430,2015-2020,-1.186444929856361,retreating
431,2015-2020,-1.4320521359641138,retreating
432,2015-2020,3.898515419872269,advancing
433,2015-2020,-0.3194067150405254,stable
434,2015-2020,0.3803473160230793,stable
435,2015-2020,-0.7939711778335468,retreating
436,2015-2020,1.3226398725179385,advancing
437,2015-2020,0.5876502652364859,advancing
438,2015-2020,2.1510320067024944,advancing
439,2015-2020,3.2586311050824435,advancing
440,2015-2020,4.22975737833161,advancing
441,2015-2020,5.313874726115415,advancing
442,2015-2020,2.450722987204846,advancing
443,2015-2020,1.1214069079678395,advancing
444,2015-2020,3.512695390869416,advancing
445,2015-2020,1.7796057302461716,advancing
446,2015-2020,0.5858204251187537,advancing
447,2015-2020,0.4021189997024943,stable
448,2015-2020,5.480288117703303,advancing
449,2015-2020,-0.013188277729573216,stable
450,2015-2020,2.2949507361641186,advancing
451,2015-2020,3.6437650433166655,advancing
452,2015-2020,1.5394060904175952,advancing
453,2015-2020,5.1335326778133705,advancing
454,2015-2020,1.726996051869946,advancing
455,2015-2020,2.6560543978349793,advancing
456,2015-2020,2.3554903139214565,advancing
457,2015-2020,1.3560018227661275,advancing
458,2015-2020,2.401147737865164,advancing
459,2015-2020,0.4847779887661701,stable
460,2015-2020,3.068200280012753,advancing
461,2015-2020,5.979400465644927,advancing
462,2015-2020,0.1598255876787876,stable
463,2015-2020,1.4149341056268985,advancing
464,2015-2020,-0.19050467677781685,stable
465,2015-2020,0.8911344329860638,advancing
466,2015-2020,0.39767114077620247,stable
467,2015-2020,-0.18664389583798335,stable
468,2015-2020,-1.2132787038623,retreating
469,2015-2020,3.2794540940584813,advancing
470,2015-2020,-1.0528499006004939,retreating
471,2015-2020,-0.10249144304807059,stable
472,2015-2020,-2.3432829198849454,retreating
473,2015-2020,2.845106253492479,advancing
474,2015-2020,4.90688699942133,advancing
475,2015-2020,0.6565669008980357,advancing
476,2015-2020,1.0181909823874034,advancing
477,2015-2020,-0.37212896863411793,stable
478,2015-2020,1.1232427085609993,advancing
479,2015-2020,0.03747980814556678,stable
480,2015-2020,-0.1871682718375633,stable
481,2015-2020,1.7381630904504004,advancing
482,2015-2020,2.827919138260363,advancing
483,2015-2020,1.9068534307395748,advancing
484,2015-2020,-2.0580259114263937,retreating
485,2015-2020,-0.8170603143929258,retreating
486,2015-2020,-1.494093448089415,retreating
487,2015-2020,-2.02525983660551,retreating
488,2015-2020,-0.8936210270685273,retreating
489,2015-2020,-0.6569789012364816,retreating
490,2015-2020,0.3453927382459739,stable
491,2015-2020,0.5020058128272306,advancing
492,2015-2020,0.8144562800623937,advancing
493,2015-2020,-0.05048140953089876,stable
494,2015-2020,-0.10659581364285406,stable
495,2015-2020,-0.6815639896224545,retreating
496,2015-2020,0.19806895769037708,stable
497,2015-2020,1.1019572470699168,advancing
498,2015-2020,0.8573118031698781,advancing
499,2015-2020,3.487333339794233,advancing
500,2015-2020,0.03301865336021281,stable
501,2015-2020,-0.5722483698741704,retreating
502,2015-2020,-0.5544946023453196,retreating
503,2015-2020,-2.544901880800823,retreating
504,2015-2020,-1.0736442979960128,retreating
505,2015-2020,0.7726209816137861,advancing
506,2015-2020,-1.013602483313721,retreating
507,2015-2020,-1.2022765276310985,retreating
508,2015-2020,-0.3425817270662188,stable
509,2015-2020,1.0641365017157793,advancing
510,2015-2020,-0.8109640384009895,retreating
511,2015-2020,-2.8306387656293657,retreating
512,2015-2020,1.2486834181510973,advancing
513,2015-2020,0.5843456258107889,advancing
514,2015-2020,0.09788328374042561,stable
618,2015-2020,0.5927960469096051,advancing
619,2015-2020,0.004042896702396834,stable
620,2015-2020,0.3985811202254073,stable
621,2015-2020,0.6617066031292117,advancing
622,2015-2020,-0.26680370940948966,stable
623,2015-2020,0.008292003022793464,stable
624,2015-2020,-1.2396664271559208,retreating
625,2015-2020,-1.1987265755135275,retreating
626,2015-2020,0.18678022853339685,stable
627,2015-2020,0.23660758124201936,stable
628,2015-2020,-1.1340231074791796,retreating
629,2015-2020,-0.0370006866527845,stable
630,2015-2020,-1.0651669201714271,retreating
631,2015-2020,-2.538403466539182,retreating
632,2015-2020,-0.39406110237587855,stable
633,2015-2020,0.03186771157965708,stable
634,2015-2020,0.3310581464113236,stable
635,2015-2020,-0.1618815313043275,stable
636,2015-2020,0.28969389632858467,stable
637,2015-2020,-0.12350672128727663,stable
638,2015-2020,-1.0213491723977597,retreating
639,2015-2020,-0.23978427439290703,stable
640,2015-2020,0.35021310957054586,stable
641,2015-2020,0.5602926653176263,advancing
642,2015-2020,0.09600717291822711,stable
643,2015-2020,0.6215557540952082,advancing
644,2015-2020,0.504446302853918,advancing
645,2015-2020,0.6098096818466237,advancing
646,2015-2020,1.5319794270072982,advancing
647,2015-2020,-0.46392445688646067,stable
648,2015-2020,0.04237540839220701,stable
649,2015-2020,-0.37822594716179075,stable
650,2015-2020,0.4951289029077253,stable
651,2015-2020,-0.4998874529648164,stable
652,2015-2020,-0.9186753361332234,retreating
653,2015-2020,-1.1844949491701557,retreating
654,2015-2020,-2.2568174849907336,retreating
655,2015-2020,-1.8870674316422078,retreating
656,2015-2020,-2.502969051013191,retreating
657,2015-2020,-1.6624588033454757,retreating
658,2015-2020,-1.0324473426819232,retreating
659,2015-2020,-1.5303464370623305,retreating
660,2015-2020,-0.9268465888721764,retreating
661,2015-2020,-1.6833798867374519,retreating
662,2015-2020,-0.17442213048990918,stable
663,2015-2020,-0.8702742844869478,retreating
664,2015-2020,-0.0013558235511729724,stable
665,2015-2020,-0.24511395986894108,stable
666,2015-2020,0.6775526599134842,advancing
667,2015-2020,-0.3591595206949498,stable
668,2015-2020,0.3990925006830384,stable
669,2015-2020,-0.2186551002014801,stable
670,2015-2020,-0.5861992124533681,retreating
671,2015-2020,-1.375802326347326,retreating
672,2015-2020,-2.1919891929492095,retreating
673,2015-2020,-0.8712730113686418,retreating
674,2015-2020,-0.9511555093000257,retreating
675,2015-2020,-0.5497519188891807,retreating
676,2015-2020,-3.2350536759429733,retreating
677,2015-2020,-2.5655872484142774,retreating
678,2015-2020,-2.079999729298958,retreating
679,2015-2020,-2.7676239437492027,retreating
680,2015-2020,-2.3448077073997022,retreating
681,2015-2020,-2.5118908118971506,retreating
682,2015-2020,-0.6412957087532009,retreating
683,2015-2020,-0.19899526486272298,stable
684,2015-2020,-1.6392537342093398,retreating
685,2015-2020,-1.3397702615770537,retreating
686,2015-2020,0.5837166372139004,advancing
687,2015-2020,-1.3684844359489872,retreating
688,2015-2020,-0.6387109835110476,retreating
689,2015-2020,0.6906069424632355,advancing
690,2015-2020,0.352950468910636,stable
691,2015-2020,-0.10949605893946804,stable
692,2015-2020,0.13347216622279529,stable
693,2015-2020,-0.4693222020887768,stable
694,2015-2020,0.23009779529055888,stable
695,2015-2020,-2.4073877483725763,retreating
696,2015-2020,0.14380175935802714,stable
697,2015-2020,0.4642104457921722,stable
698,2015-2020,-1.1147262865543497,retreating
699,2015-2020,-1.0260661009479632,retreating
700,2015-2020,0.501705351485372,advancing
701,2015-2020,0.3472669439646733,stable
702,2015-2020,0.14191559240447849,stable
703,2015-2020,-0.3905196002609176,stable
704,2015-2020,0.298640134307908,stable
705,2015-2020,0.5660997422130647,advancing
706,2015-2020,-1.6884746694996813,retreating
707,2015-2020,-1.8591041729206466,retreating
708,2015-2020,-1.581407528080181,retreating
709,2015-2020,-0.4752648566062325,stable
710,2015-2020,0.3311809400029979,stable
711,2015-2020,-0.3806636293210677,stable
712,2015-2020,-0.015957603037123853,stable
713,2015-2020,-0.7411741108207459,retreating
714,2015-2020,0.04718444763444274,stable
715,2015-2020,-1.022290774214222,retreating
716,2015-2020,-1.105497588134201,retreating
717,2015-2020,-0.6738279235583403,retreating
718,2015-2020,-0.6734656712644856,retreating
719,2015-2020,-1.6649940800816914,retreating
746,2015-2020,10.525185959258824,advancing
747,2015-2020,13.446361327235095,advancing
752,2015-2020,11.865826704022872,advancing
753,2015-2020,7.978530420609204,advancing
754,2015-2020,7.291645927767971,advancing
755,2015-2020,2.943823698463383,advancing
756,2015-2020,-0.6046951856430883,retreating
757,2015-2020,0.870811984017734,advancing
758,2015-2020,3.8136441842806916,advancing
759,2015-2020,4.2130507295032436,advancing
760,2015-2020,0.2743149529466154,stable
761,2015-2020,-0.3845185528981728,stable
762,2015-2020,-0.48832721716821037,stable
763,2015-2020,-0.7167401213047679,retreating
764,2015-2020,-0.2579071723597831,stable
765,2015-2020,-1.0680205172005564,retreating
766,2015-2020,1.5494238135452634,advancing
767,2015-2020,-8.441981349904061,retreating
768,2015-2020,2.56086475144213,advancing
769,2015-2020,2.2500676877607066,advancing
770,2015-2020,1.3854375817828577,advancing
771,2015-2020,-2.6795540771769173,retreating
772,2015-2020,-0.35529073727434113,stable
773,2015-2020,-4.447704161251682,retreating
774,2015-2020,-1.5424016211126308,retreating
775,2015-2020,0.9464031860458156,advancing
776,2015-2020,-1.9913215218384248,retreating
777,2015-2020,4.851026131283784,advancing
778,2015-2020,6.740675830501586,advancing
779,2015-2020,5.53587370145479,advancing
780,2015-2020,6.400727988903927,advancing
781,2015-2020,3.7967520784604245,advancing
782,2015-2020,5.350062577728605,advancing
783,2015-2020,4.058294392666953,advancing
784,2015-2020,12.160894710664486,advancing
785,2015-2020,-0.06936975775885651,stable
786,2015-2020,6.601332322717596,advancing
787,2015-2020,5.222423327719786,advancing
788,2015-2020,-3.12305852583971,retreating
789,2015-2020,0.4997623611015446,stable
790,2015-2020,2.7381183489068595,advancing
791,2015-2020,1.5030465933802875,advancing
792,2015-2020,1.128442093332372,advancing
793,2015-2020,1.6603062222105318,advancing
794,2015-2020,-1.0711459572882387,retreating
795,2015-2020,-0.06620118077400929,stable
796,2015-2020,9.281704882924048,advancing
797,2015-2020,0.6115069059655012,advancing
798,2015-2020,3.3811707482898967,advancing
799,2015-2020,0.03541324811272124,stable
800,2015-2020,2.3011699817767175,advancing
801,2015-2020,-4.582034084706477,retreating
802,2015-2020,-3.925283928181908,retreating
803,2015-2020,1.5427724002970093,advancing
804,2015-2020,2.6282787674271137,advancing
805,2015-2020,0.7062042118549547,advancing
806,2015-2020,0.2939366924190136,stable
807,2015-2020,3.4335435051299337,advancing
808,2015-2020,0.5949791532510381,advancing
809,2015-2020,-0.11798451519903053,stable
810,2015-2020,0.7144876796408495,advancing
811,2015-2020,-2.4369038905465894,retreating
812,2015-2020,-0.016451201379283572,stable
813,2015-2020,-0.044754668539278335,stable
814,2015-2020,0.7519484360559422,advancing
815,2015-2020,1.1200385938986568,advancing
816,2015-2020,1.5267887546855419,advancing
817,2015-2020,1.7433973958475322,advancing
818,2015-2020,0.8897822791616516,advancing
819,2015-2020,1.6561927091613433,advancing
820,2015-2020,1.258386761998275,advancing
821,2015-2020,0.9531848478065763,advancing
822,2015-2020,-0.47927223938630137,stable
823,2015-2020,-0.8624001157204775,retreating
824,2015-2020,0.6718288458934621,advancing
825,2015-2020,-0.42045246388593394,stable
826,2015-2020,0.4949227272581366,stable
827,2015-2020,0.3890342428149555,stable
828,2015-2020,0.5953350153892892,advancing
829,2015-2020,0.6365057998900544,advancing
830,2015-2020,-0.4703604957133372,stable
831,2015-2020,-0.40184517763516125,stable
832,2015-2020,0.5100647463993255,advancing
833,2015-2020,1.0531051116742804,advancing
834,2015-2020,0.23771830260898713,stable
835,2015-2020,-0.444539887360206,stable
836,2015-2020,-1.7032278765502058,retreating
837,2015-2020,-0.25653582163501093,stable
838,2015-2020,0.2844533355291341,stable
839,2015-2020,0.35147985582190694,stable
840,2015-2020,-1.6955926750783659,retreating
847,2015-2020,13.192807502002541,advancing
849,2015-2020,11.871511945887834,advancing
851,2015-2020,14.097709357006892,advancing
852,2015-2020,12.182467729500502,advancing
853,2015-2020,13.352325816171415,advancing
854,2015-2020,12.478454258215155,advancing
855,2015-2020,10.235615724182438,advancing
856,2015-2020,10.594265364552893,advancing
857,2015-2020,10.796115601133073,advancing
858,2015-2020,8.157443879664203,advancing
859,2015-2020,9.569040933223485,advancing
860,2015-2020,6.328760680818125,advancing
861,2015-2020,9.724565984673875,advancing
862,2015-2020,12.998421995503353,advancing
863,2015-2020,7.973741533793714,advancing
864,2015-2020,9.477488756116328,advancing
865,2015-2020,8.483117899582862,advancing
866,2015-2020,6.54733207902528,advancing
867,2015-2020,5.603007106482758,advancing
868,2015-2020,3.5784862573903866,advancing
869,2015-2020,2.2053951416435047,advancing
870,2015-2020,3.987615243623578,advancing
871,2015-2020,2.9628930590700433,advancing
872,2015-2020,3.92452423805774,advancing
873,2015-2020,6.989318228736528,advancing
874,2015-2020,5.286474096713526,advancing
875,2015-2020,4.650267376553819,advancing
876,2015-2020,4.746263002409926,advancing
877,2015-2020,5.318155870002396,advancing
878,2015-2020,5.0947603509836945,advancing
879,2015-2020,6.931191869572937,advancing
880,2015-2020,4.598639267744492,advancing
881,2015-2020,3.9274897756062694,advancing
882,2015-2020,5.693721308853723,advancing
883,2015-2020,3.2119921906675977,advancing
884,2015-2020,4.079671432914829,advancing
885,2015-2020,6.049529533163018,advancing
886,2015-2020,4.820122065506661,advancing
887,2015-2020,2.313153248960145,advancing
888,2015-2020,0.5510773479383128,advancing
889,2015-2020,-1.6875336207830345,retreating
890,2015-2020,-1.3300818907619703,retreating
891,2015-2020,-1.326121884431262,retreating
892,2015-2020,-0.937088363445189,retreating
893,2015-2020,-1.6599363695792007,retreating
894,2015-2020,-2.0056355467402147,retreating
895,2015-2020,-1.3236958614340952,retreating
896,2015-2020,-1.1791584401447222,retreating
897,2015-2020,-2.2966131936927217,retreating
898,2015-2020,-2.6410606854334846,retreating
899,2015-2020,-3.2482558293009314,retreating
900,2015-2020,-2.1494633389467275,retreating
901,2015-2020,-4.803706049057455,retreating
902,2015-2020,-1.7340252575957733,retreating
903,2015-2020,-2.067521610672653,retreating
904,2015-2020,0.1941851780950674,stable
905,2015-2020,-1.6462849554664774,retreating
906,2015-2020,-1.5405122109838176,retreating
907,2015-2020,-1.8232121114950004,retreating
908,2015-2020,-2.2412531732623,retreating
909,2015-2020,-1.7615889494697763,retreating
910,2015-2020,-2.4460940004562026,retreating
911,2015-2020,-1.9451446590522896,retreating
912,2015-2020,-2.6600702337274877,retreating
913,2015-2020,-2.7267568198608907,retreating
914,2015-2020,-3.6188295143227105,retreating
915,2015-2020,-2.1789998189986397,retreating
916,2015-2020,-2.4260840474587524,retreating
917,2015-2020,-2.7511856815207474,retreating
918,2015-2020,-2.722121383232282,retreating
919,2015-2020,-3.0818084821459166,retreating
920,2015-2020,-3.098207079907635,retreating
921,2015-2020,-2.7538845699965098,retreating
922,2015-2020,-2.367900950941566,retreating
923,2015-2020,-2.6718708527076527,retreating
924,2015-2020,-2.5406963591209077,retreating
925,2015-2020,-1.7961751354698552,retreating
926,2015-2020,-2.2578847483083093,retreating
927,2015-2020,-2.450753873290316,retreating
928,2015-2020,-2.0483590993705283,retreating
929,2015-2020,-1.6608857143473457,retreating
930,2015-2020,-1.9694317388442701,retreating
931,2015-2020,-0.9639408101042581,retreating
932,2015-2020,-0.8262882900824068,retreating
933,2015-2020,-0.4056625752818306,stable
934,2015-2020,-0.889283141199841,retreating
935,2015-2020,1.257324624351439,advancing
936,2015-2020,0.4456571283294713,stable
937,2015-2020,2.3229285999740834,advancing
938,2015-2020,0.705756330506224,advancing
939,2015-2020,0.47250512883429496,stable
940,2015-2020,0.7056457775773608,advancing
941,2015-2020,-1.4092060209635804,retreating
942,2015-2020,-1.524522501925038,retreating
943,2015-2020,-0.7242447433851651,retreating
944,2015-2020,-1.6681756048019871,retreating
945,2015-2020,-1.910929469794018,retreating
946,2015-2020,0.7443507922852814,advancing
947,2015-2020,-0.6507496390877083,retreating
948,2015-2020,-1.2625465189731981,retreating
949,2015-2020,-0.8902296905509933,retreating
950,2015-2020,-0.3426548572010789,stable
951,2015-2020,-0.06752597938900853,stable
952,2015-2020,-1.0502667234942078,retreating
953,2015-2020,-1.7830702285031899,retreating
954,2015-2020,-1.3515633391997774,retreating
955,2015-2020,-2.5010190555166143,retreating
956,2015-2020,-1.3241129031840801,retreating
957,2015-2020,-1.3484739541075805,retreating
958,2015-2020,-1.7845773685394235,retreating
959,2015-2020,2.653239085461446,advancing
960,2015-2020,0.555076584335946,advancing
961,2015-2020,2.7825667125996016,advancing
0,2020-2025,-1.9404773989392186,retreating
1,2020-2025,-0.963536224366484,retreating
2,2020-2025,-0.5533821380132138,retreating
3,2020-2025,0.08792396754085595,stable
4,2020-2025,0.12597444451701167,stable
5,2020-2025,-0.9600284956074139,retreating
6,2020-2025,-1.7482489925630424,retreating
7,2020-2025,-1.938985855465031,retreating
8,2020-2025,-2.4335153177630917,retreating
9,2020-2025,-1.5128673183999028,retreating
10,2020-2025,-1.0745840221490408,retreating
11,2020-2025,-2.0548617268662612,retreating
12,2020-2025,-1.5612636792941772,retreating
13,2020-2025,-2.1078445932962597,retreating
14,2020-2025,-2.463423583112699,retreating
15,2020-2025,-2.9389954426621765,retreating
16,2020-2025,-4.516040435271691,retreating
17,2020-2025,-3.1188649031977613,retreating
18,2020-2025,-0.7004978715434707,retreating
19,2020-2025,-0.5595633871971096,retreating
20,2020-2025,-1.2365226462770598,retreating
21,2020-2025,-2.3429841628851467,retreating
22,2020-2025,-2.276584241788825,retreating
23,2020-2025,-1.369376038918139,retreating
24,2020-2025,-1.440840887630689,retreating
25,2020-2025,-1.0895879455034145,retreating
26,2020-2025,-1.1639752390887952,retreating
27,2020-2025,-1.0194029512767775,retreating
28,2020-2025,-1.5602563686130209,retreating
29,2020-2025,-0.8833869804340609,retreating
30,2020-2025,-1.7462479546855438,retreating
31,2020-2025,-2.1421941837771863,retreating
32,2020-2025,-2.1719040546859465,retreating
33,2020-2025,-2.8013307372174125,retreating
34,2020-2025,-1.8306853032640729,retreating
35,2020-2025,-1.2175501344405033,retreating
36,2020-2025,-1.279188419413536,retreating
37,2020-2025,-2.0382882043881834,retreating
38,2020-2025,-2.4474613707157826,retreating
39,2020-2025,-2.163225020928312,retreating
40,2020-2025,-2.1439823707338674,retreating
41,2020-2025,-1.8394917277697704,retreating
42,2020-2025,-1.3137700835902808,retreating
43,2020-2025,-1.298647674879969,retreating
44,2020-2025,2.5228890926857703,advancing
45,2020-2025,1.3748822056831043,advancing
46,2020-2025,0.7513716411580394,advancing
47,2020-2025,0.2160470318535403,stable
48,2020-2025,-1.715781817301711,retreating
49,2020-2025,-1.0950625670515564,retreating
50,2020-2025,2.071242345160904,advancing
51,2020-2025,-1.1478202726731952,retreating
52,2020-2025,-1.9850341814600787,retreating
53,2020-2025,-2.063577501460683,retreating
54,2020-2025,-2.0014901536011105,retreating
55,2020-2025,0.23834861012939634,stable
56,2020-2025,-1.557502914256684,retreating
57,2020-2025,-0.9530812096393331,retreating
58,2020-2025,-0.8012953838527672,retreating
59,2020-2025,-1.0413458454374063,retreating
60,2020-2025,0.11812163641384299,stable
61,2020-2025,0.002782245491491096,stable
62,2020-2025,1.518815466288201,advancing
63,2020-2025,-0.09194610741957901,stable
64,2020-2025,1.3372930895223085,advancing
65,2020-2025,2.8005710970782407,advancing
66,2020-2025,-1.72970402896004,retreating
67,2020-2025,-1.8278198490019504,retreating
68,2020-2025,-1.1175158181051388,retreating
69,2020-2025,-3.6931403160785696,retreating
70,2020-2025,-6.031187818745239,retreating
71,2020-2025,-5.098040215414634,retreating
72,2020-2025,-3.7555061402421206,retreating
73,2020-2025,-5.063014038210456,retreating
74,2020-2025,-2.121782892973126,retreating
75,2020-2025,-1.3178775029190457,retreating
76,2020-2025,-1.764835245446953,retreating
77,2020-2025,10.198892357730363,advancing
78,2020-2025,-1.8529257347417216,retreating
79,2020-2025,-3.9381209839137656,retreating
80,2020-2025,-5.1983914956819905,retreating
81,2020-2025,-5.650063289737101,retreating
82,2020-2025,-5.121946713943168,retreating
83,2020-2025,-4.616440264309324,retreating
84,2020-2025,-4.370621737911769,retreating
85,2020-2025,-1.3465832020528792,retreating
86,2020-2025,-3.1742799127221444,retreating
87,2020-2025,-3.2322269285141156,retreating
88,2020-2025,-1.0512500900865385,retreating
89,2020-2025,-1.0446839987031526,retreating
90,2020-2025,-2.871950876479537,retreating
91,2020-2025,-0.3793464825212418,stable
92,2020-2025,-2.4635278641654392,retreating
93,2020-2025,-1.048738210792846,retreating
94,2020-2025,-1.575130264433573,retreating
95,2020-2025,-3.0112972781373006,retreating
96,2020-2025,-3.2766707139739917,retreating
97,2020-2025,-0.9708573676869274,retreating
98,2020-2025,-1.1960213189269853,retreating
99,2020-2025,-4.7525288465633935,retreating
100,2020-2025,0.13571894918296767,stable
101,2020-2025,-4.222884533853401,retreating
102,2020-2025,5.9943370716129225,advancing
103,2020-2025,-1.6369205798317945,retreating
104,2020-2025,0.23199010754255484,stable
105,2020-2025,-2.5006020682570753,retreating
106,2020-2025,-1.9241941285167194,retreating
107,2020-2025,-2.2441095511571474,retreating
108,2020-2025,-1.6085313781578838,retreating
109,2020-2025,-1.070384926224968,retreating
110,2020-2025,-0.5957857722567285,retreating
111,2020-2025,-0.5075956575413755,retreating
112,2020-2025,-0.9422098847396437,retreating
113,2020-2025,-0.687090869027575,retreating
114,2020-2025,-0.3480916378247248,stable
115,2020-2025,0.26374476126654706,stable
116,2020-2025,0.2673607762669716,stable
117,2020-2025,-1.1805101168459682,retreating
118,2020-2025,-0.24001634892840465,stable
119,2020-2025,0.003709137285523552,stable
120,2020-2025,-0.03438475329959606,stable
121,2020-2025,-0.44416051331732026,stable
122,2020-2025,-0.6141707957496216,retreating
123,2020-2025,-1.1620277484136308,retreating
124,2020-2025,-0.7343948719380435,retreating
125,2020-2025,-1.4100892920343506,retreating
126,2020-2025,-1.3358370779160302,retreating
127,2020-2025,-0.6374155761669011,retreating
128,2020-2025,-3.2875221673553146,retreating
129,2020-2025,-5.053356183418312,retreating
130,2020-2025,-7.919117871279887,retreating
131,2020-2025,-1.3128723102415925,retreating
132,2020-2025,-1.31076351129064,retreating
133,2020-2025,-1.071644917296489,retreating
134,2020-2025,-1.0458079286271331,retreating
135,2020-2025,-1.4159060082519876,retreating
136,2020-2025,-1.57020030109032,retreating
137,2020-2025,-1.1645478664980602,retreating
138,2020-2025,-1.9431044567651934,retreating
139,2020-2025,-1.0053429962961613,retreating
140,2020-2025,-0.9961155820762772,retreating
141,2020-2025,-0.8369067751164491,retreating
142,2020-2025,-0.890762479890677,retreating
143,2020-2025,-0.8696741206086136,retreating
144,2020-2025,-1.437450943309928,retreating
145,2020-2025,-1.8861818252329297,retreating
146,2020-2025,-1.5283628478610332,retreating
147,2020-2025,-1.2523805188273194,retreating
148,2020-2025,-1.226969370461977,retreating
149,2020-2025,-1.278526092398196,retreating
150,2020-2025,-0.8485368475165987,retreating
151,2020-2025,-1.360657062098635,retreating
152,2020-2025,-1.8875707757008533,retreating
153,2020-2025,-2.3977950411795206,retreating
154,2020-2025,-3.330230332156494,retreating
155,2020-2025,-2.8015975006251455,retreating
156,2020-2025,-2.829269713161874,retreating
157,2020-2025,-2.8380184389941068,retreating
158,2020-2025,-2.729864361546701,retreating
159,2020-2025,-2.0215217470420566,retreating
160,2020-2025,-2.546136626899395,retreating
161,2020-2025,-2.8002079522310526,retreating
162,2020-2025,-3.5969257299051636,retreating
163,2020-2025,-4.0923639200233835,retreating
164,2020-2025,-3.1858678797782787,retreating
165,2020-2025,-2.860014502863427,retreating
166,2020-2025,-3.0825130190292027,retreating
167,2020-2025,-4.980797359615306,retreating
168,2020-2025,-4.761615131176402,retreating
169,2020-2025,-1.7300308486847795,retreating
170,2020-2025,-2.524056907349253,retreating
171,2020-2025,-2.487176989081145,retreating
172,2020-2025,-5.2152776409578525,retreating
173,2020-2025,-5.925421064774182,retreating
174,2020-2025,-4.500803897387728,retreating
175,2020-2025,-5.051768141570426,retreating
176,2020-2025,-4.659906079106798,retreating
177,2020-2025,-2.528584551621721,retreating
178,2020-2025,-2.6164411133355614,retreating
179,2020-2025,-3.446658662075121,retreating
180,2020-2025,-3.948090226411943,retreating
181,2020-2025,-3.396448800226976,retreating
182,2020-2025,-3.2777424620493436,retreating
183,2020-2025,-3.015653891006816,retreating
184,2020-2025,-3.561049642980701,retreating
185,2020-2025,-3.137435103213379,retreating
186,2020-2025,-2.8437923698057865,retreating
187,2020-2025,-4.5560576084449895,retreating
188,2020-2025,-4.772750074002815,retreating
189,2020-2025,-7.386900728161527,retreating
190,2020-2025,-4.404775873964143,retreating
191,2020-2025,-8.684500261256158,retreating
192,2020-2025,-5.109593593758838,retreating
193,2020-2025,-5.464546371208511,retreating
194,2020-2025,-4.522947311977854,retreating
195,2020-2025,-1.976280889225699,retreating
196,2020-2025,-1.1277542599321349,retreating
197,2020-2025,-6.480297608291247,retreating
198,2020-2025,-4.000389322616574,retreating
203,2020-2025,-7.330709599640966,retreating
204,2020-2025,-2.8003086310521432,retreating
205,2020-2025,-2.096495728423124,retreating
206,2020-2025,0.29310260537276067,stable
207,2020-2025,1.2285749471544039,advancing
208,2020-2025,0.586696598233824,advancing
209,2020-2025,0.522964397473618,advancing
210,2020-2025,1.3067269234943466,advancing
211,2020-2025,1.2709367670290939,advancing
212,2020-2025,0.09583061530879779,stable
213,2020-2025,0.5672544576504396,advancing
214,2020-2025,0.9754578527963365,advancing
215,2020-2025,0.24888991150279247,stable
216,2020-2025,0.42403917566292093,stable
217,2020-2025,0.4334777983396772,stable
218,2020-2025,-0.20225550138639717,stable
219,2020-2025,0.12223683530361262,stable
220,2020-2025,0.08615300867520427,stable
221,2020-2025,0.8947960307886547,advancing
222,2020-2025,0.6330698740638888,advancing
223,2020-2025,1.1206764392312287,advancing
224,2020-2025,1.0012159823331142,advancing
225,2020-2025,-0.7791458792481746,retreating
226,2020-2025,-0.6007359402261673,retreating
227,2020-2025,-0.6786401840248657,retreating
228,2020-2025,0.14032785321169017,stable
229,2020-2025,0.15827049241573127,stable
230,2020-2025,-0.41247762468996707,stable
231,2020-2025,-0.658824506666126,retreating
232,2020-2025,0.1921144029620139,stable
233,2020-2025,0.3870925738813444,stable
234,2020-2025,0.8527190005480255,advancing
235,2020-2025,0.23145852482190216,stable
236,2020-2025,0.8449131429174351,advancing
237,2020-2025,0.4400081419688581,stable
238,2020-2025,0.1792810862369667,stable
239,2020-2025,0.1093071544768147,stable
240,2020-2025,0.41834582997405767,stable
241,2020-2025,-0.11661986727657862,stable
242,2020-2025,-0.07340511626939761,stable
243,2020-2025,0.4558880279947201,stable
244,2020-2025,0.33847385566374605,stable
245,2020-2025,0.12227480700494293,stable
246,2020-2025,0.08679423177243688,stable
247,2020-2025,-0.25019976814733796,stable
248,2020-2025,-0.7378158136042111,retreating
249,2020-2025,-0.7043252339423741,retreating
250,2020-2025,0.018571011136038033,stable
251,2020-2025,-0.45010079967526523,stable
252,2020-2025,-0.5661666603527754,retreating
253,2020-2025,-0.5314321389161377,retreating
254,2020-2025,-0.3416703874248608,stable
255,2020-2025,0.29343196160727425,stable
256,2020-2025,0.4650091444624777,stable
257,2020-2025,-0.3424493178359701,stable
258,2020-2025,-0.9927246263939453,retreating
259,2020-2025,0.23725842672709752,stable
260,2020-2025,-0.34366190117861883,stable
261,2020-2025,0.7753902168542003,advancing
262,2020-2025,-0.022700830599212997,stable
263,2020-2025,-0.061967096477415294,stable
264,2020-2025,0.4788142673831881,stable
265,2020-2025,-0.5202106979696782,retreating
266,2020-2025,-0.8814348593850793,retreating
267,2020-2025,-0.1631111915144384,stable
268,2020-2025,0.11875330043031333,stable
269,2020-2025,-1.162075543141993,retreating
270,2020-2025,-0.3218031712347559,stable
271,2020-2025,-0.25274621439234035,stable
272,2020-2025,-0.45962588983759617,stable
273,2020-2025,-0.5205458437890497,retreating
274,2020-2025,-0.1903930763257869,stable
275,2020-2025,-0.8872864545907666,retreating
276,2020-2025,-0.6489540650893774,retreating
277,2020-2025,0.010980678245138901,stable
278,2020-2025,-1.3737802876172478,retreating
279,2020-2025,-0.7341225527653745,retreating
280,2020-2025,-0.5564007874507826,retreating
281,2020-2025,-0.07482884935363432,stable
282,2020-2025,-1.4230344412635454,retreating
283,2020-2025,-0.8646427160611336,retreating
284,2020-2025,0.09932236469710173,stable
285,2020-2025,0.41470085306802845,stable
286,2020-2025,-3.0423677242811102,retreating
287,2020-2025,0.27738109539762007,stable
288,2020-2025,-11.482043453079052,retreating
289,2020-2025,-5.8663947581960905,retreating
290,2020-2025,0.29347790415329267,stable
291,2020-2025,0.307924761216719,stable
292,2020-2025,-0.1945462998950559,stable
293,2020-2025,-0.46784690420899366,stable
294,2020-2025,-0.7568810642092962,retreating
295,2020-2025,-1.49349065924881,retreating
296,2020-2025,0.020506564286316968,stable
297,2020-2025,-2.1161936295858714,retreating
298,2020-2025,-3.048052855423122,retreating
299,2020-2025,-0.1138193335498799,stable
300,2020-2025,-2.5430944855408844,retreating
301,2020-2025,-0.9053140669877537,retreating
302,2020-2025,-0.8980413113348293,retreating
303,2020-2025,-1.2510858765864619,retreating
304,2020-2025,-1.2393330946678345,retreating
305,2020-2025,-4.73998191653342,retreating
306,2020-2025,-2.0584623905584714,retreating
307,2020-2025,-2.396632643231075,retreating
308,2020-2025,0.16670399484562065,stable
309,2020-2025,-0.8430777087410551,retreating
310,2020-2025,-1.6387044161212876,retreating
311,2020-2025,-2.339028263992599,retreating
312,2020-2025,-0.8711624303682862,retreating
313,2020-2025,-0.9025703504872684,retreating
314,2020-2025,-2.818045533415873,retreating
315,2020-2025,-1.6467499855470735,retreating
316,2020-2025,-1.3932180158415848,retreating
317,2020-2025,-1.6865639284088536,retreating
318,2020-2025,-2.83896471553642,retreating
319,2020-2025,-3.4355204759028495,retreating
320,2020-2025,-1.8552356716772185,retreating
321,2020-2025,-1.4038986663781123,retreating
322,2020-2025,-1.3513951447021042,retreating
323,2020-2025,-0.3922286593530224,stable
324,2020-2025,-1.3252804143830559,retreating
325,2020-2025,-1.0794567339505363,retreating
326,2020-2025,-0.8363784201769496,retreating
327,2020-2025,-0.3525174681749475,stable
328,2020-2025,-1.2642237073303622,retreating
329,2020-2025,-0.7455377382428632,retreating
330,2020-2025,0.27172944543046307,stable
331,2020-2025,-0.5005807266154558,retreating
332,2020-2025,-1.2621173784361175,retreating
333,2020-2025,-0.25962038452491576,stable
334,2020-2025,-0.19757176063768844,stable
335,2020-2025,0.07661610683736428,stable
336,2020-2025,-0.9730332412120588,retreating
337,2020-2025,-0.9414472630713719,retreating
338,2020-2025,1.5015613405595503,advancing
339,2020-2025,1.6120700383240674,advancing
340,2020-2025,0.0426601146685201,stable
341,2020-2025,-0.47823127975261315,stable
342,2020-2025,1.0101067304646647,advancing
343,2020-2025,0.11407144291215951,stable
344,2020-2025,1.3057474240249582,advancing
345,2020-2025,1.93189744727189,advancing
346,2020-2025,0.11141880588656061,stable
347,2020-2025,1.0254514696808648,advancing
348,2020-2025,0.5910235490300242,advancing
349,2020-2025,0.7782149638308167,advancing
350,2020-2025,-0.8236124773933099,retreating
351,2020-2025,0.9204515175971334,advancing
352,2020-2025,0.12579600316550896,stable
353,2020-2025,2.5512709768063053,advancing
354,2020-2025,0.846682769121624,advancing
355,2020-2025,-1.1213688217589275,retreating
356,2020-2025,0.36349962466797375,stable
357,2020-2025,3.259095877248157,advancing
358,2020-2025,4.496694139547129,advancing
359,2020-2025,2.999510607074898,advancing
360,2020-2025,-0.4441155062361309,stable
361,2020-2025,0.9953546229097012,advancing
362,2020-2025,3.8936792288956026,advancing
363,2020-2025,-0.4103748859349965,stable
364,2020-2025,0.45385203494732584,stable
365,2020-2025,0.610154666647094,advancing
366,2020-2025,0.9497488372163759,advancing
367,2020-2025,0.8453788585805866,advancing
368,2020-2025,0.3204832764249728,stable
369,2020-2025,0.5773166626828243,advancing
370,2020-2025,0.9740792345858973,advancing
371,2020-2025,0.3583470741320197,stable
372,2020-2025,0.3207223328873133,stable
373,2020-2025,0.9216565084294878,advancing
374,2020-2025,0.5356768248480352,advancing
375,2020-2025,0.9681104633923199,advancing
376,2020-2025,1.9147321349419375,advancing
377,2020-2025,3.4034153496122634,advancing
378,2020-2025,1.4613721856887065,advancing
379,2020-2025,0.5717415124887505,advancing
380,2020-2025,0.05970594791344942,stable
381,2020-2025,-0.7674600920487321,retreating
382,2020-2025,-1.09324562028524,retreating
383,2020-2025,-1.5421861517771367,retreating
384,2020-2025,-1.286807783883197,retreating
385,2020-2025,0.9477618663860843,advancing
386,2020-2025,0.42415531590590233,stable
387,2020-2025,-0.14501545277613162,stable
388,2020-2025,-0.15769219054545713,stable
389,2020-2025,-0.9930129843344171,retreating
390,2020-2025,0.11343611082516894,stable
391,2020-2025,2.7779659561630448,advancing
392,2020-2025,-0.4524199234782879,stable
393,2020-2025,-0.5820189428203344,retreating
394,2020-2025,-1.6821909869136284,retreating
395,2020-2025,0.7121437938383957,advancing
396,2020-2025,5.238092933340601,advancing
397,2020-2025,3.507837242894761,advancing
398,2020-2025,2.0885260585464502,advancing
399,2020-2025,2.4423042109166238,advancing
400,2020-2025,3.4840770263424634,advancing
401,2020-2025,2.5170119612054025,advancing
402,2020-2025,2.4806473775085793,advancing
403,2020-2025,3.9101001639536737,advancing
404,2020-2025,4.8271707506546475,advancing
405,2020-2025,11.065699929456908,advancing
406,2020-2025,11.560710052283172,advancing
407,2020-2025,1.0625721587765864,advancing
408,2020-2025,1.8573127019177618,advancing
409,2020-2025,1.9214836824284243,advancing
410,2020-2025,4.7151515647885365,advancing
411,2020-2025,4.5464840823990045,advancing
412,2020-2025,2.0160334860810534,advancing
413,2020-2025,1.3934339627309915,advancing
414,2020-2025,1.5914057082594817,advancing
415,2020-2025,1.4610635372640675,advancing
416,2020-2025,0.5185851973931547,advancing
417,2020-2025,2.2577268182778445,advancing
418,2020-2025,-1.1700767290163516,retreating
419,2020-2025,-0.6900012103960572,retreating
420,2020-2025,0.18012863229561957,stable
421,2020-2025,2.4351533367004476,advancing
422,2020-2025,1.2040136339981653,advancing
423,2020-2025,1.6265587829914936,advancing
424,2020-2025,1.8813345993015227,advancing
425,2020-2025,2.73773452322203,advancing
426,2020-2025,1.4834651477823888,advancing
427,2020-2025,-0.3370695539067285,stable
428,2020-2025,1.9860599421693033,advancing
429,2020-2025,2.5842686923986284,advancing
430,2020-2025,3.470041343226055,advancing
431,2020-2025,2.356298623845677,advancing
432,2020-2025,-0.17661944939556704,stable
433,2020-2025,1.588877583892993,advancing
434,2020-2025,6.717210919209036,advancing
435,2020-2025,6.976609335743884,advancing
436,2020-2025,1.3098775869072372,advancing
437,2020-2025,-0.9930503337106434,retreating
438,2020-2025,0.903242838541669,advancing
439,2020-2025,0.15777370678270733,stable
440,2020-2025,1.7247707392542224,advancing
441,2020-2025,0.013835522287733595,stable
442,2020-2025,0.17044744999038855,stable
443,2020-2025,-0.294053313086601,stable
444,2020-2025,2.252956567371047,advancing
445,2020-2025,2.0882100332012974,advancing
446,2020-2025,1.554418770944561,advancing
447,2020-2025,1.0546973654922047,advancing
448,2020-2025,0.857292212427309,advancing
449,2020-2025,3.200581098317987,advancing
450,2020-2025,3.948319390648685,advancing
451,2020-2025,4.4134252951518445,advancing
452,2020-2025,0.7370888959932431,advancing
453,2020-2025,0.5875705971191106,advancing
454,2020-2025,-0.4149480440686093,stable
455,2020-2025,1.7198589823888768,advancing
456,2020-2025,2.424235073029136,advancing
457,2020-2025,-0.677659280505806,retreating
458,2020-2025,0.42124850696519067,stable
459,2020-2025,7.516154715486609,advancing
460,2020-2025,1.0149723465987601,advancing
461,2020-2025,4.31500130228528,advancing
462,2020-2025,0.5346699803646824,advancing
463,2020-2025,1.539686691160445,advancing
464,2020-2025,0.8221496150153699,advancing
465,2020-2025,0.7982797304911134,advancing
466,2020-2025,2.602420732900616,advancing
467,2020-2025,0.6054628613276272,advancing
468,2020-2025,1.722417682761092,advancing
469,2020-2025,-1.3939687867552852,retreating
470,2020-2025,4.811736885590358,advancing
471,2020-2025,12.108475815597508,advancing
472,2020-2025,-1.4850763603079322,retreating
473,2020-2025,-0.9485568070336599,retreating
474,2020-2025,3.5389659136586755,advancing
475,2020-2025,3.45386694630825,advancing
476,2020-2025,2.5294343798235635,advancing
477,2020-2025,2.175040188436573,advancing
478,2020-2025,3.810460957345727,advancing
479,2020-2025,8.369858194789666,advancing
480,2020-2025,3.465698097703247,advancing
481,2020-2025,2.973218551989664,advancing
482,2020-2025,2.4258965604590097,advancing
483,2020-2025,-1.3136893825222709,retreating
484,2020-2025,6.436150553124695,advancing
485,2020-2025,3.9201546066014576,advancing
486,2020-2025,9.624559743806923,advancing
487,2020-2025,7.404734144912116,advancing
488,2020-2025,5.228437590713717,advancing
489,2020-2025,1.7337988952303098,advancing
490,2020-2025,12.703749964291386,advancing
491,2020-2025,3.2375360843859733,advancing
492,2020-2025,1.1204629083249134,advancing
493,2020-2025,1.7216513783318612,advancing
494,2020-2025,0.7851094395329062,advancing
495,2020-2025,2.2284783575376417,advancing
496,2020-2025,0.8498829840410023,advancing
497,2020-2025,-0.690269872481764,retreating
498,2020-2025,1.7300804142900261,advancing
499,2020-2025,6.193989088982773,advancing
500,2020-2025,1.0050877807973557,advancing
501,2020-2025,-0.2620639665993458,stable
502,2020-2025,-0.17909327881213002,stable
503,2020-2025,-0.41563476530582355,stable
504,2020-2025,-0.11562724658375659,stable
505,2020-2025,1.8158674384511975,advancing
506,2020-2025,1.3881615519486703,advancing
507,2020-2025,5.632809409799803,advancing
508,2020-2025,0.5596483717985392,advancing
509,2020-2025,0.347570301080303,stable
510,2020-2025,0.9317179007528831,advancing
511,2020-2025,1.9526349111420518,advancing
512,2020-2025,2.5541367124756356,advancing
513,2020-2025,7.441156397626575,advancing
514,2020-2025,5.776589456389025,advancing
618,2020-2025,-0.44897912519519845,stable
619,2020-2025,-0.47542342350650735,stable
620,2020-2025,0.3291425298747992,stable
621,2020-2025,-0.09818666748755817,stable
622,2020-2025,0.12310199972859673,stable
623,2020-2025,-0.4631914042719108,stable
624,2020-2025,0.9051698414164286,advancing
625,2020-2025,0.09838295639150951,stable
626,2020-2025,-0.04818735655912587,stable
627,2020-2025,0.005129443095336002,stable
628,2020-2025,0.13528185448578756,stable
629,2020-2025,-1.5096442490691302,retreating
630,2020-2025,-0.05754707982512852,stable
631,2020-2025,0.6640048697955054,advancing
632,2020-2025,-0.5939208807416803,retreating
633,2020-2025,-1.5979836465384802,retreating
634,2020-2025,-0.0697522892756834,stable
635,2020-2025,-0.39701645801851165,stable
636,2020-2025,-0.539792679268722,retreating
637,2020-2025,-0.4099214708402213,stable
638,2020-2025,0.4417408782561908,stable
639,2020-2025,-0.5513944394971833,retreating
640,2020-2025,0.45967929610778946,stable
641,2020-2025,0.41539042439162527,stable
642,2020-2025,1.1114848459957567,advancing
643,2020-2025,1.8209470860003587,advancing
644,2020-2025,0.8869461428420458,advancing
645,2020-2025,1.0351935328524298,advancing
646,2020-2025,0.31317765056682667,stable
647,2020-2025,1.2042899449484927,advancing
648,2020-2025,0.3548022931204433,stable
649,2020-2025,-0.21630455036035218,stable
650,2020-2025,0.822180216540374,advancing
651,2020-2025,0.5184776083203556,advancing
652,2020-2025,0.4823744982013501,stable
653,2020-2025,0.6832702963788109,advancing
654,2020-2025,1.0704355113863881,advancing
655,2020-2025,0.6960293532241908,advancing
656,2020-2025,-0.03493321988664422,stable
657,2020-2025,0.22059444588211682,stable
658,2020-2025,-0.6083117878211927,retreating
659,2020-2025,-1.1776759766056717,retreating
660,2020-2025,-1.3783135014476762,retreating
661,2020-2025,-0.24427271889857338,stable
662,2020-2025,-0.11354677276718794,stable
663,2020-2025,-0.11120395340196806,stable
664,2020-2025,-0.09776521693250798,stable
665,2020-2025,-0.2227303148056509,stable
666,2020-2025,-0.43936292698989404,stable
667,2020-2025,-0.1945398476260538,stable
668,2020-2025,-0.6583244756926104,retreating
669,2020-2025,-2.6195430884000386,retreating
670,2020-2025,-2.0705192138975472,retreating
671,2020-2025,-4.839245151247425,retreating
672,2020-2025,6.538133513287614,advancing
673,2020-2025,1.0248356063898474,advancing
674,2020-2025,2.4293333275639926,advancing
675,2020-2025,2.434358261059522,advancing
676,2020-2025,1.8883079633627535,advancing
677,2020-2025,1.3409600600433482,advancing
678,2020-2025,-0.47760911042686127,stable
679,2020-2025,-1.1526095607354938,retreating
680,2020-2025,-4.439611667494625,retreating
681,2020-2025,-1.853077428174203,retreating
682,2020-2025,-6.591888109638786,retreating
683,2020-2025,-2.9680957038421214,retreating
684,2020-2025,-3.0020734866566032,retreating
685,2020-2025,-4.568893839153121,retreating
686,2020-2025,-2.3584637056022677,retreating
687,2020-2025,-2.237334496936343,retreating
688,2020-2025,-5.286243128792774,retreating
689,2020-2025,-0.7085531596825234,retreating
690,2020-2025,-0.6294142835436232,retreating
691,2020-2025,0.07247348904867008,stable
692,2020-2025,-0.8445239335335053,retreating
693,2020-2025,-1.4052722264486635,retreating
694,2020-2025,-0.7561974686934931,retreating
695,2020-2025,-2.355149082499107,retreating
696,2020-2025,-2.2283662033669787,retreating
697,2020-2025,-1.5601369411632628,retreating
698,2020-2025,-0.49086222587869605,stable
699,2020-2025,-1.0207274202700503,retreating
700,2020-2025,0.23840809767069993,stable
701,2020-2025,-0.14889216436929448,stable
702,2020-2025,-1.1520768683269487,retreating
703,2020-2025,-0.18650469710874373,stable
704,2020-2025,-0.5774733574219612,retreating
705,2020-2025,-1.5232303204183693,retreating
706,2020-2025,-0.20734886576503567,stable
707,2020-2025,-1.1780486527933853,retreating
708,2020-2025,0.10162597439226023,stable
709,2020-2025,0.12002011224766757,stable
710,2020-2025,-0.33497012389158864,stable
711,2020-2025,-1.079473219242713,retreating
712,2020-2025,-1.5466173701977757,retreating
713,2020-2025,-0.5398897119184478,retreating
714,2020-2025,-0.06722489716746258,stable
715,2020-2025,-0.16069698461289275,stable
716,2020-2025,-1.565052117598972,retreating
717,2020-2025,-0.5559581082484923,retreating
718,2020-2025,-1.1713820563349964,retreating
719,2020-2025,-2.0058764626052854,retreating
723,2020-2025,12.19625998707024,advancing
724,2020-2025,-10.73930362194954,retreating
725,2020-2025,8.866644657224267,advancing
727,2020-2025,11.723660377822151,advancing
745,2020-2025,0.2880150495838467,stable
746,2020-2025,6.995007119498073,advancing
747,2020-2025,7.5870121046027155,advancing
748,2020-2025,-0.5147936495647747,retreating
749,2020-2025,13.31910088056696,advancing
750,2020-2025,4.579763912661694,advancing
751,2020-2025,3.1901292853103107,advancing
752,2020-2025,2.731685937387035,advancing
753,2020-2025,0.7539748983867304,advancing
754,2020-2025,0.2704043637903634,stable
755,2020-2025,0.21925802279210083,stable
756,2020-2025,0.5842803746339896,advancing
757,2020-2025,7.292278510904256,advancing
758,2020-2025,4.88137241540531,advancing
759,2020-2025,4.768167417981102,advancing
760,2020-2025,8.810120664235555,advancing
761,2020-2025,0.5484272809402877,advancing
762,2020-2025,8.805493425220952,advancing
763,2020-2025,5.0982461843512095,advancing
764,2020-2025,0.7656865489466904,advancing
765,2020-2025,3.360192842596878,advancing
766,2020-2025,0.43144282862369554,stable
767,2020-2025,0.8009648412219501,advancing
768,2020-2025,0.44747248667159556,stable
769,2020-2025,-6.796824338965133,retreating
770,2020-2025,5.47449912803534,advancing
771,2020-2025,12.085641938416938,advancing
772,2020-2025,9.035812026127896,advancing
773,2020-2025,9.355117490401065,advancing
774,2020-2025,3.831939423246684,advancing
775,2020-2025,-5.051844825587592,retreating
776,2020-2025,0.7079717663902488,advancing
777,2020-2025,-1.4583023356421008,retreating
778,2020-2025,11.463839998742355,advancing
779,2020-2025,13.409013734336067,advancing
784,2020-2025,9.606892292588594,advancing
785,2020-2025,9.18626840032222,advancing
786,2020-2025,12.900144526491141,advancing
789,2020-2025,14.935006941332585,advancing
799,2020-2025,10.031395579287896,advancing
806,2020-2025,6.69629255962967,advancing
811,2020-2025,14.893865257248791,advancing
816,2020-2025,12.58343199183437,advancing
817,2020-2025,2.289445820191675,advancing
818,2020-2025,5.352075297287194,advancing
819,2020-2025,3.776040788712659,advancing
820,2020-2025,1.1677502482048854,advancing
821,2020-2025,10.887993203801802,advancing
822,2020-2025,6.863678301573043,advancing
823,2020-2025,5.7650017543937775,advancing
824,2020-2025,1.5927402698676476,advancing
825,2020-2025,3.1743171888203645,advancing
826,2020-2025,2.847051640975046,advancing
827,2020-2025,-0.5893857041378493,retreating
828,2020-2025,-1.951139228424589,retreating
829,2020-2025,0.8970352505684828,advancing
830,2020-2025,-1.8526767135024669,retreating
831,2020-2025,1.3431983313957454,advancing
832,2020-2025,0.05242346170464314,stable
833,2020-2025,3.3162226215383495,advancing
834,2020-2025,0.44270006176127574,stable
835,2020-2025,0.7322176332182255,advancing
836,2020-2025,1.1665281289400256,advancing
837,2020-2025,0.007627782485984827,stable
838,2020-2025,0.5897397988448672,advancing
839,2020-2025,0.4674081426629459,stable
840,2020-2025,1.4159002168846775,advancing
843,2020-2025,-12.069317061387723,retreating
844,2020-2025,-12.402559500417121,retreating
845,2020-2025,-6.418415257701904,retreating
846,2020-2025,0.08831549366119545,stable
847,2020-2025,-2.9435655424465255,retreating
848,2020-2025,-1.6788699169379202,retreating
849,2020-2025,-4.71281918140686,retreating
850,2020-2025,2.525693233148933,advancing
851,2020-2025,-4.189065141729101,retreating
852,2020-2025,-2.2002816354865997,retreating
853,2020-2025,-3.0845249389772174,retreating
854,2020-2025,0.011149930917520035,stable
855,2020-2025,-0.18237041040759477,stable
856,2020-2025,-1.1802876779155103,retreating
857,2020-2025,0.6152952502309113,advancing
858,2020-2025,4.277136751807271,advancing
859,2020-2025,3.6884703619200496,advancing
860,2020-2025,2.742547723694874,advancing
861,2020-2025,0.8819498682882996,advancing
862,2020-2025,3.0311326214219285,advancing
863,2020-2025,1.9630652180750485,advancing
864,2020-2025,5.012493231086976,advancing
865,2020-2025,5.344693697589534,advancing
866,2020-2025,6.512900959157634,advancing
867,2020-2025,5.612207237590566,advancing
868,2020-2025,5.720334940455843,advancing
869,2020-2025,5.398181558750739,advancing
870,2020-2025,5.507351271964403,advancing
871,2020-2025,6.817573661782883,advancing
872,2020-2025,5.640410216160014,advancing
873,2020-2025,3.965828492067275,advancing
874,2020-2025,5.939968309456804,advancing
875,2020-2025,4.333253782426933,advancing
876,2020-2025,3.1715416908741347,advancing
877,2020-2025,2.7395953183261805,advancing
878,2020-2025,3.166891630899465,advancing
879,2020-2025,3.737229481926103,advancing
880,2020-2025,3.946247043214158,advancing
881,2020-2025,4.724117027901708,advancing
882,2020-2025,3.9660412912806104,advancing
883,2020-2025,3.8228436694501693,advancing
884,2020-2025,3.0390316239736466,advancing
885,2020-2025,2.6080384956728735,advancing
886,2020-2025,1.2554898120173017,advancing
887,2020-2025,2.138897221560738,advancing
888,2020-2025,0.7045046477470054,advancing
889,2020-2025,1.8410486811026676,advancing
890,2020-2025,1.9284624614955455,advancing
891,2020-2025,1.9844865065038384,advancing
892,2020-2025,2.393532648105744,advancing
893,2020-2025,1.5356989226843678,advancing
894,2020-2025,3.5887867470637653,advancing
895,2020-2025,2.3972381955500177,advancing
896,2020-2025,2.5227570841437377,advancing
897,2020-2025,2.150805346677975,advancing
898,2020-2025,1.6380324651189058,advancing
899,2020-2025,1.6148522412613484,advancing
900,2020-2025,2.0855084622987836,advancing
901,2020-2025,1.6944548427570068,advancing
902,2020-2025,1.2026601551618725,advancing
903,2020-2025,1.892900201617143,advancing
904,2020-2025,1.9255230827392023,advancing
905,2020-2025,1.9307054900387721,advancing
906,2020-2025,4.46584594445747,advancing
907,2020-2025,0.6422944944650939,advancing
908,2020-2025,0.7599507656096068,advancing
909,2020-2025,0.7601156891253383,advancing
910,2020-2025,0.7208209543569827,advancing
911,2020-2025,0.11222852680493849,stable
912,2020-2025,0.010469720978073312,stable
913,2020-2025,0.7386651310456636,advancing
914,2020-2025,0.3267320315074429,stable
915,2020-2025,0.8743413330842283,advancing
916,2020-2025,0.6250478286499849,advancing
917,2020-2025,1.0303001291330027,advancing
918,2020-2025,1.218858444703976,advancing
919,2020-2025,0.5413437441150297,advancing
920,2020-2025,0.9351856632458853,advancing
921,2020-2025,0.1589182198584548,stable
922,2020-2025,0.8743669666253973,advancing
923,2020-2025,0.5364076008476759,advancing
924,2020-2025,1.0573362477017643,advancing
925,2020-2025,-0.24617470738235644,stable
926,2020-2025,0.7025861618703813,advancing
927,2020-2025,1.6035514837882987,advancing
928,2020-2025,0.8920985316169581,advancing
929,2020-2025,1.2656511704065678,advancing
930,2020-2025,2.0622643316020826,advancing
931,2020-2025,4.179978118820236,advancing
932,2020-2025,2.694394965929824,advancing
933,2020-2025,1.5822334478286455,advancing
934,2020-2025,1.0064023877781552,advancing
935,2020-2025,-0.5583876788140353,retreating
936,2020-2025,-2.722656388794163,retreating
937,2020-2025,-0.444067061397292,stable
938,2020-2025,0.38289307048230536,stable
939,2020-2025,-0.743111675501712,retreating
940,2020-2025,-3.7520889503194628,retreating
941,2020-2025,-3.150670833459966,retreating
942,2020-2025,-4.173364883382293,retreating
943,2020-2025,-1.2376973168772325,retreating
944,2020-2025,-0.05406453053327458,stable
945,2020-2025,0.7876185887382436,advancing
946,2020-2025,0.14067490793868928,stable
947,2020-2025,-0.1265317802213294,stable
948,2020-2025,0.7458409058891815,advancing
949,2020-2025,0.5360818691005185,advancing
950,2020-2025,-0.09056838166168604,stable
951,2020-2025,-0.3140054591293787,stable
952,2020-2025,0.03321204563142045,stable
953,2020-2025,0.10914934007329424,stable
954,2020-2025,0.33001868919428495,stable
955,2020-2025,0.5300148926687388,advancing
956,2020-2025,0.752167583050573,advancing
957,2020-2025,0.35581614122680827,stable
958,2020-2025,0.18549974699331087,stable
959,2020-2025,0.43984680937613,stable
960,2020-2025,0.5192119738975556,advancing
961,2020-2025,0.3864690114281614,stable
